logon,{00000001BEEF-1E104EF6},2010-03-10 06:33:19,JDE8246,PC-0052,Logon
logon,{00000001C1E1-3E09304A},2010-03-10 07:24:19,JDE8246,PC-0052,Logoff
logon,{00000001BEF2-1BD2F717},2010-03-11 19:11:41,JDE8246,PC-0052,Logon
logon,{00000001C1E4-2D41FDBF},2010-03-11 20:01:41,JDE8246,PC-0052,Logoff
logon,{00000001BEF0-22424665},2010-03-11 20:18:28,JDE8246,PC-0052,Logon
logon,{00000001BEF1-2CB8D89C},2010-03-11 22:19:02,JDE8246,PC-0052,Logon
logon,{00000001C1E2-01983155},2010-03-11 22:33:28,JDE8246,PC-0052,Logoff
logon,{00000001C1E3-2012ED88},2010-03-12 01:40:02,JDE8246,PC-0052,Logoff
logon,{00000001BEF3-1C1E0AA8},2010-03-15 18:22:31,JDE8246,PC-0052,Logon
logon,{00000001C1E5-3C1DF1D2},2010-03-15 22:10:31,JDE8246,PC-0052,Logoff
logon,{00000001BEF4-316BE5C5},2010-03-15 23:49:47,JDE8246,PC-0052,Logon
logon,{00000001C1E6-09382A3C},2010-03-16 01:12:47,JDE8246,PC-0052,Logoff
logon,{00000001BEF5-26DD6FC7},2010-03-16 19:45:26,JDE8246,PC-0052,Logon
logon,{00000001C1E7-05588EA8},2010-03-16 21:58:26,JDE8246,PC-0052,Logoff
logon,{00000001BEF7-2A22D362},2010-03-17 20:17:03,JDE8246,PC-0052,Logon
logon,{00000001BEF6-1AE78489},2010-03-17 21:21:18,JDE8246,PC-0035,Logon
logon,{00000001C1E9-26C9A440},2010-03-18 00:04:03,JDE8246,PC-0052,Logoff
logon,{00000001C1E8-0BE393E2},2010-03-18 00:11:18,JDE8246,PC-0052,Logoff
logon,{00000001BEF8-35176014},2010-03-19 19:12:30,JDE8246,PC-0052,Logon
logon,{00000001C1EA-3AEF5FC7},2010-03-19 22:54:30,JDE8246,PC-0052,Logoff
device,{00000001EFB2-2BAFC901},2010-03-10 11:56:48,JDE8246,PC-0052,Connect
device,{00000001F13C-09D3BC0A},2010-03-10 13:15:48,JDE8246,PC-0052,Disconnect
device,{00000001EFB0-25996327},2010-03-10 15:09:33,JDE8246,PC-0052,Connect
device,{00000001F13A-30790783},2010-03-10 15:35:33,JDE8246,PC-0052,Disconnect
device,{00000001EFB1-1FC06910},2010-03-10 15:49:47,JDE8246,PC-0052,Connect
device,{00000001F13B-0F733DFE},2010-03-10 16:49:47,JDE8246,PC-0052,Disconnect
device,{00000001EFB3-2BCFF78E},2010-03-11 12:09:11,JDE8246,PC-0052,Connect
device,{00000001F13D-09B583C9},2010-03-11 12:48:11,JDE8246,PC-0052,Disconnect
device,{00000001EFB4-2B576452},2010-03-12 16:28:51,JDE8246,PC-0052,Connect
device,{00000001F13E-361A29C1},2010-03-12 17:44:51,JDE8246,PC-0052,Disconnect
device,{00000001EFB5-2468B35B},2010-03-15 12:33:16,JDE8246,PC-0052,Connect
device,{00000001F13F-2A411F60},2010-03-15 12:55:16,JDE8246,PC-0052,Disconnect
device,{00000001EFB7-1A4B1AC6},2010-03-15 14:22:50,JDE8246,PC-0052,Connect
device,{00000001F141-1A759D44},2010-03-15 15:34:50,JDE8246,PC-0052,Disconnect
device,{00000001EFB6-0C99E210},2010-03-15 17:05:08,JDE8246,PC-0052,Connect
device,{00000001F140-0DB5BE8E},2010-03-15 17:53:08,JDE8246,PC-0052,Disconnect
device,{00000001EFB8-1EA1C425},2010-03-16 14:36:49,JDE8246,PC-0052,Connect
device,{00000001F142-1AAFE0FA},2010-03-16 15:17:49,JDE8246,PC-0052,Disconnect
device,{00000001EFB9-17DA9B95},2010-03-16 17:34:48,JDE8246,PC-0052,Connect
device,{00000001F143-1FE4936B},2010-03-16 18:26:48,JDE8246,PC-0052,Disconnect
device,{00000001EFBA-090A7253},2010-03-17 10:15:09,JDE8246,PC-0052,Connect
device,{00000001F144-0F33AAF4},2010-03-17 10:30:09,JDE8246,PC-0052,Disconnect
device,{00000001EFBF-1BE7FE9D},2010-03-17 12:12:29,JDE8246,PC-0052,Connect
device,{00000001EFBD-2609484D},2010-03-17 12:16:33,JDE8246,PC-0052,Connect
device,{00000001F149-3924BF19},2010-03-17 12:40:29,JDE8246,PC-0052,Disconnect
device,{00000001F147-2FF4540D},2010-03-17 12:59:33,JDE8246,PC-0052,Disconnect
device,{00000001EFBB-032F1713},2010-03-17 15:42:55,JDE8246,PC-0052,Connect
device,{00000001F145-378C66FD},2010-03-17 16:07:55,JDE8246,PC-0052,Disconnect
device,{00000001EFBE-28D1215D},2010-03-17 16:12:38,JDE8246,PC-0052,Connect
device,{00000001EFC0-277D43B9},2010-03-17 16:35:49,JDE8246,PC-0052,Connect
device,{00000001EFBC-07B68C3B},2010-03-17 17:18:24,JDE8246,PC-0052,Connect
device,{00000001F148-18C6A196},2010-03-17 17:35:38,JDE8246,PC-0052,Disconnect
device,{00000001F14A-266D00FF},2010-03-17 17:41:49,JDE8246,PC-0052,Disconnect
device,{00000001F146-39BF64C7},2010-03-17 18:24:24,JDE8246,PC-0052,Disconnect
device,{00000001EFC1-2FBCBD16},2010-03-18 08:26:06,JDE8246,PC-0052,Connect
device,{00000001F14B-1CF8325F},2010-03-18 08:49:06,JDE8246,PC-0052,Disconnect
device,{00000001EFC2-3E2B6621},2010-03-18 12:13:07,JDE8246,PC-0052,Connect
device,{00000001F14C-2BFFC6E2},2010-03-18 13:09:07,JDE8246,PC-0052,Disconnect
device,{00000001EFC3-3C963136},2010-03-19 11:05:17,JDE8246,PC-0052,Connect
device,{00000001F14D-1DCC2D83},2010-03-19 11:22:17,JDE8246,PC-0052,Disconnect
device,{00000001EFC4-1B57210E},2010-03-19 11:50:08,JDE8246,PC-0052,Connect
device,{00000001F14E-2B9371FF},2010-03-19 12:53:08,JDE8246,PC-0052,Disconnect
device,{00000001EFC7-014236C9},2010-03-22 13:35:51,JDE8246,PC-0052,Connect
device,{00000001F151-0965D7FA},2010-03-22 13:49:51,JDE8246,PC-0052,Disconnect
device,{00000001EFC5-01A58F11},2010-03-22 15:45:03,JDE8246,PC-0052,Connect
device,{00000001F14F-05E26EF5},2010-03-22 17:12:03,JDE8246,PC-0052,Disconnect
device,{00000001EFC6-15D8D684},2010-03-22 17:20:09,JDE8246,PC-0052,Connect
device,{00000001F150-34F4C290},2010-03-22 17:23:09,JDE8246,PC-0052,Disconnect
file,{00000002CB86-264C4903},2010-03-10 07:00:25,JDE8246,PC-0052,56B16C.zip,D0-CF-11-E0
file,{00000002CB83-20E53421},2010-03-10 07:02:57,JDE8246,PC-0052,D13515.pdf,D0-CF-11-E0
file,{00000002CB87-3C1EDC61},2010-03-10 08:08:46,JDE8246,PC-0052,442601.pdf,D0-CF-11-E0
file,{00000002CB8F-1BE911E0},2010-03-10 08:16:26,JDE8246,PC-0052,174C09.pdf,D0-CF-11-E0
file,{00000002CB8E-0A9D27A0},2010-03-10 08:24:08,JDE8246,PC-0052,24FD9F.png,D0-CF-11-E0
file,{00000002CB99-163B2431},2010-03-10 09:02:15,JDE8246,PC-0052,F6559C.pdf,D0-CF-11-E0
file,{00000002CB93-3EC0122F},2010-03-10 09:15:32,JDE8246,PC-0052,C4E6D7.doc,D0-CF-11-E0
file,{00000002CB82-25AB892C},2010-03-10 10:08:30,JDE8246,PC-0052,C34482.zip,D0-CF-11-E0
file,{00000002CB91-075DAFF2},2010-03-10 10:54:43,JDE8246,PC-0052,281D57.doc,D0-CF-11-E0
file,{00000002CB95-09A072CE},2010-03-10 11:36:59,JDE8246,PC-0052,ED8170.zip,D0-CF-11-E0
file,{00000002CB89-2C0303F6},2010-03-10 11:56:06,JDE8246,PC-0052,CCB44E.pdf,D0-CF-11-E0
file,{00000002CB8A-12D986B3},2010-03-10 12:27:27,JDE8246,PC-0052,5AED1F.zip,D0-CF-11-E0
file,{00000002CB92-367E1FA8},2010-03-10 12:52:41,JDE8246,PC-0052,6ED831.doc,D0-CF-11-E0
file,{00000002CB85-0A690D1B},2010-03-10 12:57:26,JDE8246,PC-0052,A9A368.txt,D0-CF-11-E0
file,{00000002CB88-1E6DC1FF},2010-03-10 13:20:36,JDE8246,PC-0052,B3433C.pdf,D0-CF-11-E0
file,{00000002CB94-2B478273},2010-03-10 13:26:59,JDE8246,PC-0052,C5099B.doc,D0-CF-11-E0
file,{00000002CB96-1256576D},2010-03-10 14:20:44,JDE8246,PC-0052,2B557D.doc,D0-CF-11-E0
file,{00000002CB98-10FFBA6A},2010-03-10 14:41:46,JDE8246,PC-0052,B0888C.doc,D0-CF-11-E0
file,{00000002CB84-30EDDE52},2010-03-10 15:37:22,JDE8246,PC-0052,471614.pdf,D0-CF-11-E0
file,{00000002CB97-0D5717C0},2010-03-10 16:15:27,JDE8246,PC-0052,727975.zip,D0-CF-11-E0
file,{00000002CB9A-1C1DD59E},2010-03-10 16:58:20,JDE8246,PC-0052,53EC37.zip,D0-CF-11-E0
file,{00000002CB8C-3131EDAA},2010-03-10 17:26:09,JDE8246,PC-0052,D9734D.pdf,D0-CF-11-E0
file,{00000002CB8B-22942141},2010-03-10 17:37:30,JDE8246,PC-0052,1E50E8.zip,D0-CF-11-E0
file,{00000002CB8D-0DD5ED58},2010-03-10 17:41:11,JDE8246,PC-0052,3D8E93.doc,D0-CF-11-E0
file,{00000002CB90-17B7EF5E},2010-03-10 17:52:28,JDE8246,PC-0052,3EAD4D.zip,D0-CF-11-E0
file,{00000002CB9E-10898A97},2010-03-11 07:01:24,JDE8246,PC-0052,7A6D59.zip,D0-CF-11-E0
file,{00000002CBA8-38AABDED},2010-03-11 07:31:45,JDE8246,PC-0052,A88E9C.doc,D0-CF-11-E0
file,{00000002CBA2-3862955E},2010-03-11 08:03:40,JDE8246,PC-0052,2757E5.pdf,D0-CF-11-E0
file,{00000002CB9F-0F2B5E06},2010-03-11 08:42:57,JDE8246,PC-0052,039F9B.zip,D0-CF-11-E0
file,{00000002CB9C-0B4E2F6A},2010-03-11 08:43:34,JDE8246,PC-0052,07BD7F.pdf,D0-CF-11-E0
file,{00000002CBA1-1F01AEBD},2010-03-11 08:57:05,JDE8246,PC-0052,940DB0.doc,D0-CF-11-E0
file,{00000002CBAA-293AFB35},2010-03-11 10:30:19,JDE8246,PC-0052,6537A2.pdf,D0-CF-11-E0
file,{00000002CBA9-334E5997},2010-03-11 11:20:46,JDE8246,PC-0052,E5E0E7.doc,D0-CF-11-E0
file,{00000002CBA5-16824979},2010-03-11 11:52:36,JDE8246,PC-0052,E77E06.doc,D0-CF-11-E0
file,{00000002CBA3-2045DE9C},2010-03-11 12:01:52,JDE8246,PC-0052,A1E050.zip,D0-CF-11-E0
file,{00000002CB9D-1493EA7B},2010-03-11 12:22:12,JDE8246,PC-0052,DFB863.zip,D0-CF-11-E0
file,{00000002CBA7-3A9C9598},2010-03-11 12:22:58,JDE8246,PC-0052,BB5298.png,D0-CF-11-E0
file,{00000002CBA0-2351120D},2010-03-11 13:26:27,JDE8246,PC-0052,EF8CCF.doc,D0-CF-11-E0
file,{00000002CBA6-1E097668},2010-03-11 14:44:56,JDE8246,PC-0052,7A11D9.doc,D0-CF-11-E0
file,{00000002CB9B-333147CF},2010-03-11 14:54:41,JDE8246,PC-0052,2DF05E.pdf,D0-CF-11-E0
file,{00000002CBA4-352245C5},2010-03-11 17:31:35,JDE8246,PC-0052,76EA62.pdf,D0-CF-11-E0
file,{00000002CBB9-27E57C00},2010-03-12 08:22:51,JDE8246,PC-0052,40E59C.doc,D0-CF-11-E0
file,{00000002CBAD-019BAF59},2010-03-12 08:36:34,JDE8246,PC-0052,5407D1.pdf,D0-CF-11-E0
file,{00000002CBB1-15EC1844},2010-03-12 09:16:52,JDE8246,PC-0052,7B14D3.pdf,D0-CF-11-E0
file,{00000002CBBC-1F0C6382},2010-03-12 09:35:28,JDE8246,PC-0052,CB4321.zip,D0-CF-11-E0
file,{00000002CBAF-3261986B},2010-03-12 10:29:41,JDE8246,PC-0052,D9FA9D.doc,D0-CF-11-E0
file,{00000002CBB0-0ADC443F},2010-03-12 10:50:14,JDE8246,PC-0052,791251.doc,D0-CF-11-E0
file,{00000002CBB2-136C73EC},2010-03-12 10:55:15,JDE8246,PC-0052,15CBA9.zip,D0-CF-11-E0
file,{00000002CBB4-16CBF864},2010-03-12 10:58:27,JDE8246,PC-0052,2DFB0F.zip,D0-CF-11-E0
file,{00000002CBB5-084396A6},2010-03-12 11:03:26,JDE8246,PC-0052,FF1481.doc,D0-CF-11-E0
file,{00000002CBB7-141D15EF},2010-03-12 11:30:39,JDE8246,PC-0052,802FAE.pdf,D0-CF-11-E0
file,{00000002CBAC-2AD7D0C7},2010-03-12 12:02:43,JDE8246,PC-0052,054575.zip,D0-CF-11-E0
file,{00000002CBB8-27EB072A},2010-03-12 12:50:51,JDE8246,PC-0052,621AF1.zip,D0-CF-11-E0
file,{00000002CBBA-3F14DDA5},2010-03-12 13:44:01,JDE8246,PC-0052,21444A.png,D0-CF-11-E0
file,{00000002CBB6-03D1F454},2010-03-12 14:06:47,JDE8246,PC-0052,A40D49.pdf,D0-CF-11-E0
file,{00000002CBBB-198FCCDF},2010-03-12 14:11:05,JDE8246,PC-0052,58AFC3.zip,D0-CF-11-E0
file,{00000002CBB3-2040544D},2010-03-12 15:47:11,JDE8246,PC-0052,CEB855.zip,D0-CF-11-E0
file,{00000002CBAB-2CB5D4D4},2010-03-12 16:13:02,JDE8246,PC-0052,27C6B0.doc,D0-CF-11-E0
file,{00000002CBAE-3A801DD9},2010-03-12 16:35:20,JDE8246,PC-0052,27F175.pdf,D0-CF-11-E0
file,{00000002CBC3-129C8BF2},2010-03-15 07:45:08,JDE8246,PC-0052,17B41D.zip,D0-CF-11-E0
file,{00000002CBC7-3C159D90},2010-03-15 08:43:13,JDE8246,PC-0052,01F393.doc,D0-CF-11-E0
file,{00000002CBBD-10D30599},2010-03-15 08:44:24,JDE8246,PC-0052,6B1529.zip,D0-CF-11-E0
file,{00000002CBC0-3012926D},2010-03-15 11:26:03,JDE8246,PC-0052,5BEE33.doc,D0-CF-11-E0
file,{00000002CBC2-26936231},2010-03-15 11:45:26,JDE8246,PC-0052,9A1D0B.pdf,D0-CF-11-E0
file,{00000002CBC8-27083CE3},2010-03-15 12:37:29,JDE8246,PC-0052,C26124.doc,D0-CF-11-E0
file,{00000002CBC9-3B0849F3},2010-03-15 13:48:11,JDE8246,PC-0052,80E8E2.zip,D0-CF-11-E0
file,{00000002CBCA-1682E0E9},2010-03-15 14:01:43,JDE8246,PC-0052,10AA16.doc,D0-CF-11-E0
file,{00000002CBC1-3271F492},2010-03-15 14:10:44,JDE8246,PC-0052,5CE69F.pdf,D0-CF-11-E0
file,{00000002CBC6-094305EC},2010-03-15 14:32:56,JDE8246,PC-0052,D66BA5.pdf,D0-CF-11-E0
file,{00000002CBBE-09A810EC},2010-03-15 14:37:39,JDE8246,PC-0052,F55909.pdf,D0-CF-11-E0
file,{00000002CBC5-34768191},2010-03-15 14:37:52,JDE8246,PC-0052,1B86ED.pdf,D0-CF-11-E0
file,{00000002CBC4-311EFBB3},2010-03-15 14:46:23,JDE8246,PC-0052,997A15.png,D0-CF-11-E0
file,{00000002CBBF-1D3EF676},2010-03-15 17:24:26,JDE8246,PC-0052,03553A.pdf,D0-CF-11-E0
file,{00000002CBD3-2219AED8},2010-03-16 07:09:47,JDE8246,PC-0052,2E9F5A.doc,D0-CF-11-E0
file,{00000002CBDD-22A3A835},2010-03-16 07:34:28,JDE8246,PC-0052,10449F.pdf,D0-CF-11-E0
file,{00000002CBDA-36CE81E3},2010-03-16 07:44:45,JDE8246,PC-0052,65261C.zip,D0-CF-11-E0
file,{00000002CBCD-16D49494},2010-03-16 08:03:32,JDE8246,PC-0052,86D582.zip,D0-CF-11-E0
file,{00000002CBD1-0BA4D5B2},2010-03-16 09:49:55,JDE8246,PC-0052,B6D9DB.pdf,D0-CF-11-E0
file,{00000002CBD5-2AF0AF37},2010-03-16 11:51:08,JDE8246,PC-0052,D90942.pdf,D0-CF-11-E0
file,{00000002CBD2-3C217C19},2010-03-16 12:04:03,JDE8246,PC-0052,2F7E08.doc,D0-CF-11-E0
file,{00000002CBD9-22DB0A02},2010-03-16 12:28:00,JDE8246,PC-0052,12DC6D.doc,D0-CF-11-E0
file,{00000002CBDB-10DA5D98},2010-03-16 12:51:11,JDE8246,PC-0052,D441C5.zip,D0-CF-11-E0
file,{00000002CBCB-070B9742},2010-03-16 13:28:23,JDE8246,PC-0052,0A5681.doc,D0-CF-11-E0
file,{00000002CBD7-15DACFED},2010-03-16 14:06:23,JDE8246,PC-0052,708A44.doc,D0-CF-11-E0
file,{00000002CBDC-0D5EAEE1},2010-03-16 14:21:27,JDE8246,PC-0052,F5D1E9.pdf,D0-CF-11-E0
file,{00000002CBCC-08EE89BA},2010-03-16 15:20:20,JDE8246,PC-0052,936464.jpg,D0-CF-11-E0
file,{00000002CBCF-03C95B54},2010-03-16 15:21:46,JDE8246,PC-0052,D22E5B.pdf,D0-CF-11-E0
file,{00000002CBD4-3B6AC4E9},2010-03-16 15:39:22,JDE8246,PC-0052,ED7292.doc,D0-CF-11-E0
file,{00000002CBE3-161335D7},2010-03-16 15:48:59,JDE8246,PC-0052,9426A2.doc,D0-CF-11-E0
file,{00000002CBD6-2EF4F804},2010-03-16 15:57:46,JDE8246,PC-0052,4618E2.zip,D0-CF-11-E0
file,{00000002CBDF-27D7C497},2010-03-16 16:02:28,JDE8246,PC-0052,DCC079.zip,D0-CF-11-E0
file,{00000002CBD0-27AA3F71},2010-03-16 16:04:16,JDE8246,PC-0052,56C7D8.zip,D0-CF-11-E0
file,{00000002CBDE-14D9BEFB},2010-03-16 16:17:18,JDE8246,PC-0052,B797CD.zip,D0-CF-11-E0
file,{00000002CBE2-2DE6518D},2010-03-16 16:22:38,JDE8246,PC-0052,560E7A.zip,D0-CF-11-E0
file,{00000002CBCE-22B03A9D},2010-03-16 16:31:36,JDE8246,PC-0052,905A08.pdf,D0-CF-11-E0
file,{00000002CBE0-0C19E0BA},2010-03-16 16:40:43,JDE8246,PC-0052,23B78E.zip,D0-CF-11-E0
file,{00000002CBE1-1532AA82},2010-03-16 16:43:57,JDE8246,PC-0052,814A84.zip,D0-CF-11-E0
file,{00000002CBD8-10A1F95E},2010-03-16 16:48:13,JDE8246,PC-0052,85113F.doc,D0-CF-11-E0
file,{00000002CBF2-09E5184B},2010-03-17 07:41:44,JDE8246,PC-0052,FCC597.zip,D0-CF-11-E0
file,{00000002CBEE-1B749E5B},2010-03-17 08:25:51,JDE8246,PC-0052,F97AE7.zip,D0-CF-11-E0
file,{00000002CBEB-226AB92C},2010-03-17 08:33:30,JDE8246,PC-0052,D09A8D.doc,D0-CF-11-E0
file,{00000002CBE9-1A84073A},2010-03-17 09:58:18,JDE8246,PC-0052,06DAD7.doc,D0-CF-11-E0
file,{00000002CBE7-16CFE4B3},2010-03-17 10:08:37,JDE8246,PC-0052,D2AB42.pdf,D0-CF-11-E0
file,{00000002CBF7-2A1912CD},2010-03-17 10:51:00,JDE8246,PC-0052,D4ACFA.zip,D0-CF-11-E0
file,{00000002CBE4-39C1BB18},2010-03-17 10:59:27,JDE8246,PC-0052,2CFD30.pdf,D0-CF-11-E0
file,{00000002CBE6-08418ED3},2010-03-17 11:30:51,JDE8246,PC-0052,5C813D.doc,D0-CF-11-E0
file,{00000002CBED-3D53FF25},2010-03-17 11:34:11,JDE8246,PC-0052,A6EF7E.pdf,D0-CF-11-E0
file,{00000002CBE5-3DF2EE1A},2010-03-17 11:40:37,JDE8246,PC-0052,0798E8.pdf,D0-CF-11-E0
file,{00000002CBF4-34E3273F},2010-03-17 11:48:09,JDE8246,PC-0052,F7FDC7.zip,D0-CF-11-E0
file,{00000002CBEF-1607E095},2010-03-17 12:36:14,JDE8246,PC-0052,841CFA.pdf,D0-CF-11-E0
file,{00000002CBF5-10E9F49D},2010-03-17 12:54:16,JDE8246,PC-0052,E8E791.zip,D0-CF-11-E0
file,{00000002CBF6-2E1A7AC5},2010-03-17 14:03:38,JDE8246,PC-0052,460A12.zip,D0-CF-11-E0
file,{00000002CBF3-113C676C},2010-03-17 14:52:22,JDE8246,PC-0052,BD794C.pdf,D0-CF-11-E0
file,{00000002CBF0-030C6CBE},2010-03-17 16:26:21,JDE8246,PC-0052,2BA532.pdf,D0-CF-11-E0
file,{00000002CBE8-3CDFA8EB},2010-03-17 16:53:45,JDE8246,PC-0052,3C2E5A.doc,D0-CF-11-E0
file,{00000002CBF1-3AD599CC},2010-03-17 17:14:28,JDE8246,PC-0052,AA6518.zip,D0-CF-11-E0
file,{00000002CBEA-2F4895D6},2010-03-17 17:26:31,JDE8246,PC-0052,355C9D.txt,D0-CF-11-E0
file,{00000002CBEC-3FD50A84},2010-03-17 17:42:24,JDE8246,PC-0052,9C759D.doc,D0-CF-11-E0
file,{00000002CC03-3DE4FE3F},2010-03-18 07:01:26,JDE8246,PC-0052,A9335D.zip,D0-CF-11-E0
file,{00000002CBFC-2BB576CB},2010-03-18 07:31:04,JDE8246,PC-0052,14CB84.zip,D0-CF-11-E0
file,{00000002CC00-2987E9F9},2010-03-18 08:35:10,JDE8246,PC-0052,9089B0.zip,D0-CF-11-E0
file,{00000002CBF8-34376B8C},2010-03-18 09:05:46,JDE8246,PC-0052,84032E.jpg,D0-CF-11-E0
file,{00000002CBFA-14268C4E},2010-03-18 10:10:30,JDE8246,PC-0052,7B357A.pdf,D0-CF-11-E0
file,{00000002CBFD-0253186F},2010-03-18 10:39:44,JDE8246,PC-0052,3D6CB5.pdf,D0-CF-11-E0
file,{00000002CBFF-09FCE2E1},2010-03-18 11:29:47,JDE8246,PC-0052,D6FF81.pdf,D0-CF-11-E0
file,{00000002CC01-365BEBDE},2010-03-18 12:02:52,JDE8246,PC-0052,18F94A.png,D0-CF-11-E0
file,{00000002CC02-2B9C8F11},2010-03-18 13:13:03,JDE8246,PC-0052,EB8E46.zip,D0-CF-11-E0
file,{00000002CBFB-2975256C},2010-03-18 16:34:24,JDE8246,PC-0052,EA7DB9.pdf,D0-CF-11-E0
file,{00000002CBF9-088986FF},2010-03-18 17:07:13,JDE8246,PC-0052,C71197.doc,D0-CF-11-E0
file,{00000002CBFE-150A0916},2010-03-18 17:33:17,JDE8246,PC-0052,32DC73.doc,D0-CF-11-E0
file,{00000002CC09-1C030105},2010-03-19 07:22:14,JDE8246,PC-0052,0467CF.pdf,D0-CF-11-E0
file,{00000002CC1A-12690ADD},2010-03-19 08:10:05,JDE8246,PC-0052,DE5E54.doc,D0-CF-11-E0
file,{00000002CC0B-361C4454},2010-03-19 08:18:18,JDE8246,PC-0052,2140D6.txt,D0-CF-11-E0
file,{00000002CC0A-2B4D3C14},2010-03-19 09:21:14,JDE8246,PC-0052,7DB428.zip,D0-CF-11-E0
file,{00000002CC0F-284B2099},2010-03-19 10:01:28,JDE8246,PC-0052,A3EE7C.zip,D0-CF-11-E0
file,{00000002CC06-2D2A588A},2010-03-19 10:12:22,JDE8246,PC-0052,401AAA.zip,D0-CF-11-E0
file,{00000002CC18-32F567CD},2010-03-19 11:09:03,JDE8246,PC-0052,5A739C.pdf,D0-CF-11-E0
file,{00000002CC19-1460D9FB},2010-03-19 11:23:32,JDE8246,PC-0052,55015E.zip,D0-CF-11-E0
file,{00000002CC07-11372D67},2010-03-19 11:32:33,JDE8246,PC-0052,88821F.zip,D0-CF-11-E0
file,{00000002CC08-3270380A},2010-03-19 12:43:39,JDE8246,PC-0052,0503CA.zip,D0-CF-11-E0
file,{00000002CC04-2AA569CF},2010-03-19 13:20:23,JDE8246,PC-0052,21BC7D.pdf,D0-CF-11-E0
file,{00000002CC13-1D22CD9D},2010-03-19 13:38:47,JDE8246,PC-0052,CED09D.pdf,D0-CF-11-E0
file,{00000002CC16-37D3C61C},2010-03-19 14:03:00,JDE8246,PC-0052,8D8FF0.pdf,D0-CF-11-E0
file,{00000002CC05-1A1F4633},2010-03-19 14:27:12,JDE8246,PC-0052,8A0792.zip,D0-CF-11-E0
file,{00000002CC0C-2E63E14E},2010-03-19 14:41:16,JDE8246,PC-0052,BFE777.pdf,D0-CF-11-E0
file,{00000002CC0D-35311262},2010-03-19 14:41:53,JDE8246,PC-0052,7EFC5B.zip,D0-CF-11-E0
file,{00000002CC12-2F356185},2010-03-19 14:44:37,JDE8246,PC-0052,CD0A8C.doc,D0-CF-11-E0
file,{00000002CC17-1FF2C66A},2010-03-19 14:46:12,JDE8246,PC-0052,2AC72B.pdf,D0-CF-11-E0
file,{00000002CC10-14DDE7D0},2010-03-19 15:31:10,JDE8246,PC-0052,24838D.doc,D0-CF-11-E0
file,{00000002CC0E-0A98B83A},2010-03-19 15:36:38,JDE8246,PC-0052,C74229.doc,D0-CF-11-E0
file,{00000002CC15-260384BB},2010-03-19 15:55:52,JDE8246,PC-0052,159358.doc,D0-CF-11-E0
file,{00000002CC14-2A8308CB},2010-03-19 17:16:52,JDE8246,PC-0052,7F579D.pdf,D0-CF-11-E0
file,{00000002CC11-18B92659},2010-03-19 17:52:57,JDE8246,PC-0052,A182B7.doc,D0-CF-11-E0
file,{00000002CC1E-36632451},2010-03-22 07:17:25,JDE8246,PC-0052,684397.zip,D0-CF-11-E0
file,{00000002CC21-237B6A0A},2010-03-22 07:30:08,JDE8246,PC-0052,DFEC79.doc,D0-CF-11-E0
file,{00000002CC2B-0D0D7249},2010-03-22 08:07:18,JDE8246,PC-0052,0465BA.pdf,D0-CF-11-E0
file,{00000002CC1D-2234C434},2010-03-22 08:36:01,JDE8246,PC-0052,39247B.zip,D0-CF-11-E0
file,{00000002CC25-0D9A68F4},2010-03-22 08:46:33,JDE8246,PC-0052,8D1C33.zip,D0-CF-11-E0
file,{00000002CC30-328B6C95},2010-03-22 09:09:00,JDE8246,PC-0052,18EB9C.zip,D0-CF-11-E0
file,{00000002CC23-2FAD62CD},2010-03-22 10:14:46,JDE8246,PC-0052,00F989.doc,D0-CF-11-E0
file,{00000002CC2F-1317AC11},2010-03-22 11:37:01,JDE8246,PC-0052,DF2D40.png,D0-CF-11-E0
file,{00000002CC1F-2BCF71C9},2010-03-22 12:04:49,JDE8246,PC-0052,AE0941.zip,D0-CF-11-E0
file,{00000002CC2D-0D0D266C},2010-03-22 12:17:09,JDE8246,PC-0052,B59AFB.doc,D0-CF-11-E0
file,{00000002CC27-210475AD},2010-03-22 12:28:27,JDE8246,PC-0052,3710BA.jpg,D0-CF-11-E0
file,{00000002CC2E-19A92486},2010-03-22 12:50:56,JDE8246,PC-0052,76A7D2.pdf,D0-CF-11-E0
file,{00000002CC2A-3D9C2EB8},2010-03-22 13:38:51,JDE8246,PC-0052,510F04.pdf,D0-CF-11-E0
file,{00000002CC29-2F0C29EA},2010-03-22 13:54:03,JDE8246,PC-0052,3F7E7A.png,D0-CF-11-E0
file,{00000002CC26-22ED5332},2010-03-22 14:07:07,JDE8246,PC-0052,EC13F6.jpg,D0-CF-11-E0
file,{00000002CC24-065F0C05},2010-03-22 14:18:41,JDE8246,PC-0052,6A1654.jpg,D0-CF-11-E0
file,{00000002CC22-0E8FF6C4},2010-03-22 14:35:42,JDE8246,PC-0052,3098F8.zip,D0-CF-11-E0
file,{00000002CC2C-0F733364},2010-03-22 15:04:09,JDE8246,PC-0052,36A3ED.pdf,D0-CF-11-E0
file,{00000002CC31-1EDBD43F},2010-03-22 15:26:28,JDE8246,PC-0052,332539.zip,D0-CF-11-E0
file,{00000002CC1B-3D8F5CA0},2010-03-22 15:59:44,JDE8246,PC-0052,499125.doc,D0-CF-11-E0
file,{00000002CC20-077974D1},2010-03-22 16:02:53,JDE8246,PC-0052,CE54A4.zip,D0-CF-11-E0
file,{00000002CC32-3AF10BA9},2010-03-22 16:13:33,JDE8246,PC-0052,C80BB5.pdf,D0-CF-11-E0
file,{00000002CC1C-0B11778D},2010-03-22 16:34:29,JDE8246,PC-0052,AE5C16.jpg,D0-CF-11-E0
file,{00000002CC28-00B3B1BD},2010-03-22 17:24:03,JDE8246,PC-0052,A23910.doc,D0-CF-11-E0
email,{000000061A53-2D79D6AD},2010-03-10 07:49:19,JDE8246,PC-0052,1C067@outlook.com,,,jde8246@dtaa.com,1907113,7,meeting notes attached
email,{000000061A55-262AC790},2010-03-10 10:00:05,JDE8246,PC-0052,E1878@aol.com,,,jde8246@dtaa.com,930697,6,meeting notes attached
email,{000000061A51-078D07EA},2010-03-10 10:09:17,JDE8246,PC-0052,vvy1052@dtaa.com,,,jde8246@dtaa.com,400566,2,meeting notes attached
email,{000000061A50-36853F6F},2010-03-10 11:52:09,JDE8246,PC-0052,8E105@gmail.com,,,jde8246@dtaa.com,752642,7,meeting notes attached
email,{000000061A57-104AEC04},2010-03-10 12:32:34,JDE8246,PC-0052,D42BA@aol.com,,,jde8246@dtaa.com,608815,7,meeting notes attached
email,{000000061A5A-3D188733},2010-03-10 13:00:53,JDE8246,PC-0052,C54EC@yahoo.com,,,jde8246@dtaa.com,2768608,7,meeting notes attached
email,{000000061A58-3F63F8BA},2010-03-10 13:23:02,JDE8246,PC-0052,34069@outlook.com,,,jde8246@dtaa.com,761896,5,meeting notes attached
email,{000000061A52-1E169A9B},2010-03-10 13:51:53,JDE8246,PC-0052,7F3FF@hotmail.com,,,jde8246@dtaa.com,1046550,5,meeting notes attached
email,{000000061A59-0DFE9C81},2010-03-10 14:24:59,JDE8246,PC-0052,B8A6F@yahoo.com,,,jde8246@dtaa.com,134248,1,meeting notes attached
email,{000000061A56-10063D08},2010-03-10 15:28:01,JDE8246,PC-0052,map5551@dtaa.com,,,jde8246@dtaa.com,1383690,5,meeting notes attached
email,{000000061A54-134AD7B4},2010-03-10 16:09:57,JDE8246,PC-0052,E32AB@hotmail.com,,,jde8246@dtaa.com,247368,4,meeting notes attached
email,{000000061A68-0410094B},2010-03-11 07:14:08,JDE8246,PC-0052,4B09D@hotmail.com,,,jde8246@dtaa.com,397550,1,meeting notes attached
email,{000000061A5C-2F2C02C5},2010-03-11 08:38:07,JDE8246,PC-0052,F093E@hotmail.com,,,jde8246@dtaa.com,318569,4,meeting notes attached
email,{000000061A5E-29ACE5EC},2010-03-11 09:21:17,JDE8246,PC-0052,53162@yahoo.com,,,jde8246@dtaa.com,311656,1,meeting notes attached
email,{000000061A63-0C4325F1},2010-03-11 09:36:37,JDE8246,PC-0052,pjy0876@dtaa.com,,,jde8246@dtaa.com,1878257,5,meeting notes attached
email,{000000061A6A-3DDB5ABB},2010-03-11 09:41:32,JDE8246,PC-0052,B2FF8@yahoo.com,,,jde8246@dtaa.com,828626,4,meeting notes attached
email,{000000061A65-2DAC62FC},2010-03-11 11:01:27,JDE8246,PC-0052,0A1F4@gmail.com,,,jde8246@dtaa.com,1375210,5,meeting notes attached
email,{000000061A66-14D604A4},2010-03-11 11:05:28,JDE8246,PC-0052,8DEF4@aol.com,,,jde8246@dtaa.com,1179781,5,meeting notes attached
email,{000000061A69-017BF120},2010-03-11 11:58:51,JDE8246,PC-0052,45ED4@yahoo.com,,,jde8246@dtaa.com,727452,7,meeting notes attached
email,{000000061A62-33ECC7A1},2010-03-11 13:24:55,JDE8246,PC-0052,1074D@gmail.com,,,jde8246@dtaa.com,1172396,7,meeting notes attached
email,{000000061A5F-06854B75},2010-03-11 13:45:27,JDE8246,PC-0052,07F05@hotmail.com,,,jde8246@dtaa.com,542439,5,meeting notes attached
email,{000000061A64-133E73E3},2010-03-11 13:47:53,JDE8246,PC-0052,76240@gmail.com,,,jde8246@dtaa.com,237844,1,meeting notes attached
email,{000000061A5D-1CFE6215},2010-03-11 16:17:58,JDE8246,PC-0052,B1D96@aol.com,,,jde8246@dtaa.com,1021518,5,meeting notes attached
email,{000000061A5B-06265266},2010-03-11 16:23:45,JDE8246,PC-0052,C2D1E@gmail.com,,,jde8246@dtaa.com,229666,4,meeting notes attached
email,{000000061A60-2B647FBD},2010-03-11 16:59:02,JDE8246,PC-0052,7E20B@outlook.com,,,jde8246@dtaa.com,726743,6,meeting notes attached
email,{000000061A61-15235714},2010-03-11 17:11:11,JDE8246,PC-0052,C8B4D@hotmail.com,,,jde8246@dtaa.com,2028482,6,meeting notes attached
email,{000000061A67-241F2F1F},2010-03-11 17:24:28,JDE8246,PC-0052,82CDE@aol.com,,,jde8246@dtaa.com,1103184,3,meeting notes attached
email,{000000061A70-2FD90DC7},2010-03-12 08:39:29,JDE8246,PC-0052,A0DF2@outlook.com,,,jde8246@dtaa.com,258751,3,meeting notes attached
email,{000000061A72-2531D507},2010-03-12 08:59:35,JDE8246,PC-0052,EC5D0@aol.com,,,jde8246@dtaa.com,914610,3,meeting notes attached
email,{000000061A6F-199F3A9C},2010-03-12 09:01:40,JDE8246,PC-0052,FA027@aol.com,,,jde8246@dtaa.com,363272,1,meeting notes attached
email,{000000061A6C-035F2D94},2010-03-12 10:26:03,JDE8246,PC-0052,EA9B0@hotmail.com,,,jde8246@dtaa.com,1460399,4,meeting notes attached
email,{000000061A6E-02E034BB},2010-03-12 11:26:11,JDE8246,PC-0052,B0874@hotmail.com,,,jde8246@dtaa.com,349213,5,meeting notes attached
email,{000000061A71-361038CB},2010-03-12 12:26:54,JDE8246,PC-0052,8906D@yahoo.com,,,jde8246@dtaa.com,529402,6,meeting notes attached
email,{000000061A6D-0409CAB9},2010-03-12 15:38:19,JDE8246,PC-0052,AA162@outlook.com,,,jde8246@dtaa.com,804760,6,meeting notes attached
email,{000000061A6B-286E2C45},2010-03-12 16:34:53,JDE8246,PC-0052,551E6@aol.com,,,jde8246@dtaa.com,2785504,7,meeting notes attached
email,{000000061A74-1B164F03},2010-03-15 07:49:45,JDE8246,PC-0052,34D07@hotmail.com,,,jde8246@dtaa.com,493863,4,meeting notes attached
email,{000000061A78-3CA97172},2010-03-15 08:36:41,JDE8246,PC-0052,910B0@gmail.com,,,jde8246@dtaa.com,1316934,4,meeting notes attached
email,{000000061A79-2E2C4C8C},2010-03-15 10:18:47,JDE8246,PC-0052,3334C@gmail.com,,,jde8246@dtaa.com,282759,2,meeting notes attached
email,{000000061A77-06F76BD5},2010-03-15 12:18:50,JDE8246,PC-0052,C7614@outlook.com,,,jde8246@dtaa.com,352136,1,meeting notes attached
email,{000000061A76-0442DB7D},2010-03-15 14:27:31,JDE8246,PC-0052,C16D7@gmail.com,,,jde8246@dtaa.com,1465694,4,meeting notes attached
email,{000000061A73-22C164AB},2010-03-15 15:21:36,JDE8246,PC-0052,148CD@hotmail.com,,,jde8246@dtaa.com,480232,3,meeting notes attached
email,{000000061A75-1DE0F38D},2010-03-15 17:51:17,JDE8246,PC-0052,9059C@hotmail.com,,,jde8246@dtaa.com,1525706,6,meeting notes attached
email,{000000061A85-3EC2067C},2010-03-16 07:10:53,JDE8246,PC-0052,53009@yahoo.com,,,jde8246@dtaa.com,222692,2,meeting notes attached
email,{000000061A7E-2B9DF8B0},2010-03-16 07:11:50,JDE8246,PC-0052,15FA6@hotmail.com,,,jde8246@dtaa.com,1178099,7,meeting notes attached
email,{000000061A7C-0101EC8D},2010-03-16 09:13:28,JDE8246,PC-0052,C6FF9@outlook.com,,,jde8246@dtaa.com,285435,1,meeting notes attached
email,{000000061A83-0E2A6BC7},2010-03-16 10:16:26,JDE8246,PC-0052,C49AE@outlook.com,,,jde8246@dtaa.com,631001,2,meeting notes attached
email,{000000061A82-1A75E310},2010-03-16 10:47:59,JDE8246,PC-0052,10950@yahoo.com,,,jde8246@dtaa.com,2127778,7,meeting notes attached
email,{000000061A87-1982DA09},2010-03-16 10:53:52,JDE8246,PC-0052,A8ECA@aol.com,,,jde8246@dtaa.com,139324,1,meeting notes attached
email,{000000061A86-10060638},2010-03-16 11:00:19,JDE8246,PC-0052,0576D@gmail.com,,,jde8246@dtaa.com,277492,3,meeting notes attached
email,{000000061A81-33F89338},2010-03-16 11:54:20,JDE8246,PC-0052,E559F@outlook.com,,,jde8246@dtaa.com,877440,7,meeting notes attached
email,{000000061A7A-03BD2B41},2010-03-16 11:55:00,JDE8246,PC-0052,AE0AD@hotmail.com,,,jde8246@dtaa.com,1380106,5,meeting notes attached
email,{000000061A84-00471956},2010-03-16 12:15:31,JDE8246,PC-0052,1325E@yahoo.com,,,jde8246@dtaa.com,504020,6,meeting notes attached
email,{000000061A88-1AD3FC2C},2010-03-16 12:57:05,JDE8246,PC-0052,47444@aol.com,,,jde8246@dtaa.com,2265321,6,meeting notes attached
email,{000000061A7F-0C73BBE6},2010-03-16 13:54:11,JDE8246,PC-0052,B3506@gmail.com,,,jde8246@dtaa.com,620279,5,meeting notes attached
email,{000000061A89-1EB2CEAE},2010-03-16 15:31:49,JDE8246,PC-0052,30882@gmail.com,,,jde8246@dtaa.com,2499966,7,meeting notes attached
email,{000000061A7B-3C7E06E8},2010-03-16 15:55:26,JDE8246,PC-0052,26C0D@yahoo.com,,,jde8246@dtaa.com,1421422,4,meeting notes attached
email,{000000061A8A-0959447B},2010-03-16 16:11:24,JDE8246,PC-0052,F5621@gmail.com,,,jde8246@dtaa.com,232706,4,meeting notes attached
email,{000000061A80-252B3AF7},2010-03-16 17:46:26,JDE8246,PC-0052,6ED16@outlook.com,,,jde8246@dtaa.com,760944,4,meeting notes attached
email,{000000061A7D-3F9CD05C},2010-03-16 17:49:07,JDE8246,PC-0052,8DD7D@gmail.com,,,jde8246@dtaa.com,405358,3,meeting notes attached
email,{000000061A90-1FD02703},2010-03-17 07:21:59,JDE8246,PC-0052,FBBCE@outlook.com,,,jde8246@dtaa.com,1055029,7,meeting notes attached
email,{000000061A8C-261B88C1},2010-03-17 09:54:32,JDE8246,PC-0052,CCDDD@yahoo.com,,,jde8246@dtaa.com,1206396,3,meeting notes attached
email,{000000061A8E-0D202375},2010-03-17 10:37:40,JDE8246,PC-0052,ACDA6@hotmail.com,,,jde8246@dtaa.com,387749,6,meeting notes attached
email,{000000061A91-1FD397B7},2010-03-17 13:11:09,JDE8246,PC-0052,2CE56@hotmail.com,,,jde8246@dtaa.com,190367,1,meeting notes attached
email,{000000061A92-0D3DB348},2010-03-17 14:46:08,JDE8246,PC-0052,08CA4@outlook.com,,,jde8246@dtaa.com,886970,6,meeting notes attached
email,{000000061A8F-183500EF},2010-03-17 15:06:03,JDE8246,PC-0052,4E4EA@yahoo.com,,,jde8246@dtaa.com,865854,6,meeting notes attached
email,{000000061A8D-3CCFC359},2010-03-17 15:19:09,JDE8246,PC-0052,44267@gmail.com,,,jde8246@dtaa.com,675558,3,meeting notes attached
email,{000000061A8B-0B07AA5A},2010-03-17 16:28:08,JDE8246,PC-0052,59F7A@gmail.com,,,jde8246@dtaa.com,218192,1,meeting notes attached
email,{000000061A97-2E236016},2010-03-18 08:03:18,JDE8246,PC-0052,BDE49@outlook.com,,,jde8246@dtaa.com,901352,7,meeting notes attached
email,{000000061A9A-1634F0A5},2010-03-18 09:09:04,JDE8246,PC-0052,6493D@hotmail.com,,,jde8246@dtaa.com,1239639,5,meeting notes attached
email,{000000061A98-3DF2DE0D},2010-03-18 09:21:53,JDE8246,PC-0052,0D84A@yahoo.com,,,jde8246@dtaa.com,733300,7,meeting notes attached
email,{000000061A99-33F06381},2010-03-18 11:14:08,JDE8246,PC-0052,410AA@gmail.com,,,jde8246@dtaa.com,925572,3,meeting notes attached
email,{000000061A96-33126DA0},2010-03-18 12:41:51,JDE8246,PC-0052,yio5206@dtaa.com,,,jde8246@dtaa.com,603032,4,meeting notes attached
email,{000000061A93-2E339F64},2010-03-18 13:46:54,JDE8246,PC-0052,F973B@hotmail.com,,,jde8246@dtaa.com,713719,2,meeting notes attached
email,{000000061A95-291171CC},2010-03-18 13:59:04,JDE8246,PC-0052,3B489@aol.com,,,jde8246@dtaa.com,715981,5,meeting notes attached
email,{000000061A94-36AAC1D1},2010-03-18 17:23:09,JDE8246,PC-0052,16B63@yahoo.com,,,jde8246@dtaa.com,1512711,6,meeting notes attached
email,{000000061AA1-2ED3BEA0},2010-03-19 07:44:38,JDE8246,PC-0052,914D2@aol.com,,,jde8246@dtaa.com,328532,2,meeting notes attached
email,{000000061A9C-1CD5F28F},2010-03-19 08:04:57,JDE8246,PC-0052,E81B9@aol.com,,,jde8246@dtaa.com,592139,2,meeting notes attached
email,{000000061AA0-07B1893D},2010-03-19 08:18:33,JDE8246,PC-0052,EE5B3@aol.com,,,jde8246@dtaa.com,1005941,4,meeting notes attached
email,{000000061A9D-3613B421},2010-03-19 10:04:51,JDE8246,PC-0052,3D261@outlook.com,,,jde8246@dtaa.com,700949,4,meeting notes attached
email,{000000061A9F-0EFF45A0},2010-03-19 11:53:22,JDE8246,PC-0052,942DA@yahoo.com,,,jde8246@dtaa.com,267371,3,meeting notes attached
email,{000000061A9B-3EAF54EF},2010-03-19 13:29:47,JDE8246,PC-0052,BC51E@hotmail.com,,,jde8246@dtaa.com,423997,5,meeting notes attached
email,{000000061A9E-0EEDE10E},2010-03-19 15:34:16,JDE8246,PC-0052,BE4FE@outlook.com,,,jde8246@dtaa.com,913135,6,meeting notes attached
email,{000000061AB0-29A27394},2010-03-22 07:26:28,JDE8246,PC-0052,AB199@aol.com,,,jde8246@dtaa.com,661436,5,meeting notes attached
email,{000000061AA3-14B4B1F1},2010-03-22 08:05:26,JDE8246,PC-0052,B25DF@gmail.com,,,jde8246@dtaa.com,531830,6,meeting notes attached
email,{000000061AA5-2D1F5F1E},2010-03-22 08:33:50,JDE8246,PC-0052,BD56D@yahoo.com,,,jde8246@dtaa.com,1657129,7,meeting notes attached
email,{000000061AAD-1A24419C},2010-03-22 11:34:45,JDE8246,PC-0052,F84E1@aol.com,,,jde8246@dtaa.com,667454,2,meeting notes attached
email,{000000061AA2-2071FD7C},2010-03-22 11:58:44,JDE8246,PC-0052,7FB2E@gmail.com,,,jde8246@dtaa.com,640151,4,meeting notes attached
email,{000000061AAF-333BA145},2010-03-22 13:06:17,JDE8246,PC-0052,030F3@aol.com,,,jde8246@dtaa.com,1130832,4,meeting notes attached
email,{000000061AA9-31B5830A},2010-03-22 13:30:42,JDE8246,PC-0052,3A44B@aol.com,,,jde8246@dtaa.com,277638,5,meeting notes attached
email,{000000061AAC-2955655A},2010-03-22 14:24:04,JDE8246,PC-0052,E3794@hotmail.com,,,jde8246@dtaa.com,1205484,5,meeting notes attached
email,{000000061AAE-2574303F},2010-03-22 15:01:30,JDE8246,PC-0052,ADC6A@gmail.com,,,jde8246@dtaa.com,453017,2,meeting notes attached
email,{000000061AA8-30C648F2},2010-03-22 15:57:58,JDE8246,PC-0052,E914A@yahoo.com,,,jde8246@dtaa.com,422123,2,meeting notes attached
email,{000000061AA4-3AEBBD89},2010-03-22 16:16:10,JDE8246,PC-0052,CE779@aol.com,,,jde8246@dtaa.com,2168249,7,meeting notes attached
email,{000000061AAB-02FFA11C},2010-03-22 16:16:30,JDE8246,PC-0052,F41A1@outlook.com,,,jde8246@dtaa.com,487369,5,meeting notes attached
email,{000000061AA7-356468A9},2010-03-22 16:23:01,JDE8246,PC-0052,21D86@outlook.com,,,jde8246@dtaa.com,1038563,7,meeting notes attached
email,{000000061AAA-3BAF6E69},2010-03-22 17:13:24,JDE8246,PC-0052,387BA@aol.com,,,jde8246@dtaa.com,678289,2,meeting notes attached
email,{000000061AA6-042E4BD3},2010-03-22 17:35:36,JDE8246,PC-0052,690B4@hotmail.com,,,jde8246@dtaa.com,202885,1,meeting notes attached
http,{000000248A95-1DBB07CB},2010-03-10 07:38:02,JDE8246,PC-0052,http://www.linkedin.com/18DC9F,page text
http,{000000248A93-1562C933},2010-03-10 08:05:14,JDE8246,PC-0052,http://www.monster.com/23708D,page text
http,{000000248A9C-3B0A2185},2010-03-10 09:20:32,JDE8246,PC-0052,http://www.drive.google.com/1F0FE4,page text
http,{000000248A9D-147363DE},2010-03-10 09:22:25,JDE8246,PC-0052,http://www.monster.com/329D27,page text
http,{000000248A9B-02E713FA},2010-03-10 09:56:04,JDE8246,PC-0052,http://www.monster.com/215336,page text
http,{000000248A96-2D813C13},2010-03-10 10:23:22,JDE8246,PC-0052,http://www.espn.com/2103CD,page text
http,{000000248A91-15569293},2010-03-10 11:08:52,JDE8246,PC-0052,http://www.monster.com/26627A,page text
http,{000000248AA0-2C31830D},2010-03-10 11:23:38,JDE8246,PC-0052,http://www.linkedin.com/3E46FA,page text
http,{000000248A9A-0AA9BA5F},2010-03-10 13:29:01,JDE8246,PC-0052,http://www.monster.com/2B2AE4,page text
http,{000000248A8F-07AA11C1},2010-03-10 14:39:47,JDE8246,PC-0052,http://www.linkedin.com/369361,page text
http,{000000248A94-236596A2},2010-03-10 15:17:22,JDE8246,PC-0052,http://www.linkedin.com/2CB007,page text
http,{000000248A98-30B3D03D},2010-03-10 15:25:32,JDE8246,PC-0052,http://www.monster.com/36FCA9,page text
http,{000000248A9E-3E1EB2DC},2010-03-10 15:33:49,JDE8246,PC-0052,http://www.monster.com/158A92,page text
http,{000000248A9F-31E2A261},2010-03-10 16:03:20,JDE8246,PC-0052,http://www.linkedin.com/3DD174,page text
http,{000000248A97-35F96AD6},2010-03-10 16:36:26,JDE8246,PC-0052,http://www.dropbox.com/1F50E8,page text
http,{000000248A99-3188B6F0},2010-03-10 16:39:37,JDE8246,PC-0052,http://www.stackoverflow.com/0ADC83,page text
http,{000000248A90-19DF4CFE},2010-03-10 17:23:07,JDE8246,PC-0052,http://www.linkedin.com/29B067,page text
http,{000000248A92-1D4D38ED},2010-03-10 17:31:49,JDE8246,PC-0052,http://www.drive.google.com/00D444,page text
http,{000000248A8E-0BA90B69},2010-03-10 17:34:39,JDE8246,PC-0052,http://www.cnn.com/3ABC98,page text
http,{000000248AA1-00599F20},2010-03-11 07:14:13,JDE8246,PC-0052,http://www.dropbox.com/2EDF88,page text
http,{000000248AAC-3B12903C},2010-03-11 08:46:09,JDE8246,PC-0052,http://www.drive.google.com/00A2D0,page text
http,{000000248AB4-209324D3},2010-03-11 08:51:16,JDE8246,PC-0052,http://www.dropbox.com/31CEEA,page text
http,{000000248AA8-33150FF5},2010-03-11 09:06:44,JDE8246,PC-0052,http://www.github.com/21FC9A,page text
http,{000000248AA5-34C64550},2010-03-11 09:15:44,JDE8246,PC-0052,http://www.linkedin.com/1E75C1,page text
http,{000000248AA3-30430044},2010-03-11 10:36:06,JDE8246,PC-0052,http://www.drive.google.com/0240A0,page text
http,{000000248AAF-192C7012},2010-03-11 10:48:39,JDE8246,PC-0052,http://www.linkedin.com/27ADC9,page text
http,{000000248AAE-12B57873},2010-03-11 11:45:00,JDE8246,PC-0052,http://www.espn.com/3CB15E,page text
http,{000000248AAB-27CFDB50},2010-03-11 12:17:16,JDE8246,PC-0052,http://www.dropbox.com/1C8914,page text
http,{000000248AB0-04BB0545},2010-03-11 12:50:22,JDE8246,PC-0052,http://www.drive.google.com/22358C,page text
http,{000000248AB1-3542BBE0},2010-03-11 13:50:30,JDE8246,PC-0052,http://www.dropbox.com/107D73,page text
http,{000000248AA7-167E08EE},2010-03-11 14:26:41,JDE8246,PC-0052,http://www.linkedin.com/1CC244,page text
http,{000000248AA2-274BF39A},2010-03-11 15:02:13,JDE8246,PC-0052,http://www.drive.google.com/0338B6,page text
http,{000000248AB2-06E7A445},2010-03-11 15:06:21,JDE8246,PC-0052,http://www.stackoverflow.com/3E312F,page text
http,{000000248AB6-2961575B},2010-03-11 15:32:09,JDE8246,PC-0052,http://www.monster.com/27553F,page text
http,{000000248AB5-15FB1CAF},2010-03-11 16:00:21,JDE8246,PC-0052,http://www.drive.google.com/2A7102,page text
http,{000000248AAD-0A683A91},2010-03-11 16:20:52,JDE8246,PC-0052,http://www.espn.com/0798D7,page text
http,{000000248AA6-34450AA3},2010-03-11 16:52:46,JDE8246,PC-0052,http://www.reddit.com/0C0E47,page text
http,{000000248AA4-1836C761},2010-03-11 16:54:17,JDE8246,PC-0052,http://www.github.com/22600C,page text
http,{000000248AAA-35766341},2010-03-11 17:04:31,JDE8246,PC-0052,http://www.linkedin.com/2FB81C,page text
http,{000000248AA9-2468A01A},2010-03-11 17:30:07,JDE8246,PC-0052,http://www.stackoverflow.com/04407C,page text
http,{000000248AB3-27DBFB66},2010-03-11 17:32:02,JDE8246,PC-0052,http://www.dropbox.com/2C332A,page text
http,{000000248AB7-07B31A08},2010-03-12 07:01:26,JDE8246,PC-0052,http://www.drive.google.com/20936C,page text
http,{000000248AC4-2DB5E62F},2010-03-12 07:39:16,JDE8246,PC-0052,http://www.nytimes.com/2809C2,page text
http,{000000248AC5-2BFBB014},2010-03-12 07:58:56,JDE8246,PC-0052,http://www.linkedin.com/148296,page text
http,{000000248ABC-26242A1E},2010-03-12 08:52:54,JDE8246,PC-0052,http://www.dropbox.com/0D7694,page text
http,{000000248AC0-31A6DA09},2010-03-12 09:05:14,JDE8246,PC-0052,http://www.dropbox.com/3931CD,page text
http,{000000248ABA-1C35708C},2010-03-12 09:40:02,JDE8246,PC-0052,http://www.monster.com/170025,page text
http,{000000248AC6-1802B7D2},2010-03-12 10:40:40,JDE8246,PC-0052,http://www.dropbox.com/101C52,page text
http,{000000248AB8-3CAFC0C5},2010-03-12 10:52:45,JDE8246,PC-0052,http://www.reddit.com/1086C4,page text
http,{000000248ABF-309F6C0E},2010-03-12 13:06:37,JDE8246,PC-0052,http://www.linkedin.com/228453,page text
http,{000000248ABD-2C914B51},2010-03-12 13:12:30,JDE8246,PC-0052,http://www.dropbox.com/38525A,page text
http,{000000248AC7-3D7B7F80},2010-03-12 13:18:07,JDE8246,PC-0052,http://www.drive.google.com/20502B,page text
http,{000000248AC8-168CC162},2010-03-12 13:51:14,JDE8246,PC-0052,http://www.monster.com/1D3ED4,page text
http,{000000248AC3-2A10B381},2010-03-12 13:56:44,JDE8246,PC-0052,http://www.monster.com/136E62,page text
http,{000000248AC1-229177B3},2010-03-12 13:56:56,JDE8246,PC-0052,http://www.amazon.com/12FB76,page text
http,{000000248AB9-17C3101E},2010-03-12 14:20:38,JDE8246,PC-0052,http://www.drive.google.com/0B0F21,page text
http,{000000248ABB-31C5EC3A},2010-03-12 15:43:06,JDE8246,PC-0052,http://www.monster.com/0A6A77,page text
http,{000000248ABE-3176B575},2010-03-12 16:20:47,JDE8246,PC-0052,http://www.monster.com/07AD63,page text
http,{000000248AC2-253D2845},2010-03-12 17:35:42,JDE8246,PC-0052,http://www.linkedin.com/00FD04,page text
http,{000000248AC9-0FF9C92C},2010-03-12 17:43:38,JDE8246,PC-0052,http://www.monster.com/133744,page text
http,{000000248AD1-0C5F0642},2010-03-15 07:22:29,JDE8246,PC-0052,http://www.drive.google.com/127780,page text
http,{000000248ACD-098045EE},2010-03-15 08:18:28,JDE8246,PC-0052,http://www.linkedin.com/0DD9B6,page text
http,{000000248ACF-0606F669},2010-03-15 08:42:09,JDE8246,PC-0052,http://www.linkedin.com/1262EE,page text
http,{000000248AD6-07F42192},2010-03-15 08:44:39,JDE8246,PC-0052,http://www.monster.com/36BE51,page text
http,{000000248AD9-3DC4FDFD},2010-03-15 09:20:45,JDE8246,PC-0052,http://www.monster.com/0CA5AF,page text
http,{000000248AD8-290A2167},2010-03-15 09:24:21,JDE8246,PC-0052,http://www.nytimes.com/2CD4C2,page text
http,{000000248ADB-16978265},2010-03-15 10:38:27,JDE8246,PC-0052,http://www.linkedin.com/303207,page text
http,{000000248ACA-298103F6},2010-03-15 10:56:31,JDE8246,PC-0052,http://www.cnn.com/254242,page text
http,{000000248AD2-226606E7},2010-03-15 11:14:08,JDE8246,PC-0052,http://www.drive.google.com/116253,page text
http,{000000248ADD-3920A515},2010-03-15 11:19:53,JDE8246,PC-0052,http://www.drive.google.com/034378,page text
http,{000000248ADE-2CD73240},2010-03-15 11:29:47,JDE8246,PC-0052,http://www.dropbox.com/08CCC6,page text
http,{000000248AD0-3170E3B7},2010-03-15 11:40:21,JDE8246,PC-0052,http://www.dropbox.com/185457,page text
http,{000000248AE0-0D58FF66},2010-03-15 12:57:59,JDE8246,PC-0052,http://www.monster.com/118001,page text
http,{000000248ACC-0F044480},2010-03-15 13:45:17,JDE8246,PC-0052,http://www.github.com/06BD72,page text
http,{000000248ACE-33F506C9},2010-03-15 14:54:33,JDE8246,PC-0052,http://www.drive.google.com/33C8E5,page text
http,{000000248AD7-08CFB6A9},2010-03-15 15:03:17,JDE8246,PC-0052,http://www.dropbox.com/107808,page text
http,{000000248ADC-1ECE283A},2010-03-15 15:16:49,JDE8246,PC-0052,http://www.dropbox.com/2A81FA,page text
http,{000000248AD3-18C0B428},2010-03-15 16:14:38,JDE8246,PC-0052,http://www.drive.google.com/24A592,page text
http,{000000248AD5-3D98FCB5},2010-03-15 16:16:21,JDE8246,PC-0052,http://www.linkedin.com/382C8B,page text
http,{000000248ACB-2551BE5F},2010-03-15 16:48:00,JDE8246,PC-0052,http://www.monster.com/19C937,page text
http,{000000248ADA-339CD442},2010-03-15 17:22:46,JDE8246,PC-0052,http://www.dropbox.com/2A7800,page text
http,{000000248ADF-3DCC15AE},2010-03-15 17:26:07,JDE8246,PC-0052,http://www.linkedin.com/0E67BB,page text
http,{000000248AD4-127AA459},2010-03-15 17:28:29,JDE8246,PC-0052,http://www.drive.google.com/249C6C,page text
http,{000000248AF1-10D9E25D},2010-03-16 07:08:02,JDE8246,PC-0052,http://www.yahoo.com/2EFEED,page text
http,{000000248AE4-1FE9B6A4},2010-03-16 08:13:16,JDE8246,PC-0052,http://www.dropbox.com/027203,page text
http,{000000248AED-39BEBC99},2010-03-16 08:38:40,JDE8246,PC-0052,http://www.cnn.com/1C0295,page text
http,{000000248AEB-09FA7F63},2010-03-16 08:49:26,JDE8246,PC-0052,http://www.dropbox.com/332518,page text
http,{000000248AF5-324F3B3D},2010-03-16 09:36:49,JDE8246,PC-0052,http://www.monster.com/32D7EB,page text
http,{000000248AEC-2A4B8E8D},2010-03-16 10:37:05,JDE8246,PC-0052,http://www.wikipedia.org/3E4326,page text
http,{000000248AF2-0F2E87DF},2010-03-16 11:32:16,JDE8246,PC-0052,http://www.drive.google.com/16F713,page text
http,{000000248AEA-1BFEB194},2010-03-16 11:47:13,JDE8246,PC-0052,http://www.drive.google.com/2495C7,page text
http,{000000248AF3-32453899},2010-03-16 11:49:55,JDE8246,PC-0052,http://www.drive.google.com/0E1801,page text
http,{000000248AEF-2D07C71D},2010-03-16 12:12:08,JDE8246,PC-0052,http://www.github.com/129174,page text
http,{000000248AE3-1103CB76},2010-03-16 12:29:51,JDE8246,PC-0052,http://www.drive.google.com/0043D8,page text
http,{000000248AE2-09A06D6D},2010-03-16 12:54:04,JDE8246,PC-0052,http://www.monster.com/1C7A4E,page text
http,{000000248AF0-07529641},2010-03-16 13:54:20,JDE8246,PC-0052,http://www.linkedin.com/1270EA,page text
http,{000000248AE7-3921FD47},2010-03-16 14:02:09,JDE8246,PC-0052,http://www.dropbox.com/3CA463,page text
http,{000000248AF6-1B731107},2010-03-16 14:10:56,JDE8246,PC-0052,http://www.monster.com/03F5AF,page text
http,{000000248AE5-244EB3E6},2010-03-16 14:58:49,JDE8246,PC-0052,http://www.drive.google.com/0A3881,page text
http,{000000248AE8-123A9E31},2010-03-16 15:42:50,JDE8246,PC-0052,http://www.monster.com/2AD412,page text
http,{000000248AE6-31347DDB},2010-03-16 16:46:12,JDE8246,PC-0052,http://www.dropbox.com/16965D,page text
http,{000000248AE1-0D91C430},2010-03-16 16:51:33,JDE8246,PC-0052,http://www.linkedin.com/0854AE,page text
http,{000000248AE9-382E819E},2010-03-16 17:06:27,JDE8246,PC-0052,http://www.monster.com/2F4FF7,page text
http,{000000248AF4-119CF3A6},2010-03-16 17:06:46,JDE8246,PC-0052,http://www.linkedin.com/11E650,page text
http,{000000248AEE-385CA2BB},2010-03-16 17:18:14,JDE8246,PC-0052,http://www.monster.com/097C1D,page text
http,{000000248B0C-35FE2B6F},2010-03-17 07:19:39,JDE8246,PC-0052,http://www.wikipedia.org/0F23FE,page text
http,{000000248B0B-02D7E993},2010-03-17 08:05:59,JDE8246,PC-0052,http://www.monster.com/0B083B,page text
http,{000000248B08-2E26AF3D},2010-03-17 08:54:41,JDE8246,PC-0052,http://www.dropbox.com/087F62,page text
http,{000000248B06-204998B7},2010-03-17 09:18:07,JDE8246,PC-0052,http://www.linkedin.com/3AA987,page text
http,{000000248B02-3E832B91},2010-03-17 09:43:42,JDE8246,PC-0052,http://www.linkedin.com/28B588,page text
http,{000000248B00-236C567A},2010-03-17 10:32:32,JDE8246,PC-0052,http://www.monster.com/3E12EC,page text
http,{000000248B04-1B0718DA},2010-03-17 11:11:46,JDE8246,PC-0052,http://www.monster.com/08235F,page text
http,{000000248AFF-0C8CC70C},2010-03-17 11:25:42,JDE8246,PC-0052,http://www.reddit.com/2C281E,page text
http,{000000248B05-3686F344},2010-03-17 12:26:35,JDE8246,PC-0052,http://www.monster.com/065D0D,page text
http,{000000248B01-1BC1A25F},2010-03-17 12:57:27,JDE8246,PC-0052,http://www.github.com/27773C,page text
http,{000000248AF7-25C072C5},2010-03-17 13:29:52,JDE8246,PC-0052,http://www.monster.com/083EA3,page text
http,{000000248B09-1CB5C0D8},2010-03-17 13:35:09,JDE8246,PC-0052,http://www.monster.com/1DFD9F,page text
http,{000000248AF8-106B42F0},2010-03-17 14:02:50,JDE8246,PC-0052,http://www.reddit.com/00EDD9,page text
http,{000000248AFC-2A08067D},2010-03-17 14:28:42,JDE8246,PC-0052,http://www.drive.google.com/20AAE9,page text
http,{000000248B0A-008012AC},2010-03-17 14:46:31,JDE8246,PC-0052,http://www.stackoverflow.com/2A3C05,page text
http,{000000248AFB-1728CEF5},2010-03-17 14:57:14,JDE8246,PC-0052,http://www.drive.google.com/0AEEB2,page text
http,{000000248AFE-141285C6},2010-03-17 15:14:28,JDE8246,PC-0052,http://www.nytimes.com/336E5A,page text
http,{000000248AFD-1C93A9D0},2010-03-17 15:25:25,JDE8246,PC-0052,http://www.drive.google.com/3773FF,page text
http,{000000248AFA-238B4E8C},2010-03-17 15:29:02,JDE8246,PC-0052,http://www.dropbox.com/1C7D94,page text
http,{000000248B07-0F8C594A},2010-03-17 15:29:22,JDE8246,PC-0052,http://www.monster.com/05A8C3,page text
http,{000000248B03-3405C03B},2010-03-17 15:35:07,JDE8246,PC-0052,http://www.monster.com/2A2C2E,page text
http,{000000248B0D-3C8014FE},2010-03-17 16:01:39,JDE8246,PC-0052,http://www.yahoo.com/21CACF,page text
http,{000000248AF9-1865B21B},2010-03-17 17:20:09,JDE8246,PC-0052,http://www.monster.com/15E6E1,page text
http,{000000248B1D-35499255},2010-03-18 07:13:27,JDE8246,PC-0052,http://www.drive.google.com/3F166E,page text
http,{000000248B19-3D8A1EE6},2010-03-18 08:16:51,JDE8246,PC-0052,http://www.drive.google.com/354E86,page text
http,{000000248B1B-20CCA465},2010-03-18 08:31:30,JDE8246,PC-0052,http://www.dropbox.com/317431,page text
http,{000000248B1E-2DEDD444},2010-03-18 08:50:06,JDE8246,PC-0052,http://www.monster.com/1BF569,page text
http,{000000248B11-2000633D},2010-03-18 08:51:40,JDE8246,PC-0052,http://www.dropbox.com/26934B,page text
http,{000000248B13-2B1D01DD},2010-03-18 09:52:19,JDE8246,PC-0052,http://www.reddit.com/1A39C6,page text
http,{000000248B1F-1BB47876},2010-03-18 10:42:35,JDE8246,PC-0052,http://www.stackoverflow.com/08A661,page text
http,{000000248B18-0F24B99F},2010-03-18 10:43:08,JDE8246,PC-0052,http://www.drive.google.com/2A1DE7,page text
http,{000000248B17-382AE6EE},2010-03-18 10:56:34,JDE8246,PC-0052,http://www.dropbox.com/25D3C4,page text
http,{000000248B12-3D36B8C7},2010-03-18 13:44:14,JDE8246,PC-0052,http://www.drive.google.com/3A055B,page text
http,{000000248B0E-3B249867},2010-03-18 13:51:50,JDE8246,PC-0052,http://www.stackoverflow.com/11B621,page text
http,{000000248B1C-107BBB14},2010-03-18 15:01:49,JDE8246,PC-0052,http://www.linkedin.com/19FDCF,page text
http,{000000248B14-24AC42DB},2010-03-18 15:28:51,JDE8246,PC-0052,http://www.drive.google.com/13CAE3,page text
http,{000000248B1A-03486F71},2010-03-18 15:39:04,JDE8246,PC-0052,http://www.amazon.com/10D23A,page text
http,{000000248B16-29800C40},2010-03-18 16:00:00,JDE8246,PC-0052,http://www.dropbox.com/05BB3B,page text
http,{000000248B15-3DA1C78F},2010-03-18 16:20:44,JDE8246,PC-0052,http://www.dropbox.com/09406E,page text
http,{000000248B10-300FCE49},2010-03-18 17:15:40,JDE8246,PC-0052,http://www.drive.google.com/30F11A,page text
http,{000000248B20-3ABF54CA},2010-03-18 17:46:02,JDE8246,PC-0052,http://www.drive.google.com/063FA0,page text
http,{000000248B0F-2D136F9F},2010-03-18 17:49:35,JDE8246,PC-0052,http://www.drive.google.com/0457BB,page text
http,{000000248B27-1DBD1912},2010-03-19 07:10:28,JDE8246,PC-0052,http://www.linkedin.com/075E35,page text
http,{000000248B24-22B70F55},2010-03-19 07:32:54,JDE8246,PC-0052,http://www.reddit.com/3BA1CF,page text
http,{000000248B21-13A90515},2010-03-19 07:44:07,JDE8246,PC-0052,http://www.monster.com/1DB904,page text
http,{000000248B2C-3FAB460C},2010-03-19 07:45:47,JDE8246,PC-0052,http://www.espn.com/359E88,page text
http,{000000248B35-25A95591},2010-03-19 08:11:00,JDE8246,PC-0052,http://www.dropbox.com/0939CC,page text
http,{000000248B30-15E6014F},2010-03-19 08:18:47,JDE8246,PC-0052,http://www.linkedin.com/0BF1EB,page text
http,{000000248B28-316AFE3A},2010-03-19 09:49:27,JDE8246,PC-0052,http://www.linkedin.com/368DAC,page text
http,{000000248B32-2F015C44},2010-03-19 11:05:18,JDE8246,PC-0052,http://www.drive.google.com/347AAE,page text
http,{000000248B23-38E5E1AF},2010-03-19 11:06:22,JDE8246,PC-0052,http://www.amazon.com/3A363A,page text
http,{000000248B2F-0AE796C7},2010-03-19 11:08:53,JDE8246,PC-0052,http://www.monster.com/00421C,page text
http,{000000248B37-26F5D18C},2010-03-19 11:12:30,JDE8246,PC-0052,http://www.monster.com/281469,page text
http,{000000248B26-21E0FE53},2010-03-19 11:20:42,JDE8246,PC-0052,http://www.dropbox.com/33D3E6,page text
http,{000000248B33-1410D8D7},2010-03-19 11:25:32,JDE8246,PC-0052,http://www.linkedin.com/1ED7C2,page text
http,{000000248B3D-0D3020B1},2010-03-19 11:34:53,JDE8246,PC-0052,http://www.dropbox.com/2E12CA,page text
http,{000000248B2A-14C03C8A},2010-03-19 12:08:22,JDE8246,PC-0052,http://www.monster.com/30DC61,page text
http,{000000248B2E-1237A2CE},2010-03-19 12:14:37,JDE8246,PC-0052,http://www.dropbox.com/1FE755,page text
http,{000000248B34-28724231},2010-03-19 12:59:59,JDE8246,PC-0052,http://www.dropbox.com/392CF0,page text
http,{000000248B39-0EDC2A16},2010-03-19 13:09:07,JDE8246,PC-0052,http://www.drive.google.com/37ED59,page text
http,{000000248B22-17067F6C},2010-03-19 13:30:58,JDE8246,PC-0052,http://www.dropbox.com/1DA9D2,page text
http,{000000248B25-14CCD2D7},2010-03-19 14:03:39,JDE8246,PC-0052,http://www.drive.google.com/35FCEC,page text
http,{000000248B29-28B6B4A8},2010-03-19 14:27:43,JDE8246,PC-0052,http://www.linkedin.com/25661F,page text
http,{000000248B2D-34FABE2C},2010-03-19 14:40:58,JDE8246,PC-0052,http://www.linkedin.com/32B42D,page text
http,{000000248B31-0D6F78BD},2010-03-19 15:10:15,JDE8246,PC-0052,http://www.drive.google.com/3E1460,page text
http,{000000248B38-0ADE9B09},2010-03-19 15:44:33,JDE8246,PC-0052,http://www.drive.google.com/25388E,page text
http,{000000248B2B-05F2D841},2010-03-19 16:25:18,JDE8246,PC-0052,http://www.amazon.com/2CBAE8,page text
http,{000000248B3B-159F1AA9},2010-03-19 16:25:39,JDE8246,PC-0052,http://www.espn.com/124BC6,page text
http,{000000248B36-127C45AA},2010-03-19 17:21:52,JDE8246,PC-0052,http://www.monster.com/27A7AE,page text
http,{000000248B3A-0E1870B0},2010-03-19 17:39:52,JDE8246,PC-0052,http://www.dropbox.com/388C05,page text
http,{000000248B3C-3303688F},2010-03-19 17:52:49,JDE8246,PC-0052,http://www.drive.google.com/3A0A26,page text
http,{000000248B40-0400179E},2010-03-22 07:05:21,JDE8246,PC-0052,http://www.monster.com/28DFA8,page text
http,{000000248B4F-2805467B},2010-03-22 07:28:42,JDE8246,PC-0052,http://www.monster.com/0F611A,page text
http,{000000248B47-10D07152},2010-03-22 07:46:25,JDE8246,PC-0052,http://www.monster.com/2BCAAF,page text
http,{000000248B49-3BF95DC7},2010-03-22 07:50:42,JDE8246,PC-0052,http://www.dropbox.com/39C17A,page text
http,{000000248B4A-38A1210E},2010-03-22 08:02:11,JDE8246,PC-0052,http://www.monster.com/217910,page text
http,{000000248B54-228E7381},2010-03-22 08:07:58,JDE8246,PC-0052,http://www.linkedin.com/2E573B,page text
http,{000000248B53-3CD11CB2},2010-03-22 08:25:22,JDE8246,PC-0052,http://www.github.com/15D0BA,page text
http,{000000248B55-148E8E39},2010-03-22 08:47:13,JDE8246,PC-0052,http://www.drive.google.com/10A9D2,page text
http,{000000248B43-0C936A9A},2010-03-22 09:35:24,JDE8246,PC-0052,http://www.dropbox.com/323A5E,page text
http,{000000248B4D-395F46FF},2010-03-22 10:13:49,JDE8246,PC-0052,http://www.espn.com/1540B4,page text
http,{000000248B4C-083A501F},2010-03-22 11:34:42,JDE8246,PC-0052,http://www.linkedin.com/388631,page text
http,{000000248B3E-3EFF78AE},2010-03-22 12:13:28,JDE8246,PC-0052,http://www.monster.com/05C26D,page text
http,{000000248B4B-04D6850F},2010-03-22 12:27:32,JDE8246,PC-0052,http://www.monster.com/2A1FE6,page text
http,{000000248B50-2D6C075C},2010-03-22 12:53:15,JDE8246,PC-0052,http://www.drive.google.com/19E258,page text
http,{000000248B45-1980A9C3},2010-03-22 13:03:05,JDE8246,PC-0052,http://www.monster.com/30F96A,page text
http,{000000248B52-1143A194},2010-03-22 13:13:20,JDE8246,PC-0052,http://www.monster.com/347244,page text
http,{000000248B3F-1065B989},2010-03-22 13:55:20,JDE8246,PC-0052,http://www.linkedin.com/3F2C92,page text
http,{000000248B46-022563BF},2010-03-22 14:55:38,JDE8246,PC-0052,http://www.drive.google.com/3EC8D3,page text
http,{000000248B4E-0DE91A1A},2010-03-22 15:03:26,JDE8246,PC-0052,http://www.amazon.com/3E0815,page text
http,{000000248B42-3023649F},2010-03-22 15:53:44,JDE8246,PC-0052,http://www.monster.com/2D132B,page text
http,{000000248B41-066DB9E3},2010-03-22 16:19:12,JDE8246,PC-0052,http://www.linkedin.com/30E258,page text
http,{000000248B44-3297FBD8},2010-03-22 17:12:13,JDE8246,PC-0052,http://www.linkedin.com/0C39B6,page text
http,{000000248B48-332424BF},2010-03-22 17:39:00,JDE8246,PC-0052,http://www.dropbox.com/2C7A96,page text
http,{000000248B51-226211E6},2010-03-22 17:54:04,JDE8246,PC-0052,http://www.dropbox.com/3C8EFA,page text
