logon,{00000001BDE8-0FD4F621},2010-07-13 18:35:03,CQZ8674,PC-0013,Logon
logon,{00000001BDEA-3D0837B2},2010-07-13 19:07:58,CQZ8674,PC-0013,Logon
logon,{00000001C0DC-230B1CFE},2010-07-13 20:04:58,CQZ8674,PC-0013,Logoff
logon,{00000001C0DA-35748BB7},2010-07-13 20:37:03,CQZ8674,PC-0013,Logoff
logon,{00000001BDE9-1ADBFEB0},2010-07-13 23:27:47,CQZ8674,PC-0013,Logon
logon,{00000001C0DB-3AD4FC4B},2010-07-14 00:46:47,CQZ8674,PC-0013,Logoff
logon,{00000001BDEB-15F03DBB},2010-07-14 18:19:56,CQZ8674,PC-0013,Logon
logon,{00000001C0DD-172322EB},2010-07-14 19:41:56,CQZ8674,PC-0013,Logoff
logon,{00000001BDED-216062F8},2010-07-15 06:54:47,CQZ8674,PC-0013,Logon
logon,{00000001C0DF-12F0CC75},2010-07-15 08:04:47,CQZ8674,PC-0013,Logoff
logon,{00000001BDEF-0AD658E1},2010-07-15 19:11:14,CQZ8674,PC-0013,Logon
logon,{00000001BDEE-16FDF315},2010-07-15 19:59:12,CQZ8674,PC-0013,Logon
logon,{00000001C0E1-3533CFF6},2010-07-15 20:27:14,CQZ8674,PC-0013,Logoff
logon,{00000001C0E0-1D840042},2010-07-15 20:31:12,CQZ8674,PC-0013,Logoff
logon,{00000001BDEC-1DA1E1FF},2010-07-15 23:23:55,CQZ8674,PC-0013,Logon
logon,{00000001C0DE-1F1E17A7},2010-07-16 00:49:55,CQZ8674,PC-0013,Logoff
logon,{00000001BDF1-075D9B98},2010-07-16 05:02:46,CQZ8674,PC-0013,Logon
logon,{00000001C0E3-2431CFDC},2010-07-16 07:48:46,CQZ8674,PC-0013,Logoff
logon,{00000001BDF0-398F87EA},2010-07-16 19:56:19,CQZ8674,PC-0013,Logon
logon,{00000001C0E2-37EC7E5E},2010-07-16 23:44:19,CQZ8674,PC-0013,Logoff
logon,{00000001BDF5-25A19A82},2010-07-19 01:41:26,CQZ8674,PC-0013,Logon
logon,{00000001BDF3-17B93556},2010-07-19 05:20:06,CQZ8674,PC-0013,Logon
logon,{00000001C0E7-311D0BAD},2010-07-19 05:24:26,CQZ8674,PC-0013,Logoff
logon,{00000001C0E5-0F1C654A},2010-07-19 06:47:06,CQZ8674,PC-0013,Logoff
logon,{00000001BDF2-34B09C12},2010-07-19 21:39:29,CQZ8674,PC-0013,Logon
logon,{00000001BDF4-384F6999},2010-07-19 21:42:36,CQZ8674,PC-0013,Logon
logon,{00000001C0E4-353ADEC9},2010-07-19 22:19:29,CQZ8674,PC-0013,Logoff
logon,{00000001C0E6-147718A5},2010-07-20 00:23:36,CQZ8674,PC-0013,Logoff
logon,{00000001BDF9-22EB0CFE},2010-07-20 18:18:39,CQZ8674,PC-0013,Logon
logon,{00000001C0EB-3A317A1E},2010-07-20 18:55:39,CQZ8674,PC-0013,Logoff
logon,{00000001BDF8-36AFC6B2},2010-07-20 20:48:21,CQZ8674,PC-0013,Logon
logon,{00000001BDFA-30974136},2010-07-20 21:15:38,CQZ8674,PC-0013,Logon
logon,{00000001C0EA-39B20D0E},2010-07-20 22:35:21,CQZ8674,PC-0013,Logoff
logon,{00000001C0EC-0EBB7B11},2010-07-20 22:59:38,CQZ8674,PC-0013,Logoff
logon,{00000001BDF7-31276956},2010-07-20 23:46:17,CQZ8674,PC-0013,Logon
logon,{00000001BDF6-265640FC},2010-07-20 23:53:02,CQZ8674,PC-0013,Logon
logon,{00000001BDFB-24F7BB4A},2010-07-21 00:39:57,CQZ8674,PC-0013,Logon
logon,{00000001C0E8-1B3C876E},2010-07-21 01:54:02,CQZ8674,PC-0013,Logoff
logon,{00000001C0ED-139D2B38},2010-07-21 02:14:57,CQZ8674,PC-0013,Logoff
logon,{00000001C0E9-008F4A0B},2010-07-21 03:35:17,CQZ8674,PC-0013,Logoff
logon,{00000001BDFE-1738105A},2010-07-21 05:52:05,CQZ8674,PC-0013,Logon
logon,{00000001C0F0-1F388BA2},2010-07-21 08:32:05,CQZ8674,PC-0013,Logoff
logon,{00000001BDFD-379BB8DB},2010-07-21 21:15:34,CQZ8674,PC-0013,Logon
logon,{00000001BDFC-07C99086},2010-07-21 22:28:48,CQZ8674,PC-0013,Logon
logon,{00000001C0EF-32DEEC2E},2010-07-21 23:17:34,CQZ8674,PC-0013,Logoff
logon,{00000001C0EE-039811EA},2010-07-22 02:13:48,CQZ8674,PC-0013,Logoff
logon,{00000001BE03-1B186F6F},2010-07-22 05:07:27,CQZ8674,PC-0013,Logon
logon,{00000001BE07-076ACCC5},2010-07-22 06:17:52,CQZ8674,PC-0013,Logon
logon,{00000001C0F9-3766A266},2010-07-22 07:46:52,CQZ8674,PC-0088,Logoff
logon,{00000001C0F5-0D4D44E0},2010-07-22 08:31:27,CQZ8674,PC-0013,Logoff
logon,{00000001BE02-01DB28AD},2010-07-22 19:45:37,CQZ8674,PC-0013,Logon
logon,{00000001BE05-30C85AC5},2010-07-22 20:51:11,CQZ8674,PC-0013,Logon
logon,{00000001BE01-319FEBB4},2010-07-22 21:12:53,CQZ8674,PC-0013,Logon
logon,{00000001BDFF-21AE5A47},2010-07-22 22:29:49,CQZ8674,PC-0013,Logon
logon,{00000001BE00-23B29900},2010-07-22 23:14:29,CQZ8674,PC-0013,Logon
logon,{00000001BE06-03CD076F},2010-07-22 23:21:41,CQZ8674,PC-0013,Logon
logon,{00000001C0F7-167D7C17},2010-07-22 23:33:11,CQZ8674,PC-0013,Logoff
logon,{00000001BE04-17AB8CE5},2010-07-22 23:40:00,CQZ8674,PC-0013,Logon
logon,{00000001C0F4-0F249F01},2010-07-22 23:42:37,CQZ8674,PC-0013,Logoff
logon,{00000001C0F3-10A18D30},2010-07-22 23:49:53,CQZ8674,PC-0041,Logoff
logon,{00000001C0F2-0BF0EEE3},2010-07-23 00:31:29,CQZ8674,PC-0013,Logoff
logon,{00000001C0F1-22BF4403},2010-07-23 00:42:49,CQZ8674,PC-0013,Logoff
logon,{00000001C0F8-229C6BA8},2010-07-23 00:51:41,CQZ8674,PC-0013,Logoff
logon,{00000001C0F6-2E73FD71},2010-07-23 02:31:00,CQZ8674,PC-0013,Logoff
logon,{00000001BE08-229A6DF2},2010-07-23 03:36:08,CQZ8674,PC-0013,Logon
logon,{00000001C0FA-249D530D},2010-07-23 05:36:08,CQZ8674,PC-0013,Logoff
logon,{00000001BE0A-35B95CB4},2010-07-26 22:02:57,CQZ8674,PC-0013,Logon
logon,{00000001BE09-170A570A},2010-07-26 22:43:15,CQZ8674,PC-0013,Logon
logon,{00000001C0FB-0070670E},2010-07-27 01:29:15,CQZ8674,PC-0013,Logoff
logon,{00000001C0FC-1F3700B3},2010-07-27 01:44:57,CQZ8674,PC-0013,Logoff
logon,{00000001BE0D-27DCEF7E},2010-07-27 06:11:06,CQZ8674,PC-0013,Logon
logon,{00000001C0FF-2C0B920C},2010-07-27 06:52:06,CQZ8674,PC-0013,Logoff
logon,{00000001BE0C-1AE40065},2010-07-27 19:18:04,CQZ8674,PC-0013,Logon
logon,{00000001BE0B-3289A675},2010-07-27 21:48:14,CQZ8674,PC-0013,Logon
logon,{00000001C0FE-13043976},2010-07-27 21:58:04,CQZ8674,PC-0013,Logoff
logon,{00000001C0FD-1D14118A},2010-07-28 00:29:14,CQZ8674,PC-0013,Logoff
logon,{00000001BE0E-05EACCA0},2010-07-28 02:46:44,CQZ8674,PC-0013,Logon
logon,{00000001BE10-15E7658C},2010-07-28 05:16:40,CQZ8674,PC-0013,Logon
logon,{00000001C100-3DE47749},2010-07-28 05:45:44,CQZ8674,PC-0013,Logoff
logon,{00000001C102-14C152CC},2010-07-28 08:03:40,CQZ8674,PC-0013,Logoff
logon,{00000001BE0F-1EE074E6},2010-07-28 21:22:45,CQZ8674,PC-0033,Logon
logon,{00000001C101-08F2F8EA},2010-07-28 23:40:45,CQZ8674,PC-0013,Logoff
logon,{00000001BE13-34F4D6AA},2010-07-29 05:24:20,CQZ8674,PC-0013,Logon
logon,{00000001BE12-232C8ED8},2010-07-29 05:53:27,CQZ8674,PC-0013,Logon
logon,{00000001C105-237017F2},2010-07-29 06:35:20,CQZ8674,PC-0013,Logoff
logon,{00000001C104-1774A9EB},2010-07-29 08:28:27,CQZ8674,PC-0013,Logoff
logon,{00000001BE14-3FD50835},2010-07-29 20:14:06,CQZ8674,PC-0013,Logon
logon,{00000001BE11-2133B131},2010-07-29 21:10:38,CQZ8674,PC-0013,Logon
logon,{00000001C106-1D5345EC},2010-07-29 22:27:06,CQZ8674,PC-0013,Logoff
logon,{00000001C103-25DA22FF},2010-07-29 23:34:38,CQZ8674,PC-0013,Logoff
logon,{00000001BE16-310C45FC},2010-07-30 06:13:53,CQZ8674,PC-0013,Logon
logon,{00000001C108-21D34435},2010-07-30 06:45:53,CQZ8674,PC-0013,Logoff
logon,{00000001BE15-08D15A58},2010-07-30 18:12:08,CQZ8674,PC-0013,Logon
logon,{00000001C107-23D8D088},2010-07-30 21:53:08,CQZ8674,PC-0013,Logoff
logon,{00000001BE17-28674E60},2010-07-30 22:01:41,CQZ8674,PC-0013,Logon
logon,{00000001C109-162D9A25},2010-07-31 01:29:41,CQZ8674,PC-0013,Logoff
device,{00000001F27E-3F8ACE04},2010-07-13 06:47:27,CQZ8674,PC-0013,Connect
device,{00000001EF73-12D88D10},2010-07-13 07:36:37,CQZ8674,PC-0013,Connect
device,{00000001F347-2ACB792A},2010-07-13 07:45:27,CQZ8674,PC-0013,Disconnect
device,{00000001F0FD-3249AD7A},2010-07-13 08:03:37,CQZ8674,PC-0013,Disconnect
device,{00000001EF74-1DFEEF9F},2010-07-13 12:30:37,CQZ8674,PC-0013,Connect
device,{00000001F0FE-207F6D01},2010-07-13 13:56:37,CQZ8674,PC-0013,Disconnect
device,{00000001EF72-31AB4DA9},2010-07-13 16:53:09,CQZ8674,PC-0013,Connect
device,{00000001F0FC-08981337},2010-07-13 17:14:09,CQZ8674,PC-0013,Disconnect
device,{00000001F27F-20A2ABBA},2010-07-13 18:46:55,CQZ8674,PC-0013,Connect
device,{00000001F280-054F4793},2010-07-13 19:29:03,CQZ8674,PC-0013,Connect
device,{00000001F349-14B910B8},2010-07-13 19:50:03,CQZ8674,PC-0013,Disconnect
device,{00000001F348-03A48732},2010-07-13 19:57:55,CQZ8674,PC-0013,Disconnect
device,{00000001EF75-34F6A70B},2010-07-14 09:15:08,CQZ8674,PC-0013,Connect
device,{00000001F0FF-30FA9617},2010-07-14 09:26:08,CQZ8674,PC-0013,Disconnect
device,{00000001EF77-153820CC},2010-07-14 10:25:36,CQZ8674,PC-0013,Connect
device,{00000001F101-28DC311D},2010-07-14 10:44:36,CQZ8674,PC-0013,Disconnect
device,{00000001EF76-32ED6B4F},2010-07-14 11:29:41,CQZ8674,PC-0013,Connect
device,{00000001F100-0F03AC4E},2010-07-14 12:06:41,CQZ8674,PC-0013,Disconnect
device,{00000001EF78-28534AC6},2010-07-14 13:18:43,CQZ8674,PC-0013,Connect
device,{00000001F102-30412543},2010-07-14 13:31:43,CQZ8674,PC-0013,Disconnect
device,{00000001EF7A-063D2FF7},2010-07-15 09:00:16,CQZ8674,PC-0013,Connect
device,{00000001F104-261E1094},2010-07-15 09:16:16,CQZ8674,PC-0013,Disconnect
device,{00000001EF79-3E01DC16},2010-07-15 13:44:12,CQZ8674,PC-0013,Connect
device,{00000001F103-244AC8E5},2010-07-15 14:05:12,CQZ8674,PC-0013,Disconnect
device,{00000001F282-1D747184},2010-07-15 18:56:51,CQZ8674,PC-0013,Connect
device,{00000001F34B-308EABD8},2010-07-15 20:08:51,CQZ8674,PC-0013,Disconnect
device,{00000001F281-2C6C2ADC},2010-07-15 23:41:22,CQZ8674,PC-0013,Connect
device,{00000001F34A-38C9C120},2010-07-16 00:20:22,CQZ8674,PC-0013,Disconnect
device,{00000001EF7B-2C561E1F},2010-07-16 10:12:08,CQZ8674,PC-0013,Connect
device,{00000001F105-16B75E49},2010-07-16 10:27:08,CQZ8674,PC-0013,Disconnect
device,{00000001F283-229DEAC9},2010-07-16 18:00:56,CQZ8674,PC-0013,Connect
device,{00000001F34C-11106CE3},2010-07-16 18:09:56,CQZ8674,PC-0013,Disconnect
device,{00000001F284-0A7FCD4F},2010-07-16 18:55:25,CQZ8674,PC-0013,Connect
device,{00000001F34D-014E86F7},2010-07-16 20:10:25,CQZ8674,PC-0013,Disconnect
device,{00000001EF7D-25634DCC},2010-07-19 09:14:15,CQZ8674,PC-0013,Connect
device,{00000001F107-1270C27F},2010-07-19 10:21:15,CQZ8674,PC-0013,Disconnect
device,{00000001EF7E-35BFCA76},2010-07-19 13:31:47,CQZ8674,PC-0013,Connect
device,{00000001F108-2A4A8C89},2010-07-19 14:44:47,CQZ8674,PC-0013,Disconnect
device,{00000001EF7C-1263280F},2010-07-19 17:32:08,CQZ8674,PC-0013,Connect
device,{00000001EF7F-1CB928CB},2010-07-19 17:54:14,CQZ8674,PC-0013,Connect
device,{00000001F109-04011642},2010-07-19 18:28:14,CQZ8674,PC-0013,Disconnect
device,{00000001F285-04B550A3},2010-07-19 18:33:25,CQZ8674,PC-0013,Connect
device,{00000001F106-07D558EE},2010-07-19 18:43:08,CQZ8674,PC-0013,Disconnect
device,{00000001F34E-29C226B5},2010-07-19 19:16:25,CQZ8674,PC-0013,Disconnect
device,{00000001EF80-3A31B49D},2010-07-20 11:00:10,CQZ8674,PC-0013,Connect
device,{00000001F10A-07302503},2010-07-20 11:37:10,CQZ8674,PC-0013,Disconnect
device,{00000001EF81-1C3E41ED},2010-07-20 17:39:31,CQZ8674,PC-0013,Connect
device,{00000001F10B-1ACAE240},2010-07-20 18:18:31,CQZ8674,PC-0013,Disconnect
device,{00000001F286-0F7147E8},2010-07-21 03:55:34,CQZ8674,PC-0013,Connect
device,{00000001F34F-22F99C93},2010-07-21 04:43:34,CQZ8674,PC-0013,Disconnect
device,{00000001F289-2A5A26FB},2010-07-21 06:10:03,CQZ8674,PC-0013,Connect
device,{00000001F352-0B088D99},2010-07-21 06:12:03,CQZ8674,PC-0013,Disconnect
device,{00000001EF82-170F8A7F},2010-07-21 07:34:19,CQZ8674,PC-0013,Connect
device,{00000001F10C-2B9A85E3},2010-07-21 07:47:19,CQZ8674,PC-0013,Disconnect
device,{00000001EF84-29E839DD},2010-07-21 09:14:23,CQZ8674,PC-0013,Connect
device,{00000001F10E-294B3667},2010-07-21 09:37:23,CQZ8674,PC-0013,Disconnect
device,{00000001EF83-1CB0EDA9},2010-07-21 17:50:59,CQZ8674,PC-0013,Connect
device,{00000001F10D-2D3BE377},2010-07-21 18:04:59,CQZ8674,PC-0013,Disconnect
device,{00000001F28A-142608D3},2010-07-21 18:53:35,CQZ8674,PC-0013,Connect
device,{00000001F288-1B383876},2010-07-21 19:20:26,CQZ8674,PC-0013,Connect
device,{00000001F351-33CDAD97},2010-07-21 19:41:26,CQZ8674,PC-0013,Disconnect
device,{00000001F287-3499E418},2010-07-21 20:01:24,CQZ8674,PC-0013,Connect
device,{00000001F353-14736F82},2010-07-21 20:18:35,CQZ8674,PC-0013,Disconnect
device,{00000001F350-067C685C},2010-07-21 20:32:24,CQZ8674,PC-0013,Disconnect
device,{00000001EF85-0A2EFEED},2010-07-22 07:45:38,CQZ8674,PC-0013,Connect
device,{00000001EF88-2C0B4FE0},2010-07-22 08:33:02,CQZ8674,PC-0013,Connect
device,{00000001F10F-06544E45},2010-07-22 08:36:38,CQZ8674,PC-0013,Disconnect
device,{00000001F112-0E59AEB8},2010-07-22 09:34:02,CQZ8674,PC-0013,Disconnect
device,{00000001EF89-2D77D325},2010-07-22 12:26:55,CQZ8674,PC-0013,Connect
device,{00000001F113-11AE2448},2010-07-22 12:41:55,CQZ8674,PC-0013,Disconnect
device,{00000001EF87-01C28CEF},2010-07-22 13:56:12,CQZ8674,PC-0013,Connect
device,{00000001F111-2EAF0C3B},2010-07-22 14:26:12,CQZ8674,PC-0013,Disconnect
device,{00000001EF86-3658E262},2010-07-22 17:55:37,CQZ8674,PC-0013,Connect
device,{00000001F110-0D5EEBB7},2010-07-22 18:32:37,CQZ8674,PC-0013,Disconnect
device,{00000001F28C-148D7386},2010-07-22 19:18:54,CQZ8674,PC-0013,Connect
device,{00000001F355-1878C8E3},2010-07-22 19:31:54,CQZ8674,PC-0013,Disconnect
device,{00000001F28B-1C832183},2010-07-22 20:34:13,CQZ8674,PC-0013,Connect
device,{00000001F354-0668FF01},2010-07-22 20:39:13,CQZ8674,PC-0013,Disconnect
device,{00000001EF8A-280E3195},2010-07-23 09:59:38,CQZ8674,PC-0013,Connect
device,{00000001F114-381B4794},2010-07-23 10:33:38,CQZ8674,PC-0013,Disconnect
device,{00000001F28D-33B99D6B},2010-07-23 19:07:57,CQZ8674,PC-0013,Connect
device,{00000001F356-0F7784CC},2010-07-23 19:16:57,CQZ8674,PC-0013,Disconnect
device,{00000001F28E-3C448C8A},2010-07-26 02:32:41,CQZ8674,PC-0013,Connect
device,{00000001F357-18A0FFCF},2010-07-26 02:44:41,CQZ8674,PC-0013,Disconnect
device,{00000001EF8B-321C57BC},2010-07-26 09:21:21,CQZ8674,PC-0013,Connect
device,{00000001F115-0A5DA96B},2010-07-26 10:49:21,CQZ8674,PC-0013,Disconnect
device,{00000001EF8D-1A1EE9D2},2010-07-26 13:42:20,CQZ8674,PC-0013,Connect
device,{00000001F117-1E1D76DF},2010-07-26 15:09:20,CQZ8674,PC-0013,Disconnect
device,{00000001EF8E-3A661968},2010-07-26 16:07:49,CQZ8674,PC-0013,Connect
device,{00000001F118-123DEB5D},2010-07-26 17:02:49,CQZ8674,PC-0013,Disconnect
device,{00000001EF8C-3BECE508},2010-07-26 17:42:33,CQZ8674,PC-0013,Connect
device,{00000001F116-134D63F8},2010-07-26 18:33:33,CQZ8674,PC-0013,Disconnect
device,{00000001EF90-083D0EC4},2010-07-27 09:02:33,CQZ8674,PC-0013,Connect
device,{00000001F11A-112A0D99},2010-07-27 09:34:33,CQZ8674,PC-0013,Disconnect
device,{00000001EF8F-3F4B3530},2010-07-27 13:08:09,CQZ8674,PC-0013,Connect
device,{00000001F119-3EE9C7F1},2010-07-27 13:54:09,CQZ8674,PC-0013,Disconnect
device,{00000001EF91-1DCCC910},2010-07-27 17:41:39,CQZ8674,PC-0013,Connect
device,{00000001F11B-34BE57C0},2010-07-27 18:42:39,CQZ8674,PC-0013,Disconnect
device,{00000001F290-1CB529C3},2010-07-27 20:41:09,CQZ8674,PC-0013,Connect
device,{00000001F28F-2F652237},2010-07-27 21:22:07,CQZ8674,PC-0013,Connect
device,{00000001F358-3F6DD7E4},2010-07-27 21:43:07,CQZ8674,PC-0013,Disconnect
device,{00000001F359-3843663F},2010-07-27 21:46:09,CQZ8674,PC-0013,Disconnect
device,{00000001F292-09E005D2},2010-07-28 00:25:46,CQZ8674,PC-0013,Connect
device,{00000001F35B-35F2801C},2010-07-28 01:34:46,CQZ8674,PC-0013,Disconnect
device,{00000001EF94-1FD6DBFF},2010-07-28 08:57:42,CQZ8674,PC-0013,Connect
device,{00000001F11E-03632BCF},2010-07-28 10:16:42,CQZ8674,PC-0013,Disconnect
device,{00000001EF93-085214D4},2010-07-28 15:12:54,CQZ8674,PC-0013,Connect
device,{00000001F11D-1818AA9C},2010-07-28 16:05:54,CQZ8674,PC-0013,Disconnect
device,{00000001EF92-11E13767},2010-07-28 17:10:30,CQZ8674,PC-0013,Connect
device,{00000001F11C-0D6C1890},2010-07-28 18:33:30,CQZ8674,PC-0013,Disconnect
device,{00000001F291-3E88A2A3},2010-07-28 18:36:50,CQZ8674,PC-0013,Connect
device,{00000001F35A-2C04B1D8},2010-07-28 19:17:50,CQZ8674,PC-0013,Disconnect
device,{00000001F293-03F1A0FD},2010-07-28 19:47:45,CQZ8674,PC-0013,Connect
device,{00000001F35C-26A062AE},2010-07-28 20:06:45,CQZ8674,PC-0013,Disconnect
device,{00000001F294-12AC1D37},2010-07-29 05:52:32,CQZ8674,PC-0013,Connect
device,{00000001F35D-0906B644},2010-07-29 07:04:32,CQZ8674,PC-0013,Disconnect
device,{00000001EF96-2F272D37},2010-07-29 08:28:58,CQZ8674,PC-0013,Connect
device,{00000001F120-3CFBEEAD},2010-07-29 08:45:58,CQZ8674,PC-0013,Disconnect
device,{00000001EF97-19A602CB},2010-07-29 09:29:47,CQZ8674,PC-0013,Connect
device,{00000001F121-1EEB936C},2010-07-29 10:39:47,CQZ8674,PC-0013,Disconnect
device,{00000001EF95-194FC5B4},2010-07-29 11:14:03,CQZ8674,PC-0013,Connect
device,{00000001F11F-2AABB10F},2010-07-29 12:10:03,CQZ8674,PC-0013,Disconnect
device,{00000001EF9A-365E6227},2010-07-29 13:31:46,CQZ8674,PC-0013,Connect
device,{00000001EF99-21796DA8},2010-07-29 14:01:24,CQZ8674,PC-0013,Connect
device,{00000001F123-3742378A},2010-07-29 14:08:24,CQZ8674,PC-0013,Disconnect
device,{00000001F124-226C2584},2010-07-29 14:47:46,CQZ8674,PC-0013,Disconnect
device,{00000001EF98-30A6B168},2010-07-29 17:04:23,CQZ8674,PC-0013,Connect
device,{00000001F122-060AE5AB},2010-07-29 17:20:23,CQZ8674,PC-0013,Disconnect
device,{00000001EF9B-229AD70A},2010-07-30 11:38:52,CQZ8674,PC-0013,Connect
device,{00000001F125-04FEDE87},2010-07-30 12:18:52,CQZ8674,PC-0013,Disconnect
device,{00000001EF9C-35AB3EF7},2010-07-30 15:17:30,CQZ8674,PC-0013,Connect
device,{00000001F126-05FE588D},2010-07-30 15:52:30,CQZ8674,PC-0013,Disconnect
device,{00000001F296-012A6058},2010-07-30 18:18:41,CQZ8674,PC-0013,Connect
device,{00000001F35F-0A8F8FC4},2010-07-30 18:22:41,CQZ8674,PC-0013,Disconnect
device,{00000001F297-3065BAAC},2010-07-30 20:05:43,CQZ8674,PC-0013,Connect
device,{00000001F360-0548D473},2010-07-30 20:32:43,CQZ8674,PC-0013,Disconnect
device,{00000001F295-07F1B62C},2010-07-30 23:13:15,CQZ8674,PC-0013,Connect
device,{00000001F35E-105B72B1},2010-07-30 23:27:15,CQZ8674,PC-0013,Disconnect
file,{00000002CA2E-244C8A5E},2010-07-13 07:06:06,CQZ8674,PC-0013,A27AF7.zip,D0-CF-11-E0
file,{00000002CA23-37C4CC52},2010-07-13 07:38:16,CQZ8674,PC-0013,6FDDD2.pdf,D0-CF-11-E0
file,{00000002CA2F-300C1309},2010-07-13 07:44:06,CQZ8674,PC-0013,554095.jpg,D0-CF-11-E0
file,{00000002CA2A-3CDBF9BC},2010-07-13 07:53:06,CQZ8674,PC-0013,A50C47.zip,D0-CF-11-E0
file,{00000002CA1E-0ED3B36A},2010-07-13 08:44:03,CQZ8674,PC-0013,4788FA.pdf,D0-CF-11-E0
file,{00000002CA25-33628218},2010-07-13 08:57:36,CQZ8674,PC-0013,3E0C47.pdf,D0-CF-11-E0
file,{00000002CA22-2B00D5C8},2010-07-13 09:06:26,CQZ8674,PC-0013,42C4EE.pdf,D0-CF-11-E0
file,{00000002CA1B-3F1A033D},2010-07-13 09:22:18,CQZ8674,PC-0013,7C78FA.pdf,D0-CF-11-E0
file,{00000002CA27-28007647},2010-07-13 09:35:18,CQZ8674,PC-0013,BFDB4D.zip,D0-CF-11-E0
file,{00000002CA26-37DD82F1},2010-07-13 09:46:40,CQZ8674,PC-0013,9FE0F3.pdf,D0-CF-11-E0
file,{00000002CA19-05A34FE0},2010-07-13 10:02:44,CQZ8674,PC-0013,FE1890.doc,D0-CF-11-E0
file,{00000002CA20-21880376},2010-07-13 10:39:27,CQZ8674,PC-0013,B86657.doc,D0-CF-11-E0
file,{00000002CA2C-1CFEF6D7},2010-07-13 12:45:32,CQZ8674,PC-0013,6210F3.doc,D0-CF-11-E0
file,{00000002CA29-1E5D28DA},2010-07-13 13:10:17,CQZ8674,PC-0013,0F830A.pdf,D0-CF-11-E0
file,{00000002CA1C-2A08573A},2010-07-13 13:23:17,CQZ8674,PC-0013,261823.doc,D0-CF-11-E0
file,{00000002CA2B-34F7A347},2010-07-13 13:58:50,CQZ8674,PC-0013,B67A7B.zip,D0-CF-11-E0
file,{00000002CA1A-14B7130A},2010-07-13 14:00:51,CQZ8674,PC-0013,EEA394.zip,D0-CF-11-E0
file,{00000002CA24-29FF1593},2010-07-13 14:25:35,CQZ8674,PC-0013,4890FD.txt,D0-CF-11-E0
file,{00000002CA1D-046BDF86},2010-07-13 14:29:47,CQZ8674,PC-0013,354D0A.doc,D0-CF-11-E0
file,{00000002CA1F-255C3512},2010-07-13 14:44:40,CQZ8674,PC-0013,2BC809.pdf,D0-CF-11-E0
file,{00000002CA2D-0A1579F3},2010-07-13 16:13:47,CQZ8674,PC-0013,78D135.zip,D0-CF-11-E0
file,{00000002CA21-18930838},2010-07-13 16:18:21,CQZ8674,PC-0013,0AE710.doc,D0-CF-11-E0
file,{00000002CA28-23FB75D5},2010-07-13 17:23:17,CQZ8674,PC-0013,F42789.doc,D0-CF-11-E0
file,{00000002CA33-1CD389F0},2010-07-14 07:38:02,CQZ8674,PC-0013,DB0B5B.pdf,D0-CF-11-E0
file,{00000002CA3C-0A053912},2010-07-14 07:38:02,CQZ8674,PC-0013,E90245.jpg,D0-CF-11-E0
file,{00000002CA3A-06C02BEE},2010-07-14 08:46:11,CQZ8674,PC-0013,F9332E.pdf,D0-CF-11-E0
file,{00000002CA40-347688BD},2010-07-14 09:32:20,CQZ8674,PC-0013,B627BD.pdf,D0-CF-11-E0
file,{00000002CA32-1C175075},2010-07-14 09:42:48,CQZ8674,PC-0013,5C2AAB.doc,D0-CF-11-E0
file,{00000002CA38-14173DD2},2010-07-14 09:44:51,CQZ8674,PC-0013,ED3B30.doc,D0-CF-11-E0
file,{00000002CA39-234ABD5E},2010-07-14 10:39:59,CQZ8674,PC-0013,9ADD69.txt,D0-CF-11-E0
file,{00000002CA3F-23F93BD6},2010-07-14 12:32:08,CQZ8674,PC-0013,FBABFB.pdf,D0-CF-11-E0
file,{00000002CA37-33B16301},2010-07-14 12:39:01,CQZ8674,PC-0013,838474.zip,D0-CF-11-E0
file,{00000002CA3E-254376BA},2010-07-14 12:44:08,CQZ8674,PC-0013,B79147.zip,D0-CF-11-E0
file,{00000002CA30-0398227B},2010-07-14 13:07:28,CQZ8674,PC-0013,42300D.pdf,D0-CF-11-E0
file,{00000002CA41-28ABC0A9},2010-07-14 14:06:14,CQZ8674,PC-0013,0E5CCF.zip,D0-CF-11-E0
file,{00000002CA36-370C7F88},2010-07-14 14:23:17,CQZ8674,PC-0013,29B041.zip,D0-CF-11-E0
file,{00000002CA3B-3CA2A1EC},2010-07-14 14:46:31,CQZ8674,PC-0013,0C0DA3.jpg,D0-CF-11-E0
file,{00000002CA35-0EC9985B},2010-07-14 15:40:42,CQZ8674,PC-0013,5F1120.doc,D0-CF-11-E0
file,{00000002CA3D-18F98AAC},2010-07-14 17:13:28,CQZ8674,PC-0013,2AF718.txt,D0-CF-11-E0
file,{00000002CA34-16DACEBD},2010-07-14 17:18:14,CQZ8674,PC-0013,0D56D8.png,D0-CF-11-E0
file,{00000002CA31-165B3520},2010-07-14 17:22:03,CQZ8674,PC-0013,C42C53.pdf,D0-CF-11-E0
file,{00000002CA45-01040A32},2010-07-15 07:38:31,CQZ8674,PC-0013,135C4A.pdf,D0-CF-11-E0
file,{00000002CA4D-292F3109},2010-07-15 08:12:12,CQZ8674,PC-0013,F18F01.zip,D0-CF-11-E0
file,{00000002CA49-0FC2FB1E},2010-07-15 09:14:35,CQZ8674,PC-0013,450998.zip,D0-CF-11-E0
file,{00000002CA42-351BF796},2010-07-15 11:44:57,CQZ8674,PC-0013,2B2B16.doc,D0-CF-11-E0
file,{00000002CA44-24139D37},2010-07-15 12:00:07,CQZ8674,PC-0013,A936E7.doc,D0-CF-11-E0
file,{00000002CA4B-0FFC74AC},2010-07-15 12:34:28,CQZ8674,PC-0013,0CB20B.zip,D0-CF-11-E0
file,{00000002CA48-1F44D3A6},2010-07-15 12:48:13,CQZ8674,PC-0013,FEB49F.doc,D0-CF-11-E0
file,{00000002CA4E-35A200CC},2010-07-15 13:05:15,CQZ8674,PC-0013,4CE370.doc,D0-CF-11-E0
file,{00000002CA43-27DAE1AD},2010-07-15 13:31:11,CQZ8674,PC-0013,258A76.pdf,D0-CF-11-E0
file,{00000002CA52-08C75ACD},2010-07-15 13:49:45,CQZ8674,PC-0013,B20F73.doc,D0-CF-11-E0
file,{00000002CA46-203FC518},2010-07-15 14:32:40,CQZ8674,PC-0013,D13594.pdf,D0-CF-11-E0
file,{00000002CA47-30FE7FE7},2010-07-15 14:45:40,CQZ8674,PC-0013,F7A9F1.pdf,D0-CF-11-E0
file,{00000002CA50-0F266152},2010-07-15 15:26:49,CQZ8674,PC-0013,E72DB9.pdf,D0-CF-11-E0
file,{00000002CA4A-1618F615},2010-07-15 15:47:59,CQZ8674,PC-0013,2693B3.zip,D0-CF-11-E0
file,{00000002CA51-23ABC2A3},2010-07-15 16:11:34,CQZ8674,PC-0013,430205.doc,D0-CF-11-E0
file,{00000002CA4F-396E6560},2010-07-15 16:36:35,CQZ8674,PC-0013,EBD727.zip,D0-CF-11-E0
file,{00000002CA4C-1DEAD73D},2010-07-15 17:01:22,CQZ8674,PC-0013,8B67E3.jpg,D0-CF-11-E0
file,{00000002CA5D-0744A2C4},2010-07-16 10:51:54,CQZ8674,PC-0013,8A05C0.doc,D0-CF-11-E0
file,{00000002CA5F-2AE9FE5C},2010-07-16 11:30:19,CQZ8674,PC-0013,52AC83.pdf,D0-CF-11-E0
file,{00000002CA5A-1D403DB2},2010-07-16 11:32:02,CQZ8674,PC-0013,A2A9BD.doc,D0-CF-11-E0
file,{00000002CA59-389A1209},2010-07-16 11:35:51,CQZ8674,PC-0013,0CF6AA.pdf,D0-CF-11-E0
file,{00000002CA53-3DC6AC32},2010-07-16 11:57:12,CQZ8674,PC-0013,2E7F47.doc,D0-CF-11-E0
file,{00000002CA5E-3F8F7871},2010-07-16 12:41:08,CQZ8674,PC-0013,2FB7AC.zip,D0-CF-11-E0
file,{00000002CA5C-14097FA0},2010-07-16 12:45:43,CQZ8674,PC-0013,8A2AB9.pdf,D0-CF-11-E0
file,{00000002CA54-33EA47C4},2010-07-16 12:53:38,CQZ8674,PC-0013,C659E5.pdf,D0-CF-11-E0
file,{00000002CA56-1A0554A6},2010-07-16 13:10:42,CQZ8674,PC-0013,1C31B4.zip,D0-CF-11-E0
file,{00000002CA58-18326BFA},2010-07-16 14:25:03,CQZ8674,PC-0013,11D4EC.doc,D0-CF-11-E0
file,{00000002CA57-36B0CACF},2010-07-16 14:29:55,CQZ8674,PC-0013,13F172.zip,D0-CF-11-E0
file,{00000002CA55-125318F8},2010-07-16 15:24:12,CQZ8674,PC-0013,E66FD5.zip,D0-CF-11-E0
file,{00000002CA5B-3D0F842F},2010-07-16 16:11:08,CQZ8674,PC-0013,03FE81.pdf,D0-CF-11-E0
file,{00000002CA68-0577B27A},2010-07-19 08:39:41,CQZ8674,PC-0013,094CD9.zip,D0-CF-11-E0
file,{00000002CA69-276BD2B9},2010-07-19 09:58:13,CQZ8674,PC-0013,B1AF2B.pdf,D0-CF-11-E0
file,{00000002CA6A-163B3820},2010-07-19 11:49:38,CQZ8674,PC-0013,5E4237.doc,D0-CF-11-E0
file,{00000002CA60-33AC31B1},2010-07-19 12:04:43,CQZ8674,PC-0013,8F9F1A.pdf,D0-CF-11-E0
file,{00000002CA64-3CD84A12},2010-07-19 12:36:29,CQZ8674,PC-0013,AFF061.doc,D0-CF-11-E0
file,{00000002CA63-1BFC4304},2010-07-19 12:49:46,CQZ8674,PC-0013,937CD4.pdf,D0-CF-11-E0
file,{00000002CA6D-0E077534},2010-07-19 14:13:38,CQZ8674,PC-0013,91B951.pdf,D0-CF-11-E0
file,{00000002CA6C-3C9DE71B},2010-07-19 15:18:47,CQZ8674,PC-0013,8A02EE.pdf,D0-CF-11-E0
file,{00000002CA65-2CF8566A},2010-07-19 15:42:39,CQZ8674,PC-0013,120260.zip,D0-CF-11-E0
file,{00000002CA62-22927587},2010-07-19 15:50:49,CQZ8674,PC-0013,E3347C.pdf,D0-CF-11-E0
file,{00000002CA61-10451114},2010-07-19 16:51:28,CQZ8674,PC-0013,E09E70.pdf,D0-CF-11-E0
file,{00000002CA66-27105533},2010-07-19 17:15:09,CQZ8674,PC-0013,DD906D.pdf,D0-CF-11-E0
file,{00000002CA67-125FE90F},2010-07-19 17:20:08,CQZ8674,PC-0013,1AB3FD.pdf,D0-CF-11-E0
file,{00000002CA6B-04CBE2F2},2010-07-19 17:49:22,CQZ8674,PC-0013,2F9534.pdf,D0-CF-11-E0
file,{00000002CA71-1CF120AC},2010-07-20 07:17:43,CQZ8674,PC-0013,81C6E7.doc,D0-CF-11-E0
file,{00000002CA72-2224C679},2010-07-20 08:37:28,CQZ8674,PC-0013,8B4945.doc,D0-CF-11-E0
file,{00000002CA70-0773731B},2010-07-20 09:18:27,CQZ8674,PC-0013,C8AD14.txt,D0-CF-11-E0
file,{00000002CA76-1C515B05},2010-07-20 10:08:44,CQZ8674,PC-0013,6E6209.pdf,D0-CF-11-E0
file,{00000002CA79-3C015A60},2010-07-20 11:17:52,CQZ8674,PC-0013,B43632.jpg,D0-CF-11-E0
file,{00000002CA7B-1FA828B8},2010-07-20 11:27:20,CQZ8674,PC-0013,74AD62.zip,D0-CF-11-E0
file,{00000002CA7F-0E604DAE},2010-07-20 11:29:51,CQZ8674,PC-0013,33D785.doc,D0-CF-11-E0
file,{00000002CA78-06BE6BC5},2010-07-20 11:35:52,CQZ8674,PC-0013,E82553.zip,D0-CF-11-E0
file,{00000002CA7D-0B69B0B5},2010-07-20 12:23:02,CQZ8674,PC-0013,296230.doc,D0-CF-11-E0
file,{00000002CA80-1FA44CCB},2010-07-20 12:54:48,CQZ8674,PC-0013,DCF725.pdf,D0-CF-11-E0
file,{00000002CA74-3190908E},2010-07-20 13:27:03,CQZ8674,PC-0013,AFBB84.zip,D0-CF-11-E0
file,{00000002CA82-2F6E72F4},2010-07-20 14:16:45,CQZ8674,PC-0013,2FD14C.zip,D0-CF-11-E0
file,{00000002CA6E-26B86E1C},2010-07-20 14:25:53,CQZ8674,PC-0013,486C4D.pdf,D0-CF-11-E0
file,{00000002CA73-0E1878C8},2010-07-20 14:38:48,CQZ8674,PC-0013,1CB19A.pdf,D0-CF-11-E0
file,{00000002CA77-38F6CE18},2010-07-20 14:57:39,CQZ8674,PC-0013,25A8B7.zip,D0-CF-11-E0
file,{00000002CA81-236A9822},2010-07-20 15:03:03,CQZ8674,PC-0013,3E940B.doc,D0-CF-11-E0
file,{00000002CA7A-0585A6BC},2010-07-20 15:57:59,CQZ8674,PC-0013,9B2F98.png,D0-CF-11-E0
file,{00000002CA75-13047F5A},2010-07-20 16:32:56,CQZ8674,PC-0013,57DB18.doc,D0-CF-11-E0
file,{00000002CA7E-19487E8E},2010-07-20 17:35:50,CQZ8674,PC-0013,5977D7.doc,D0-CF-11-E0
file,{00000002CA6F-3BD55620},2010-07-20 17:37:02,CQZ8674,PC-0013,0BFA55.zip,D0-CF-11-E0
file,{00000002CA7C-3F1934B2},2010-07-20 17:48:57,CQZ8674,PC-0013,F30A22.doc,D0-CF-11-E0
file,{00000002CA8C-10E88676},2010-07-21 07:04:20,CQZ8674,PC-0013,CEB640.pdf,D0-CF-11-E0
file,{00000002CA87-2D9BADF5},2010-07-21 07:49:15,CQZ8674,PC-0013,CE3638.doc,D0-CF-11-E0
file,{00000002CA8A-3499B235},2010-07-21 08:19:01,CQZ8674,PC-0013,59223C.doc,D0-CF-11-E0
file,{00000002CA8B-20D1A270},2010-07-21 08:45:54,CQZ8674,PC-0013,A3D3BD.doc,D0-CF-11-E0
file,{00000002CA83-11F45638},2010-07-21 09:15:52,CQZ8674,PC-0013,9232FE.pdf,D0-CF-11-E0
file,{00000002CA86-0FE44207},2010-07-21 11:25:56,CQZ8674,PC-0013,7C8D62.doc,D0-CF-11-E0
file,{00000002CA89-0A81E12F},2010-07-21 11:45:15,CQZ8674,PC-0013,AE0550.pdf,D0-CF-11-E0
file,{00000002CA8D-28B4ED76},2010-07-21 13:00:28,CQZ8674,PC-0013,05B089.pdf,D0-CF-11-E0
file,{00000002CA8E-04E934C9},2010-07-21 13:28:54,CQZ8674,PC-0013,BF2F34.doc,D0-CF-11-E0
file,{00000002CA88-11FBD707},2010-07-21 13:29:29,CQZ8674,PC-0013,CA7A59.zip,D0-CF-11-E0
file,{00000002CA85-33006631},2010-07-21 17:25:00,CQZ8674,PC-0013,5510AC.zip,D0-CF-11-E0
file,{00000002CA84-329D4C86},2010-07-21 17:36:33,CQZ8674,PC-0013,D436B2.doc,D0-CF-11-E0
file,{00000002CAA2-1A08A878},2010-07-22 07:03:45,CQZ8674,PC-0013,8970C9.pdf,D0-CF-11-E0
file,{00000002CA90-114D8570},2010-07-22 07:53:15,CQZ8674,PC-0013,F77B7D.zip,D0-CF-11-E0
file,{00000002CA9E-1B54B738},2010-07-22 08:27:06,CQZ8674,PC-0013,06F5B8.doc,D0-CF-11-E0
file,{00000002CAA0-2989A601},2010-07-22 09:26:30,CQZ8674,PC-0013,5BA595.pdf,D0-CF-11-E0
file,{00000002CA91-1B0FED20},2010-07-22 10:02:10,CQZ8674,PC-0013,648F82.zip,D0-CF-11-E0
file,{00000002CA9B-1D33AB2F},2010-07-22 10:07:13,CQZ8674,PC-0013,D9E8F3.doc,D0-CF-11-E0
file,{00000002CA95-0D6031F7},2010-07-22 10:30:29,CQZ8674,PC-0013,959DC7.pdf,D0-CF-11-E0
file,{00000002CA92-21D8C72B},2010-07-22 10:30:47,CQZ8674,PC-0013,7FB1C0.zip,D0-CF-11-E0
file,{00000002CA8F-31901C35},2010-07-22 11:31:13,CQZ8674,PC-0013,A32F74.pdf,D0-CF-11-E0
file,{00000002CA9D-144D123B},2010-07-22 13:09:12,CQZ8674,PC-0013,C37774.pdf,D0-CF-11-E0
file,{00000002CA93-16B4C857},2010-07-22 13:15:41,CQZ8674,PC-0013,135448.doc,D0-CF-11-E0
file,{00000002CA98-08889BA8},2010-07-22 13:25:40,CQZ8674,PC-0013,796B0A.doc,D0-CF-11-E0
file,{00000002CA9A-14707C23},2010-07-22 13:43:41,CQZ8674,PC-0013,936521.zip,D0-CF-11-E0
file,{00000002CA94-11C7F59D},2010-07-22 14:07:51,CQZ8674,PC-0013,D22D32.zip,D0-CF-11-E0
file,{00000002CAA1-01794D6E},2010-07-22 14:57:17,CQZ8674,PC-0013,AA3610.pdf,D0-CF-11-E0
file,{00000002CA9C-024A6B67},2010-07-22 15:09:46,CQZ8674,PC-0013,5F4F07.pdf,D0-CF-11-E0
file,{00000002CA99-3676AC08},2010-07-22 15:41:11,CQZ8674,PC-0013,D648C1.doc,D0-CF-11-E0
file,{00000002CA9F-26D83267},2010-07-22 16:05:53,CQZ8674,PC-0013,E0EFF9.doc,D0-CF-11-E0
file,{00000002CA97-1C47CCDE},2010-07-22 16:09:32,CQZ8674,PC-0013,B11090.pdf,D0-CF-11-E0
file,{00000002CA96-33D48ABF},2010-07-22 16:56:16,CQZ8674,PC-0013,24C12C.zip,D0-CF-11-E0
file,{00000002CAA8-309B7430},2010-07-23 07:07:22,CQZ8674,PC-0013,9F3200.zip,D0-CF-11-E0
file,{00000002CAAA-2BB77F7D},2010-07-23 07:32:55,CQZ8674,PC-0013,F0B82A.zip,D0-CF-11-E0
file,{00000002CAB1-181D13C3},2010-07-23 08:49:46,CQZ8674,PC-0013,3EA201.doc,D0-CF-11-E0
file,{00000002CAAF-0442714E},2010-07-23 09:23:32,CQZ8674,PC-0013,418CF9.doc,D0-CF-11-E0
file,{00000002CAA9-271D1642},2010-07-23 10:14:39,CQZ8674,PC-0013,3284D6.txt,D0-CF-11-E0
file,{00000002CAAB-31AA31C9},2010-07-23 12:05:18,CQZ8674,PC-0013,64C9F8.pdf,D0-CF-11-E0
file,{00000002CAAC-2A0C93D5},2010-07-23 12:19:19,CQZ8674,PC-0013,CDF788.zip,D0-CF-11-E0
file,{00000002CAA7-1B8C62CB},2010-07-23 12:35:18,CQZ8674,PC-0013,9FC75E.pdf,D0-CF-11-E0
file,{00000002CAB6-27DCF05F},2010-07-23 12:50:05,CQZ8674,PC-0013,5197C6.pdf,D0-CF-11-E0
file,{00000002CAA5-3FEEC474},2010-07-23 12:57:45,CQZ8674,PC-0013,4C1E6E.pdf,D0-CF-11-E0
file,{00000002CAB4-09492B76},2010-07-23 13:42:55,CQZ8674,PC-0013,B3D272.zip,D0-CF-11-E0
file,{00000002CAB5-3EE4B525},2010-07-23 14:48:29,CQZ8674,PC-0013,FB3D21.zip,D0-CF-11-E0
file,{00000002CAB0-08FB07D7},2010-07-23 14:53:48,CQZ8674,PC-0013,FE360A.zip,D0-CF-11-E0
file,{00000002CAB3-21EDC033},2010-07-23 15:18:52,CQZ8674,PC-0013,8DB822.txt,D0-CF-11-E0
file,{00000002CAA4-211F363C},2010-07-23 15:24:50,CQZ8674,PC-0013,B528D2.doc,D0-CF-11-E0
file,{00000002CAA3-1AF6F70C},2010-07-23 15:43:12,CQZ8674,PC-0013,6DB5BE.doc,D0-CF-11-E0
file,{00000002CAAE-2DB34056},2010-07-23 16:14:08,CQZ8674,PC-0013,3050C2.png,D0-CF-11-E0
file,{00000002CAB2-15FF0D84},2010-07-23 16:27:07,CQZ8674,PC-0013,39A8BD.pdf,D0-CF-11-E0
file,{00000002CAA6-2BA42A2D},2010-07-23 16:29:55,CQZ8674,PC-0013,41A275.zip,D0-CF-11-E0
file,{00000002CAAD-089746C2},2010-07-23 16:48:19,CQZ8674,PC-0013,206EF6.pdf,D0-CF-11-E0
file,{00000002CAC3-17CA6AED},2010-07-26 07:12:33,CQZ8674,PC-0013,8A7260.zip,D0-CF-11-E0
file,{00000002CAB8-33E77188},2010-07-26 07:46:54,CQZ8674,PC-0013,0BB2D8.pdf,D0-CF-11-E0
file,{00000002CABE-1AA048F6},2010-07-26 08:33:17,CQZ8674,PC-0013,7C6EE6.doc,D0-CF-11-E0
file,{00000002CABF-3F2670EA},2010-07-26 09:11:03,CQZ8674,PC-0013,993B45.pdf,D0-CF-11-E0
file,{00000002CABC-379A752D},2010-07-26 09:14:00,CQZ8674,PC-0013,8E99BD.pdf,D0-CF-11-E0
file,{00000002CAB7-1E64F24F},2010-07-26 09:39:34,CQZ8674,PC-0013,28C51E.doc,D0-CF-11-E0
file,{00000002CAB9-3D746D0E},2010-07-26 09:57:33,CQZ8674,PC-0013,D2EE8E.pdf,D0-CF-11-E0
file,{00000002CAC2-1C0AAAB2},2010-07-26 11:21:15,CQZ8674,PC-0013,AA9AE3.pdf,D0-CF-11-E0
file,{00000002CAC0-116DE08E},2010-07-26 11:32:45,CQZ8674,PC-0013,D28165.doc,D0-CF-11-E0
file,{00000002CAC1-27A7B5C6},2010-07-26 11:42:37,CQZ8674,PC-0013,862D68.pdf,D0-CF-11-E0
file,{00000002CABA-346167F7},2010-07-26 16:15:20,CQZ8674,PC-0013,54B307.zip,D0-CF-11-E0
file,{00000002CABB-27EE9CDA},2010-07-26 16:29:40,CQZ8674,PC-0013,4D1A7E.zip,D0-CF-11-E0
file,{00000002CABD-055580CD},2010-07-26 16:29:41,CQZ8674,PC-0013,94E86D.zip,D0-CF-11-E0
file,{00000002CAD2-2F6DC3B7},2010-07-27 07:43:21,CQZ8674,PC-0013,F7EF74.txt,D0-CF-11-E0
file,{00000002CAD3-202659E7},2010-07-27 08:07:56,CQZ8674,PC-0013,4D9772.txt,D0-CF-11-E0
file,{00000002CACA-02D91DD2},2010-07-27 08:41:25,CQZ8674,PC-0013,D033D5.doc,D0-CF-11-E0
file,{00000002CACD-02F50792},2010-07-27 09:24:22,CQZ8674,PC-0013,262181.pdf,D0-CF-11-E0
file,{00000002CAC7-261C415B},2010-07-27 09:58:59,CQZ8674,PC-0013,3587F1.pdf,D0-CF-11-E0
file,{00000002CAD0-070C93AE},2010-07-27 10:00:34,CQZ8674,PC-0013,726833.zip,D0-CF-11-E0
file,{00000002CAD1-13505DD3},2010-07-27 10:05:03,CQZ8674,PC-0013,CA0B27.zip,D0-CF-11-E0
file,{00000002CACE-1FB04A57},2010-07-27 11:18:58,CQZ8674,PC-0013,2BFA72.pdf,D0-CF-11-E0
file,{00000002CAC5-0078C417},2010-07-27 12:12:38,CQZ8674,PC-0013,2E163D.pdf,D0-CF-11-E0
file,{00000002CACF-3D9495A7},2010-07-27 13:14:36,CQZ8674,PC-0013,142461.zip,D0-CF-11-E0
file,{00000002CAC8-36922EBD},2010-07-27 13:25:16,CQZ8674,PC-0013,ACDBAC.doc,D0-CF-11-E0
file,{00000002CAC9-34E2D127},2010-07-27 13:41:47,CQZ8674,PC-0013,EA2800.doc,D0-CF-11-E0
file,{00000002CACB-38E24C27},2010-07-27 14:57:58,CQZ8674,PC-0013,FA87E4.doc,D0-CF-11-E0
file,{00000002CAC4-2D40113B},2010-07-27 15:02:31,CQZ8674,PC-0013,2C1022.pdf,D0-CF-11-E0
file,{00000002CAC6-154B917F},2010-07-27 15:02:48,CQZ8674,PC-0013,6DC3AD.pdf,D0-CF-11-E0
file,{00000002CACC-0FB888B2},2010-07-27 15:14:14,CQZ8674,PC-0013,BC1B2C.doc,D0-CF-11-E0
file,{00000002CAD4-2E1D5381},2010-07-27 17:39:14,CQZ8674,PC-0013,1F49D4.pdf,D0-CF-11-E0
file,{00000002CADE-1B8039D0},2010-07-28 07:00:00,CQZ8674,PC-0013,995289.doc,D0-CF-11-E0
file,{00000002CADD-150B3844},2010-07-28 08:14:42,CQZ8674,PC-0013,0C114F.zip,D0-CF-11-E0
file,{00000002CADC-3702A66B},2010-07-28 09:30:12,CQZ8674,PC-0013,7B9030.doc,D0-CF-11-E0
file,{00000002CADA-28A22E3C},2010-07-28 09:39:57,CQZ8674,PC-0013,91B74F.zip,D0-CF-11-E0
file,{00000002CAD5-16794E3A},2010-07-28 10:11:28,CQZ8674,PC-0013,4577F7.pdf,D0-CF-11-E0
file,{00000002CADB-3C1653F1},2010-07-28 10:17:21,CQZ8674,PC-0013,3BF795.doc,D0-CF-11-E0
file,{00000002CAD7-153989BA},2010-07-28 10:28:45,CQZ8674,PC-0013,DFD35F.doc,D0-CF-11-E0
file,{00000002CADF-16BD61E1},2010-07-28 11:02:57,CQZ8674,PC-0013,785C80.zip,D0-CF-11-E0
file,{00000002CAE0-3A92E2DD},2010-07-28 11:56:34,CQZ8674,PC-0013,C9F30C.pdf,D0-CF-11-E0
file,{00000002CAD8-3A73E6DC},2010-07-28 15:21:35,CQZ8674,PC-0013,26D5D1.pdf,D0-CF-11-E0
file,{00000002CAE1-16C55F03},2010-07-28 16:32:50,CQZ8674,PC-0013,05F095.zip,D0-CF-11-E0
file,{00000002CAD9-0326C695},2010-07-28 16:41:47,CQZ8674,PC-0013,9803D2.zip,D0-CF-11-E0
file,{00000002CAD6-0AC4CD25},2010-07-28 16:59:08,CQZ8674,PC-0013,0A6CB5.zip,D0-CF-11-E0
file,{00000002CAE3-3E57874E},2010-07-29 07:42:52,CQZ8674,PC-0013,DD3F04.pdf,D0-CF-11-E0
file,{00000002CAF1-1E1B7BD1},2010-07-29 07:47:52,CQZ8674,PC-0013,5C6C27.doc,D0-CF-11-E0
file,{00000002CAE6-2124CC06},2010-07-29 08:26:07,CQZ8674,PC-0013,9A7920.pdf,D0-CF-11-E0
file,{00000002CAEC-37A01CA8},2010-07-29 08:27:09,CQZ8674,PC-0013,F9F664.zip,D0-CF-11-E0
file,{00000002CAEB-0C5789FB},2010-07-29 09:30:02,CQZ8674,PC-0013,823D88.zip,D0-CF-11-E0
file,{00000002CAE4-369877C7},2010-07-29 10:45:30,CQZ8674,PC-0013,2BC4FC.txt,D0-CF-11-E0
file,{00000002CAE2-112C5B6A},2010-07-29 10:46:11,CQZ8674,PC-0013,45498A.pdf,D0-CF-11-E0
file,{00000002CAEE-187F44E0},2010-07-29 12:48:23,CQZ8674,PC-0013,9C05BA.zip,D0-CF-11-E0
file,{00000002CAF0-2647AE5E},2010-07-29 13:19:44,CQZ8674,PC-0013,925866.zip,D0-CF-11-E0
file,{00000002CAE8-3DF045E8},2010-07-29 14:19:05,CQZ8674,PC-0013,6306E5.pdf,D0-CF-11-E0
file,{00000002CAEF-021F28DC},2010-07-29 14:22:49,CQZ8674,PC-0013,0F63A7.pdf,D0-CF-11-E0
file,{00000002CAED-3E2485E1},2010-07-29 14:34:00,CQZ8674,PC-0013,5DD3A7.zip,D0-CF-11-E0
file,{00000002CAE7-1DDD0DFE},2010-07-29 14:43:28,CQZ8674,PC-0013,F55D9A.zip,D0-CF-11-E0
file,{00000002CAE9-1B3CB4AA},2010-07-29 15:02:54,CQZ8674,PC-0013,3AE094.zip,D0-CF-11-E0
file,{00000002CAF2-20DAAC2F},2010-07-29 15:44:23,CQZ8674,PC-0013,9C2EF0.zip,D0-CF-11-E0
file,{00000002CAEA-3219AD46},2010-07-29 17:25:13,CQZ8674,PC-0013,D53151.doc,D0-CF-11-E0
file,{00000002CAE5-1E4EB998},2010-07-29 17:55:04,CQZ8674,PC-0013,FE07FC.doc,D0-CF-11-E0
file,{00000002CAF3-1F55F4A2},2010-07-30 07:17:24,CQZ8674,PC-0013,6D21A7.png,D0-CF-11-E0
file,{00000002CB00-2E0298EC},2010-07-30 07:54:38,CQZ8674,PC-0013,DE3439.zip,D0-CF-11-E0
file,{00000002CAFC-076F77B5},2010-07-30 08:04:20,CQZ8674,PC-0013,511A8C.pdf,D0-CF-11-E0
file,{00000002CAFB-2BEE9B63},2010-07-30 09:16:48,CQZ8674,PC-0013,188D9F.zip,D0-CF-11-E0
file,{00000002CAF4-36C386A0},2010-07-30 11:19:06,CQZ8674,PC-0013,E3DFBF.zip,D0-CF-11-E0
file,{00000002CAF8-030D73D2},2010-07-30 11:58:34,CQZ8674,PC-0013,0EE70E.zip,D0-CF-11-E0
file,{00000002CAF9-1C4E146E},2010-07-30 12:27:07,CQZ8674,PC-0013,B08696.doc,D0-CF-11-E0
file,{00000002CAF6-3650FCDB},2010-07-30 13:46:34,CQZ8674,PC-0013,4CA2DF.zip,D0-CF-11-E0
file,{00000002CAFE-2175BEEA},2010-07-30 13:50:48,CQZ8674,PC-0013,6878AE.zip,D0-CF-11-E0
file,{00000002CAFF-2426CE88},2010-07-30 15:47:40,CQZ8674,PC-0013,A2198B.doc,D0-CF-11-E0
file,{00000002CAFD-3325FDAB},2010-07-30 15:58:28,CQZ8674,PC-0013,32CA47.pdf,D0-CF-11-E0
file,{00000002CAF7-10406391},2010-07-30 17:15:14,CQZ8674,PC-0013,1DFD04.doc,D0-CF-11-E0
file,{00000002CAFA-394D66F6},2010-07-30 17:22:15,CQZ8674,PC-0013,80D280.doc,D0-CF-11-E0
file,{00000002CAF5-39541468},2010-07-30 17:25:11,CQZ8674,PC-0013,383665.zip,D0-CF-11-E0
email,{0000000619DC-00CC9D82},2010-07-13 13:57:51,CQZ8674,PC-0013,347CC@outlook.com,,,cqz8674@dtaa.com,376806,1,meeting notes attached
email,{0000000619DE-01D60AC5},2010-07-14 08:40:57,CQZ8674,PC-0013,6AC8C@aol.com,,,cqz8674@dtaa.com,388277,1,meeting notes attached
email,{0000000619DD-30C5C6F9},2010-07-14 10:55:57,CQZ8674,PC-0013,F6998@outlook.com,,,cqz8674@dtaa.com,1714563,5,meeting notes attached
email,{0000000619E1-20159A43},2010-07-15 07:37:54,CQZ8674,PC-0013,4044B@hotmail.com,,,cqz8674@dtaa.com,1168138,6,meeting notes attached
email,{0000000619E2-209A1A78},2010-07-15 08:12:01,CQZ8674,PC-0013,03A10@outlook.com,,,cqz8674@dtaa.com,107493,1,meeting notes attached
email,{0000000619E0-201268D7},2010-07-15 15:28:48,CQZ8674,PC-0013,071B5@yahoo.com,,,cqz8674@dtaa.com,329199,2,meeting notes attached
email,{0000000619DF-21CCC24C},2010-07-15 16:51:27,CQZ8674,PC-0013,qut1345@dtaa.com,,,cqz8674@dtaa.com,336245,1,meeting notes attached
email,{0000000619E5-0E2ADD4B},2010-07-19 07:25:51,CQZ8674,PC-0013,0E14C@outlook.com,,,cqz8674@dtaa.com,719378,2,meeting notes attached
email,{0000000619E4-24672AF9},2010-07-19 12:42:22,CQZ8674,PC-0013,A0090@aol.com,,,cqz8674@dtaa.com,1551547,4,meeting notes attached
email,{0000000619E3-14DDE5F8},2010-07-19 13:25:52,CQZ8674,PC-0013,E56D0@aol.com,,,cqz8674@dtaa.com,1231492,5,meeting notes attached
email,{0000000619E6-0B6BB11D},2010-07-20 07:44:38,CQZ8674,PC-0013,873EF@yahoo.com,,,cqz8674@dtaa.com,1645675,6,meeting notes attached
email,{0000000619E7-25D7AC7E},2010-07-20 16:59:47,CQZ8674,PC-0013,DC394@outlook.com,,,cqz8674@dtaa.com,1585410,4,meeting notes attached
email,{0000000619E8-0F7F7F55},2010-07-21 07:18:15,CQZ8674,PC-0013,CCDE2@hotmail.com,,,cqz8674@dtaa.com,226227,1,meeting notes attached
email,{0000000619EA-37A0533F},2010-07-21 11:10:17,CQZ8674,PC-0013,23BA1@outlook.com,,,cqz8674@dtaa.com,1045113,4,meeting notes attached
email,{0000000619E9-1F2658B8},2010-07-21 13:29:36,CQZ8674,PC-0013,D9638@outlook.com,,,cqz8674@dtaa.com,566261,2,meeting notes attached
email,{0000000619EC-3CDDB1EA},2010-07-21 13:35:55,CQZ8674,PC-0013,8EFC0@yahoo.com,,,cqz8674@dtaa.com,185652,1,meeting notes attached
email,{0000000619ED-2AA26188},2010-07-21 15:23:09,CQZ8674,PC-0013,7D698@aol.com,,,cqz8674@dtaa.com,1730789,5,meeting notes attached
email,{0000000619EB-2E9448D4},2010-07-21 16:54:32,CQZ8674,PC-0013,4E8E5@yahoo.com,,,cqz8674@dtaa.com,1874313,6,meeting notes attached
email,{0000000619EE-1E75989B},2010-07-22 12:25:01,CQZ8674,PC-0013,6BE9D@yahoo.com,,,cqz8674@dtaa.com,2554930,7,meeting notes attached
email,{0000000619F0-0C0F64BB},2010-07-23 12:38:00,CQZ8674,PC-0013,mdr4757@dtaa.com,,,cqz8674@dtaa.com,555331,6,meeting notes attached
email,{0000000619EF-2A380620},2010-07-23 12:51:33,CQZ8674,PC-0013,CC2C6@hotmail.com,,,cqz8674@dtaa.com,2150630,6,meeting notes attached
email,{0000000619F1-32E98F93},2010-07-26 09:04:24,CQZ8674,PC-0013,42481@outlook.com,,,cqz8674@dtaa.com,253064,1,meeting notes attached
email,{0000000619F2-12794E2F},2010-07-26 12:14:57,CQZ8674,PC-0013,5F5A5@aol.com,,,cqz8674@dtaa.com,225819,3,meeting notes attached
email,{0000000619F3-154C11A8},2010-07-28 09:20:44,CQZ8674,PC-0013,9F389@yahoo.com,,,cqz8674@dtaa.com,432183,1,meeting notes attached
email,{0000000619F4-1816DDB0},2010-07-28 13:44:05,CQZ8674,PC-0013,F088F@hotmail.com,,,cqz8674@dtaa.com,515233,5,meeting notes attached
email,{0000000619F6-05EE2A51},2010-07-29 08:24:28,CQZ8674,PC-0013,BE138@gmail.com,,,cqz8674@dtaa.com,139512,1,meeting notes attached
email,{0000000619F7-21EBA5EE},2010-07-29 09:20:20,CQZ8674,PC-0013,928E8@yahoo.com,,,cqz8674@dtaa.com,1505134,6,meeting notes attached
email,{0000000619F5-378AF74A},2010-07-29 15:41:38,CQZ8674,PC-0013,D0B72@yahoo.com,,,cqz8674@dtaa.com,1046821,4,meeting notes attached
email,{0000000619FA-12C2F1B9},2010-07-30 11:44:42,CQZ8674,PC-0013,AB91F@aol.com,,,cqz8674@dtaa.com,299350,3,meeting notes attached
email,{0000000619FB-06E890F0},2010-07-30 12:50:52,CQZ8674,PC-0013,5684E@gmail.com,,,cqz8674@dtaa.com,371165,2,meeting notes attached
email,{0000000619F9-02E0EE20},2010-07-30 14:13:58,CQZ8674,PC-0013,7381B@aol.com,,,cqz8674@dtaa.com,710264,2,meeting notes attached
email,{0000000619F8-3DDCFA92},2010-07-30 14:58:52,CQZ8674,PC-0013,54DA6@gmail.com,,,cqz8674@dtaa.com,1758981,5,meeting notes attached
http,{000000248995-3D88F1FB},2010-07-13 08:37:43,CQZ8674,PC-0013,http://www.linkedin.com/252A3D,page text
http,{000000248996-38A1A257},2010-07-13 14:24:36,CQZ8674,PC-0013,http://www.reddit.com/0CBDDE,page text
http,{000000248997-3C3E797E},2010-07-13 16:21:24,CQZ8674,PC-0013,http://www.linkedin.com/0F51A2,page text
http,{00000024899B-02A7E4B1},2010-07-14 07:51:43,CQZ8674,PC-0013,http://www.linkedin.com/348049,page text
http,{000000248999-3025D11F},2010-07-14 09:12:45,CQZ8674,PC-0013,http://www.cnn.com/3B8F48,page text
http,{000000248998-038A289B},2010-07-14 09:52:45,CQZ8674,PC-0013,http://www.drive.google.com/010D6A,page text
http,{00000024899A-16265053},2010-07-14 16:16:05,CQZ8674,PC-0013,http://www.dropbox.com/0D74E2,page text
http,{00000024899D-096DF568},2010-07-15 09:05:20,CQZ8674,PC-0013,http://www.linkedin.com/251C4B,page text
http,{00000024899F-00C5E460},2010-07-15 10:26:15,CQZ8674,PC-0013,http://www.linkedin.com/17EE6C,page text
http,{00000024899C-3452A1C2},2010-07-15 15:43:43,CQZ8674,PC-0013,http://www.dropbox.com/0FF0E9,page text
http,{00000024899E-0024D307},2010-07-15 17:32:08,CQZ8674,PC-0013,http://www.linkedin.com/1E240F,page text
http,{0000002489A2-320B622C},2010-07-16 07:39:22,CQZ8674,PC-0013,http://www.dropbox.com/04991B,page text
http,{0000002489A1-3C2DE3A9},2010-07-16 11:22:37,CQZ8674,PC-0013,http://www.linkedin.com/11E1FE,page text
http,{0000002489A0-3455ECAC},2010-07-16 12:42:54,CQZ8674,PC-0013,http://www.drive.google.com/3730F1,page text
http,{0000002489A3-0B62D16A},2010-07-16 13:34:28,CQZ8674,PC-0013,http://www.linkedin.com/0BEE4D,page text
http,{0000002489A4-10D0A9B1},2010-07-16 14:21:49,CQZ8674,PC-0013,http://www.dropbox.com/12FC72,page text
http,{0000002489AA-2352C54C},2010-07-19 07:36:05,CQZ8674,PC-0013,http://www.dropbox.com/2A890B,page text
http,{0000002489AB-031EAA38},2010-07-19 09:32:40,CQZ8674,PC-0013,http://www.drive.google.com/360C40,page text
http,{0000002489A7-1DB60CC3},2010-07-19 09:38:53,CQZ8674,PC-0013,http://www.reddit.com/3ED13D,page text
http,{0000002489A6-126CE21F},2010-07-19 10:35:05,CQZ8674,PC-0013,http://www.monster.com/1B3D31,page text
http,{0000002489A8-12017A16},2010-07-19 10:50:06,CQZ8674,PC-0013,http://www.dropbox.com/391AC0,page text
http,{0000002489A5-2AA81C82},2010-07-19 13:29:11,CQZ8674,PC-0013,http://www.stackoverflow.com/285276,page text
http,{0000002489A9-129551DE},2010-07-19 14:14:51,CQZ8674,PC-0013,http://www.drive.google.com/0BD66D,page text
http,{0000002489AC-2188DC55},2010-07-19 17:03:17,CQZ8674,PC-0013,http://www.drive.google.com/0CC998,page text
http,{0000002489AD-3C6A0D1F},2010-07-20 10:06:28,CQZ8674,PC-0013,http://www.drive.google.com/0609B4,page text
http,{0000002489AF-39EA50AE},2010-07-20 13:10:44,CQZ8674,PC-0013,http://www.drive.google.com/0D855C,page text
http,{0000002489AE-18E626A5},2010-07-20 17:53:43,CQZ8674,PC-0013,http://www.drive.google.com/1BA6FA,page text
http,{0000002489B0-25BAF82F},2010-07-21 07:18:22,CQZ8674,PC-0013,http://www.linkedin.com/117C7F,page text
http,{0000002489B1-0A1F25EA},2010-07-21 07:30:56,CQZ8674,PC-0013,http://www.stackoverflow.com/100C41,page text
http,{0000002489B4-351F086E},2010-07-22 07:07:48,CQZ8674,PC-0013,http://www.drive.google.com/0BD9D7,page text
http,{0000002489B5-03708953},2010-07-22 08:33:52,CQZ8674,PC-0013,http://www.monster.com/246973,page text
http,{0000002489B7-3E3B08FE},2010-07-22 09:28:47,CQZ8674,PC-0013,http://www.cnn.com/0854EB,page text
http,{0000002489B8-07045ECA},2010-07-22 10:37:25,CQZ8674,PC-0013,http://www.drive.google.com/0FCFA1,page text
http,{0000002489B3-325A98DB},2010-07-22 12:47:49,CQZ8674,PC-0013,http://www.linkedin.com/1903F1,page text
http,{0000002489B6-3A210D9E},2010-07-22 16:47:11,CQZ8674,PC-0013,http://www.linkedin.com/25B308,page text
http,{0000002489B2-02A5BE6F},2010-07-22 16:51:04,CQZ8674,PC-0013,http://www.drive.google.com/2633F7,page text
http,{0000002489B9-0A0232F4},2010-07-23 09:53:49,CQZ8674,PC-0013,http://www.dropbox.com/255B41,page text
http,{0000002489BA-2E3226EA},2010-07-23 15:44:43,CQZ8674,PC-0013,http://www.dropbox.com/2FC137,page text
http,{0000002489BC-2567E611},2010-07-26 11:27:19,CQZ8674,PC-0013,http://www.monster.com/15D9AA,page text
http,{0000002489BD-1E08654E},2010-07-26 12:16:59,CQZ8674,PC-0013,http://www.monster.com/0A6775,page text
http,{0000002489BB-03FF4D8C},2010-07-26 14:47:21,CQZ8674,PC-0013,http://www.monster.com/032155,page text
http,{0000002489BE-313E011C},2010-07-27 17:08:04,CQZ8674,PC-0013,http://www.dropbox.com/1BCC63,page text
http,{0000002489C2-1643A431},2010-07-28 09:18:10,CQZ8674,PC-0013,http://www.cnn.com/3D7B04,page text
http,{0000002489C1-1830058A},2010-07-28 09:24:23,CQZ8674,PC-0013,http://www.monster.com/0A1996,page text
http,{0000002489BF-034C1FC5},2010-07-28 13:01:16,CQZ8674,PC-0013,http://www.github.com/3C5BA0,page text
http,{0000002489C0-0BF599FA},2010-07-28 13:47:19,CQZ8674,PC-0013,http://www.drive.google.com/0A3D09,page text
http,{0000002489C3-3652E7DA},2010-07-28 15:11:04,CQZ8674,PC-0013,http://www.dropbox.com/07275B,page text
http,{0000002489CC-2C2DCF3D},2010-07-29 07:10:48,CQZ8674,PC-0013,http://www.nytimes.com/1B6EEC,page text
http,{0000002489CB-30A14C7A},2010-07-29 08:41:14,CQZ8674,PC-0013,http://www.drive.google.com/209E8C,page text
http,{0000002489C9-16C487EE},2010-07-29 08:50:21,CQZ8674,PC-0013,http://www.drive.google.com/3752CA,page text
http,{0000002489C6-00279594},2010-07-29 10:26:13,CQZ8674,PC-0013,http://www.monster.com/0135CB,page text
http,{0000002489C7-294AE56D},2010-07-29 11:17:33,CQZ8674,PC-0013,http://www.drive.google.com/102DC8,page text
http,{0000002489C5-104265F5},2010-07-29 13:36:04,CQZ8674,PC-0013,http://www.linkedin.com/324211,page text
http,{0000002489C4-1641207E},2010-07-29 14:54:12,CQZ8674,PC-0013,http://www.cnn.com/140D9E,page text
http,{0000002489CA-006142E7},2010-07-29 15:51:44,CQZ8674,PC-0013,http://www.dropbox.com/2DF57D,page text
http,{0000002489C8-08077F18},2010-07-29 17:48:03,CQZ8674,PC-0013,http://www.github.com/0267C0,page text
http,{0000002489CF-238D9B68},2010-07-30 07:51:03,CQZ8674,PC-0013,http://www.drive.google.com/06DFC3,page text
http,{0000002489CD-312E3EB0},2010-07-30 10:47:54,CQZ8674,PC-0013,http://www.drive.google.com/2F3954,page text
http,{0000002489D0-04AB9073},2010-07-30 13:56:52,CQZ8674,PC-0013,http://www.dropbox.com/14F169,page text
http,{0000002489CE-070F3401},2010-07-30 16:21:57,CQZ8674,PC-0013,http://www.linkedin.com/2CB346,page text
