logon,{00000001BF7E-2990E62B},2010-02-16 05:46:12,RUT1946,PC-0104,Logon
logon,{00000001C270-1AED96F9},2010-02-16 06:35:12,RUT1946,PC-0104,Logoff
logon,{00000001BF7D-103D341D},2010-02-16 20:32:16,RUT1946,PC-0104,Logon
logon,{00000001BF7C-3F765681},2010-02-16 21:29:36,RUT1946,PC-0104,Logon
logon,{00000001C26F-0FB25EB6},2010-02-16 23:36:16,RUT1946,PC-0104,Logoff
logon,{00000001C26E-1417BB9D},2010-02-16 23:39:36,RUT1946,PC-0104,Logoff
logon,{00000001BF80-34FFC9DB},2010-02-17 03:50:31,RUT1946,PC-0104,Logon
logon,{00000001C272-09F2E1E0},2010-02-17 07:27:31,RUT1946,PC-0104,Logoff
logon,{00000001BF7F-1389324C},2010-02-17 19:37:05,RUT1946,PC-0104,Logon
logon,{00000001C271-1100DBEE},2010-02-17 22:04:05,RUT1946,PC-0104,Logoff
logon,{00000001BF81-2A763921},2010-02-17 23:36:44,RUT1946,PC-0104,Logon
logon,{00000001C273-017E390B},2010-02-18 00:24:44,RUT1946,PC-0042,Logoff
logon,{00000001BF84-3A562EB1},2010-02-18 19:00:08,RUT1946,PC-0104,Logon
logon,{00000001C276-3ABFDA9A},2010-02-18 20:35:08,RUT1946,PC-0104,Logoff
logon,{00000001BF82-320FC8F3},2010-02-18 21:33:20,RUT1946,PC-0104,Logon
logon,{00000001BF83-361DAE59},2010-02-18 22:30:09,RUT1946,PC-0046,Logon
logon,{00000001BF85-29A39E35},2010-02-18 23:52:20,RUT1946,PC-0104,Logon
logon,{00000001C275-2051C557},2010-02-18 23:58:09,RUT1946,PC-0104,Logoff
logon,{00000001C277-001572F7},2010-02-19 01:16:20,RUT1946,PC-0104,Logoff
logon,{00000001C274-219D66B1},2010-02-19 01:32:20,RUT1946,PC-0104,Logoff
logon,{00000001BF88-0A5FAA21},2010-02-19 02:12:52,RUT1946,PC-0104,Logon
logon,{00000001BF87-2E1ACBFF},2010-02-19 03:37:46,RUT1946,PC-0104,Logon
logon,{00000001BF86-089CE0B7},2010-02-19 03:53:45,RUT1946,PC-0104,Logon
logon,{00000001C27A-01A5085D},2010-02-19 05:38:52,RUT1946,PC-0158,Logoff
logon,{00000001C279-3386F475},2010-02-19 05:42:46,RUT1946,PC-0104,Logoff
logon,{00000001C278-065D2583},2010-02-19 06:47:45,RUT1946,PC-0104,Logoff
logon,{00000001BF89-3C369C25},2010-02-19 23:11:10,RUT1946,PC-0104,Logon
logon,{00000001C27B-15B94667},2010-02-20 03:02:10,RUT1946,PC-0144,Logoff
logon,{00000001BF8A-119E522D},2010-02-23 18:17:51,RUT1946,PC-0104,Logon
logon,{00000001C27C-2938CC98},2010-02-23 18:47:51,RUT1946,PC-0104,Logoff
logon,{00000001BF8B-1D4DAE9E},2010-02-24 06:47:10,RUT1946,PC-0037,Logon
logon,{00000001C27D-12F0A395},2010-02-24 10:10:10,RUT1946,PC-0104,Logoff
logon,{00000001BF8C-1D49CDEE},2010-02-24 18:25:09,RUT1946,PC-0056,Logon
logon,{00000001C27E-28FFEC02},2010-02-24 21:18:09,RUT1946,PC-0104,Logoff
logon,{00000001BF8D-19DCA0E5},2010-02-24 21:18:52,RUT1946,PC-0104,Logon
logon,{00000001C27F-3B16F93C},2010-02-25 00:44:52,RUT1946,PC-0104,Logoff
logon,{00000001BF8E-3120930D},2010-02-25 20:08:33,RUT1946,PC-0104,Logon
logon,{00000001C280-312BDC5B},2010-02-25 21:38:33,RUT1946,PC-0104,Logoff
logon,{00000001BF8F-29B14200},2010-02-25 22:35:24,RUT1946,PC-0104,Logon
logon,{00000001C281-32DF8D7E},2010-02-25 23:35:24,RUT1946,PC-0104,Logoff
logon,{00000001BF90-24BBDE2B},2010-02-26 18:08:32,RUT1946,PC-0104,Logon
logon,{00000001C282-1C11E2FA},2010-02-26 20:47:32,RUT1946,PC-0104,Logoff
logon,{00000001BF91-1A343AFD},2010-03-01 19:28:30,RUT1946,PC-0104,Logon
logon,{00000001C283-39C8CA68},2010-03-01 21:04:30,RUT1946,PC-0104,Logoff
logon,{00000001BF93-1956B572},2010-03-01 22:07:05,RUT1946,PC-0104,Logon
logon,{00000001BF92-00E87CDE},2010-03-01 23:02:37,RUT1946,PC-0104,Logon
logon,{00000001BF95-18F5F953},2010-03-02 00:33:05,RUT1946,PC-0104,Logon
logon,{00000001C285-0939B066},2010-03-02 01:44:05,RUT1946,PC-0104,Logoff
logon,{00000001C284-2C4A8C21},2010-03-02 02:47:37,RUT1946,PC-0104,Logoff
logon,{00000001C287-010B4C16},2010-03-02 04:20:05,RUT1946,PC-0104,Logoff
logon,{00000001BF94-2F206669},2010-03-02 23:02:33,RUT1946,PC-0104,Logon
logon,{00000001BF97-26951885},2010-03-03 01:05:15,RUT1946,PC-0104,Logon
logon,{00000001C286-320C9203},2010-03-03 02:13:33,RUT1946,PC-0104,Logoff
logon,{00000001C289-20A4AB27},2010-03-03 03:43:15,RUT1946,PC-0104,Logoff
logon,{00000001BF96-2628C2E5},2010-03-03 21:44:12,RUT1946,PC-0104,Logon
logon,{00000001C288-39A0F6F2},2010-03-04 00:18:12,RUT1946,PC-0104,Logoff
logon,{00000001BF98-1E2E5D66},2010-03-04 19:20:56,RUT1946,PC-0104,Logon
logon,{00000001C28A-297873F9},2010-03-04 20:12:56,RUT1946,PC-0038,Logoff
logon,{00000001BF9B-1917FA68},2010-03-05 03:50:17,RUT1946,PC-0104,Logon
logon,{00000001C28D-3242C427},2010-03-05 05:10:17,RUT1946,PC-0104,Logoff
logon,{00000001BF99-2A8CA919},2010-03-05 18:09:07,RUT1946,PC-0104,Logon
logon,{00000001BF9C-167E324C},2010-03-05 18:14:48,RUT1946,PC-0104,Logon
logon,{00000001C28B-3A4EEAAA},2010-03-05 19:25:07,RUT1946,PC-0104,Logoff
logon,{00000001C28E-1D8DA528},2010-03-05 20:01:48,RUT1946,PC-0104,Logoff
logon,{00000001BF9A-05C5A2E7},2010-03-05 23:26:04,RUT1946,PC-0104,Logon
logon,{00000001C28C-09CC7571},2010-03-06 03:21:04,RUT1946,PC-0104,Logoff
logon,{00000001BF9D-39365CD8},2010-03-08 18:08:38,RUT1946,PC-0104,Logon
logon,{00000001C28F-1FC11B37},2010-03-08 21:07:38,RUT1946,PC-0104,Logoff
logon,{00000001BF9F-36EA7DA8},2010-03-08 21:08:46,RUT1946,PC-0104,Logon
logon,{00000001BF9E-1851F29B},2010-03-08 21:23:48,RUT1946,PC-0104,Logon
logon,{00000001C291-0FA8D5D6},2010-03-08 22:18:46,RUT1946,PC-0104,Logoff
logon,{00000001C290-3F43A0CF},2010-03-08 22:59:48,RUT1946,PC-0104,Logoff
logon,{00000001BFA1-3D4FF2CF},2010-03-11 22:38:56,RUT1946,PC-0104,Logon
logon,{00000001BFA0-1B62EF76},2010-03-11 23:08:26,RUT1946,PC-0113,Logon
logon,{00000001BFA2-2657AE9C},2010-03-11 23:32:31,RUT1946,PC-0104,Logon
logon,{00000001C292-08CBCD37},2010-03-12 00:07:26,RUT1946,PC-0104,Logoff
logon,{00000001C293-3EF7FE0A},2010-03-12 01:21:56,RUT1946,PC-0104,Logoff
logon,{00000001BFA4-3A98F470},2010-03-12 02:48:17,RUT1946,PC-0104,Logon
logon,{00000001C294-37801259},2010-03-12 03:13:31,RUT1946,PC-0104,Logoff
logon,{00000001C296-34675AD3},2010-03-12 06:33:17,RUT1946,PC-0104,Logoff
logon,{00000001BFA6-3B906A74},2010-03-12 18:50:05,RUT1946,PC-0104,Logon
logon,{00000001BFA5-2B456B69},2010-03-12 19:20:12,RUT1946,PC-0104,Logon
logon,{00000001C297-0746FD8A},2010-03-12 21:38:12,RUT1946,PC-0104,Logoff
logon,{00000001C298-279C4D6A},2010-03-12 22:44:05,RUT1946,PC-0104,Logoff
logon,{00000001BFA3-118A1D8D},2010-03-12 23:42:10,RUT1946,PC-0104,Logon
logon,{00000001C295-3FE34711},2010-03-13 03:39:10,RUT1946,PC-0104,Logoff
logon,{00000001BFA8-1575A67D},2010-03-15 01:56:13,RUT1946,PC-0104,Logon
logon,{00000001C29A-167EFDA9},2010-03-15 04:58:13,RUT1946,PC-0083,Logoff
logon,{00000001BFAA-2877260B},2010-03-15 21:12:41,RUT1946,PC-0104,Logon
logon,{00000001BFA9-0D96FBB8},2010-03-15 21:30:13,RUT1946,PC-0104,Logon
logon,{00000001BFA7-2AE7A198},2010-03-15 21:58:22,RUT1946,PC-0104,Logon
logon,{00000001C29C-325F5188},2010-03-15 22:44:41,RUT1946,PC-0104,Logoff
logon,{00000001C299-0E37DABD},2010-03-15 23:42:22,RUT1946,PC-0104,Logoff
logon,{00000001C29B-11F54C35},2010-03-16 01:08:13,RUT1946,PC-0104,Logoff
logon,{00000001BFAC-14FD6627},2010-03-16 19:01:34,RUT1946,PC-0104,Logon
logon,{00000001C29E-2C7EA6D0},2010-03-16 22:11:34,RUT1946,PC-0104,Logoff
logon,{00000001BFAB-1BD08C0F},2010-03-16 22:44:02,RUT1946,PC-0104,Logon
logon,{00000001C29D-11CC4BCD},2010-03-16 23:58:02,RUT1946,PC-0104,Logoff
logon,{00000001BFAD-265A1C36},2010-03-16 23:58:42,RUT1946,PC-0104,Logon
logon,{00000001C29F-31439774},2010-03-17 02:13:42,RUT1946,PC-0104,Logoff
logon,{00000001BFAE-36B71252},2010-03-17 21:24:24,RUT1946,PC-0104,Logon
logon,{00000001BFAF-18DEF004},2010-03-17 21:37:00,RUT1946,PC-0104,Logon
logon,{00000001C2A1-2D14A39A},2010-03-18 00:13:00,RUT1946,PC-0104,Logoff
logon,{00000001C2A0-060A020F},2010-03-18 00:51:24,RUT1946,PC-0106,Logoff
logon,{00000001BFB1-2A296E0A},2010-03-18 22:09:37,RUT1946,PC-0104,Logon
logon,{00000001BFB2-12A28C1D},2010-03-18 22:33:05,RUT1946,PC-0104,Logon
logon,{00000001C2A3-0AF01425},2010-03-18 23:19:37,RUT1946,PC-0104,Logoff
logon,{00000001BFB0-11DD6492},2010-03-18 23:24:18,RUT1946,PC-0104,Logon
logon,{00000001C2A4-1ECA4295},2010-03-18 23:49:05,RUT1946,PC-0104,Logoff
logon,{00000001C2A2-122E8672},2010-03-19 00:07:18,RUT1946,PC-0104,Logoff
logon,{00000001BFB3-17FA1C18},2010-03-19 06:37:25,RUT1946,PC-0104,Logon
logon,{00000001C2A5-30A94480},2010-03-19 08:49:25,RUT1946,PC-0104,Logoff
device,{00000001F2B2-37CAE541},2010-02-16 05:39:17,RUT1946,PC-0104,Connect
device,{00000001F37B-1B250A51},2010-02-16 06:50:17,RUT1946,PC-0104,Disconnect
device,{00000001F008-2527E7EF},2010-02-16 13:20:55,RUT1946,PC-0104,Connect
device,{00000001F192-3712C099},2010-02-16 14:03:55,RUT1946,PC-0104,Disconnect
device,{00000001F009-2AF489B4},2010-02-16 15:15:18,RUT1946,PC-0104,Connect
device,{00000001F006-380CA055},2010-02-16 15:51:59,RUT1946,PC-0104,Connect
device,{00000001F190-3DB71CE1},2010-02-16 16:13:59,RUT1946,PC-0104,Disconnect
device,{00000001F193-17F3A1A8},2010-02-16 16:22:18,RUT1946,PC-0104,Disconnect
device,{00000001F007-07C060A7},2010-02-16 17:58:34,RUT1946,PC-0104,Connect
device,{00000001F191-3E88B492},2010-02-16 18:23:34,RUT1946,PC-0104,Disconnect
device,{00000001F2B1-25D2BE42},2010-02-16 18:33:29,RUT1946,PC-0104,Connect
device,{00000001F37A-1BAF1A94},2010-02-16 18:53:29,RUT1946,PC-0104,Disconnect
device,{00000001F00A-1DB7D0A9},2010-02-17 09:06:31,RUT1946,PC-0104,Connect
device,{00000001F194-0576BD0C},2010-02-17 09:57:31,RUT1946,PC-0104,Disconnect
device,{00000001F00C-2193A2B3},2010-02-17 13:24:25,RUT1946,PC-0104,Connect
device,{00000001F196-0C3BEE37},2010-02-17 13:29:25,RUT1946,PC-0104,Disconnect
device,{00000001F00B-05C2DF79},2010-02-17 16:27:50,RUT1946,PC-0104,Connect
device,{00000001F195-0E5CE37F},2010-02-17 16:53:50,RUT1946,PC-0104,Disconnect
device,{00000001F00E-067431B4},2010-02-18 08:00:41,RUT1946,PC-0104,Connect
device,{00000001F198-1C49B782},2010-02-18 08:35:41,RUT1946,PC-0104,Disconnect
device,{00000001F00D-014363F2},2010-02-18 12:01:45,RUT1946,PC-0104,Connect
device,{00000001F197-01ED7131},2010-02-18 12:22:45,RUT1946,PC-0104,Disconnect
device,{00000001F2B5-263D7FAF},2010-02-18 18:31:51,RUT1946,PC-0104,Connect
device,{00000001F37E-33242B60},2010-02-18 19:44:51,RUT1946,PC-0104,Disconnect
device,{00000001F2B4-179F10CC},2010-02-18 22:12:56,RUT1946,PC-0104,Connect
device,{00000001F37D-1A794A96},2010-02-18 22:29:56,RUT1946,PC-0104,Disconnect
device,{00000001F2B3-3C734575},2010-02-18 23:27:42,RUT1946,PC-0104,Connect
device,{00000001F37C-2BBDEF2F},2010-02-18 23:59:42,RUT1946,PC-0104,Disconnect
device,{00000001F2B6-2ABB1EDF},2010-02-19 05:13:54,RUT1946,PC-0104,Connect
device,{00000001F37F-2ABAC5E4},2010-02-19 05:33:54,RUT1946,PC-0104,Disconnect
device,{00000001F011-2656BE56},2010-02-19 09:34:01,RUT1946,PC-0104,Connect
device,{00000001F19B-07D715D3},2010-02-19 09:57:01,RUT1946,PC-0104,Disconnect
device,{00000001F012-128DEA8F},2010-02-19 12:18:40,RUT1946,PC-0104,Connect
device,{00000001F19C-0495A292},2010-02-19 12:21:40,RUT1946,PC-0104,Disconnect
device,{00000001F00F-23AF6083},2010-02-19 13:47:39,RUT1946,PC-0104,Connect
device,{00000001F199-0B50934D},2010-02-19 15:04:39,RUT1946,PC-0104,Disconnect
device,{00000001F013-1475ADBA},2010-02-19 15:56:56,RUT1946,PC-0104,Connect
device,{00000001F010-261AA4B6},2010-02-19 16:28:25,RUT1946,PC-0104,Connect
device,{00000001F19D-1B2510E1},2010-02-19 16:59:56,RUT1946,PC-0104,Disconnect
device,{00000001F19A-0914725F},2010-02-19 17:40:25,RUT1946,PC-0104,Disconnect
device,{00000001F2B7-088536E2},2010-02-22 01:43:21,RUT1946,PC-0104,Connect
device,{00000001F2BB-1D83EF0C},2010-02-22 02:52:35,RUT1946,PC-0104,Connect
device,{00000001F380-114170BF},2010-02-22 03:10:21,RUT1946,PC-0104,Disconnect
device,{00000001F384-2AF74810},2010-02-22 03:34:35,RUT1946,PC-0104,Disconnect
device,{00000001F014-372DC6BE},2010-02-22 09:17:21,RUT1946,PC-0104,Connect
device,{00000001F19E-3D873630},2010-02-22 10:43:21,RUT1946,PC-0104,Disconnect
device,{00000001F2BA-24D36100},2010-02-22 18:43:56,RUT1946,PC-0104,Connect
device,{00000001F383-06C3DF33},2010-02-22 19:22:56,RUT1946,PC-0104,Disconnect
device,{00000001F2B8-0B8664A4},2010-02-22 21:13:42,RUT1946,PC-0104,Connect
device,{00000001F381-0621CF07},2010-02-22 21:26:42,RUT1946,PC-0104,Disconnect
device,{00000001F2B9-3A1A4479},2010-02-22 22:33:13,RUT1946,PC-0104,Connect
device,{00000001F382-047F211C},2010-02-22 22:36:13,RUT1946,PC-0104,Disconnect
device,{00000001F016-00E4934A},2010-02-23 09:25:35,RUT1946,PC-0104,Connect
device,{00000001F1A0-299566E1},2010-02-23 10:19:35,RUT1946,PC-0104,Disconnect
device,{00000001F015-1881730E},2010-02-23 14:25:24,RUT1946,PC-0104,Connect
device,{00000001F19F-37B3F995},2010-02-23 15:25:24,RUT1946,PC-0104,Disconnect
device,{00000001F2BD-34830B8E},2010-02-23 20:57:21,RUT1946,PC-0104,Connect
device,{00000001F2BC-148929AF},2010-02-23 21:33:10,RUT1946,PC-0104,Connect
device,{00000001F386-12713F96},2010-02-23 21:58:21,RUT1946,PC-0104,Disconnect
device,{00000001F385-146FA569},2010-02-23 22:13:10,RUT1946,PC-0104,Disconnect
device,{00000001F2BE-258B9EE5},2010-02-23 23:18:05,RUT1946,PC-0104,Connect
device,{00000001F387-10DE3095},2010-02-24 00:37:05,RUT1946,PC-0104,Disconnect
device,{00000001F017-17CBAE76},2010-02-24 11:30:25,RUT1946,PC-0104,Connect
device,{00000001F018-3529E55E},2010-02-24 12:09:00,RUT1946,PC-0104,Connect
device,{00000001F1A1-3959BAA0},2010-02-24 12:17:25,RUT1946,PC-0104,Disconnect
device,{00000001F1A2-15BF412B},2010-02-24 13:38:00,RUT1946,PC-0104,Disconnect
device,{00000001F2BF-0C584B85},2010-02-24 21:04:46,RUT1946,PC-0104,Connect
device,{00000001F388-1A8B7214},2010-02-24 22:01:46,RUT1946,PC-0104,Disconnect
device,{00000001F2C0-34B107F5},2010-02-24 23:40:53,RUT1946,PC-0104,Connect
device,{00000001F389-114C819F},2010-02-25 00:12:53,RUT1946,PC-0104,Disconnect
device,{00000001F2C3-3C95B805},2010-02-25 03:39:35,RUT1946,PC-0104,Connect
device,{00000001F38C-3A6F2551},2010-02-25 04:58:35,RUT1946,PC-0104,Disconnect
device,{00000001F019-00E4C3E8},2010-02-25 09:53:47,RUT1946,PC-0104,Connect
device,{00000001F1A3-3133E2E3},2010-02-25 10:17:47,RUT1946,PC-0104,Disconnect
device,{00000001F01A-336535E4},2010-02-25 10:32:14,RUT1946,PC-0104,Connect
device,{00000001F1A4-28D4A2C8},2010-02-25 11:56:14,RUT1946,PC-0104,Disconnect
device,{00000001F01B-16A5856C},2010-02-25 14:10:49,RUT1946,PC-0104,Connect
device,{00000001F1A5-15C97C4F},2010-02-25 14:15:49,RUT1946,PC-0104,Disconnect
device,{00000001F2C2-1A160E16},2010-02-25 18:32:04,RUT1946,PC-0104,Connect
device,{00000001F38B-314E5D1B},2010-02-25 18:39:04,RUT1946,PC-0104,Disconnect
device,{00000001F2C1-2285AAE3},2010-02-25 23:37:05,RUT1946,PC-0104,Connect
device,{00000001F2C4-1BDBF88B},2010-02-25 23:37:54,RUT1946,PC-0104,Connect
device,{00000001F38D-32E34C67},2010-02-26 00:23:54,RUT1946,PC-0104,Disconnect
device,{00000001F38A-2440EA29},2010-02-26 00:53:05,RUT1946,PC-0104,Disconnect
device,{00000001F2C6-195404FC},2010-02-26 04:05:54,RUT1946,PC-0104,Connect
device,{00000001F38F-30B8CBCC},2010-02-26 05:06:54,RUT1946,PC-0104,Disconnect
device,{00000001F020-092369F4},2010-02-26 10:08:37,RUT1946,PC-0104,Connect
device,{00000001F1AA-3877F2FB},2010-02-26 11:11:37,RUT1946,PC-0104,Disconnect
device,{00000001F01D-36C532AD},2010-02-26 13:47:02,RUT1946,PC-0104,Connect
device,{00000001F1A7-24E02128},2010-02-26 14:56:02,RUT1946,PC-0104,Disconnect
device,{00000001F01C-3DF28DCE},2010-02-26 15:02:02,RUT1946,PC-0104,Connect
device,{00000001F01F-3B29D8EC},2010-02-26 15:20:34,RUT1946,PC-0104,Connect
device,{00000001F1A6-114250D4},2010-02-26 15:35:02,RUT1946,PC-0104,Disconnect
device,{00000001F1A9-34A6F839},2010-02-26 15:59:34,RUT1946,PC-0104,Disconnect
device,{00000001F01E-209ECF76},2010-02-26 17:37:28,RUT1946,PC-0104,Connect
device,{00000001F1A8-1D425F46},2010-02-26 17:47:28,RUT1946,PC-0104,Disconnect
device,{00000001F2C5-258F53A2},2010-02-26 22:19:37,RUT1946,PC-0104,Connect
device,{00000001F2C7-141DF81B},2010-02-26 22:21:32,RUT1946,PC-0104,Connect
device,{00000001F390-348F77EF},2010-02-26 22:57:32,RUT1946,PC-0104,Disconnect
device,{00000001F38E-15C2F318},2010-02-26 23:11:37,RUT1946,PC-0104,Disconnect
device,{00000001F2C8-0227F937},2010-03-01 00:42:58,RUT1946,PC-0104,Connect
device,{00000001F391-04742C7C},2010-03-01 01:53:58,RUT1946,PC-0104,Disconnect
device,{00000001F021-2846A716},2010-03-01 08:35:15,RUT1946,PC-0104,Connect
device,{00000001F1AB-2765055D},2010-03-01 10:01:15,RUT1946,PC-0104,Disconnect
device,{00000001F022-126B848F},2010-03-01 16:18:40,RUT1946,PC-0104,Connect
device,{00000001F1AC-07E166D8},2010-03-01 16:53:40,RUT1946,PC-0104,Disconnect
device,{00000001F2C9-10BCB3A2},2010-03-01 21:34:21,RUT1946,PC-0104,Connect
device,{00000001F392-2D5B63CD},2010-03-01 22:33:21,RUT1946,PC-0104,Disconnect
device,{00000001F2CB-05FB1D71},2010-03-02 03:26:02,RUT1946,PC-0104,Connect
device,{00000001F2CA-053DE8F0},2010-03-02 04:17:10,RUT1946,PC-0104,Connect
device,{00000001F393-116E0758},2010-03-02 04:39:10,RUT1946,PC-0104,Disconnect
device,{00000001F394-129D42F8},2010-03-02 04:43:02,RUT1946,PC-0104,Disconnect
device,{00000001F024-0257E933},2010-03-02 12:34:12,RUT1946,PC-0104,Connect
device,{00000001F1AE-006EBEDE},2010-03-02 13:17:12,RUT1946,PC-0104,Disconnect
device,{00000001F023-297B00DF},2010-03-02 13:58:06,RUT1946,PC-0104,Connect
device,{00000001F1AD-14BB1F79},2010-03-02 15:13:06,RUT1946,PC-0104,Disconnect
device,{00000001F2CC-09673F4E},2010-03-02 20:18:19,RUT1946,PC-0104,Connect
device,{00000001F395-0A0646CA},2010-03-02 21:37:19,RUT1946,PC-0104,Disconnect
device,{00000001F025-3F7918E7},2010-03-03 10:21:06,RUT1946,PC-0104,Connect
device,{00000001F1AF-1841B444},2010-03-03 11:22:06,RUT1946,PC-0104,Disconnect
device,{00000001F026-2F7D74CA},2010-03-03 17:45:49,RUT1946,PC-0104,Connect
device,{00000001F1B0-28348D5D},2010-03-03 17:56:49,RUT1946,PC-0104,Disconnect
device,{00000001F2CF-3AB044B1},2010-03-03 18:07:27,RUT1946,PC-0104,Connect
device,{00000001F398-1ECB6225},2010-03-03 19:27:27,RUT1946,PC-0104,Disconnect
device,{00000001F2CD-14B87042},2010-03-03 19:57:25,RUT1946,PC-0104,Connect
device,{00000001F396-2E8F9FDF},2010-03-03 21:22:25,RUT1946,PC-0104,Disconnect
device,{00000001F2CE-3446BAC3},2010-03-03 23:19:43,RUT1946,PC-0104,Connect
device,{00000001F397-2E8A5E66},2010-03-03 23:33:43,RUT1946,PC-0104,Disconnect
device,{00000001F2D0-3C586687},2010-03-04 00:19:20,RUT1946,PC-0104,Connect
device,{00000001F399-35B72C11},2010-03-04 00:46:20,RUT1946,PC-0104,Disconnect
device,{00000001F029-041C5570},2010-03-04 09:05:56,RUT1946,PC-0104,Connect
device,{00000001F1B3-294273ED},2010-03-04 10:06:56,RUT1946,PC-0104,Disconnect
device,{00000001F027-159BD7BE},2010-03-04 10:24:00,RUT1946,PC-0104,Connect
device,{00000001F1B1-0176E9D7},2010-03-04 11:13:00,RUT1946,PC-0104,Disconnect
device,{00000001F02B-2D54F6A2},2010-03-04 14:05:38,RUT1946,PC-0104,Connect
device,{00000001F02A-177933DA},2010-03-04 14:11:37,RUT1946,PC-0104,Connect
device,{00000001F1B5-39DC9865},2010-03-04 14:23:38,RUT1946,PC-0104,Disconnect
device,{00000001F1B4-35279CD0},2010-03-04 14:41:37,RUT1946,PC-0104,Disconnect
device,{00000001F028-245A6EB1},2010-03-04 15:14:17,RUT1946,PC-0104,Connect
device,{00000001F1B2-1059AB42},2010-03-04 15:55:17,RUT1946,PC-0104,Disconnect
device,{00000001F2D1-2A418FFD},2010-03-04 23:24:52,RUT1946,PC-0104,Connect
device,{00000001F39A-329360F1},2010-03-05 00:22:52,RUT1946,PC-0104,Disconnect
device,{00000001F2D2-181CA4B4},2010-03-05 00:25:04,RUT1946,PC-0104,Connect
device,{00000001F39B-0B0FF1B4},2010-03-05 00:27:04,RUT1946,PC-0104,Disconnect
device,{00000001F02D-1E74659C},2010-03-05 07:43:51,RUT1946,PC-0104,Connect
device,{00000001F1B7-184E6FC0},2010-03-05 09:00:51,RUT1946,PC-0104,Disconnect
device,{00000001F02C-1EB62F30},2010-03-05 12:58:05,RUT1946,PC-0104,Connect
device,{00000001F1B6-38BB51E2},2010-03-05 13:08:05,RUT1946,PC-0104,Disconnect
device,{00000001F030-32437ADB},2010-03-05 13:59:21,RUT1946,PC-0104,Connect
device,{00000001F02E-09313A8D},2010-03-05 14:03:30,RUT1946,PC-0104,Connect
device,{00000001F1BA-376E2972},2010-03-05 15:08:21,RUT1946,PC-0104,Disconnect
device,{00000001F1B8-2AA23343},2010-03-05 15:19:30,RUT1946,PC-0104,Disconnect
device,{00000001F02F-0851748E},2010-03-05 17:35:16,RUT1946,PC-0104,Connect
device,{00000001F1B9-3F748542},2010-03-05 18:37:16,RUT1946,PC-0104,Disconnect
device,{00000001F2D4-244E2D99},2010-03-08 02:17:16,RUT1946,PC-0104,Connect
device,{00000001F39D-38C6225D},2010-03-08 02:31:16,RUT1946,PC-0104,Disconnect
device,{00000001F2D3-0EE339FA},2010-03-08 04:38:24,RUT1946,PC-0104,Connect
device,{00000001F39C-33EABD82},2010-03-08 05:08:24,RUT1946,PC-0104,Disconnect
device,{00000001F031-348CF223},2010-03-08 11:06:17,RUT1946,PC-0104,Connect
device,{00000001F1BB-2CA8C4E2},2010-03-08 11:55:17,RUT1946,PC-0104,Disconnect
device,{00000001F2D6-2A236E79},2010-03-08 20:26:47,RUT1946,PC-0104,Connect
device,{00000001F39F-3774E354},2010-03-08 21:08:47,RUT1946,PC-0104,Disconnect
device,{00000001F2D7-050D7D35},2010-03-08 22:23:03,RUT1946,PC-0104,Connect
device,{00000001F3A0-00153A13},2010-03-08 23:05:03,RUT1946,PC-0104,Disconnect
device,{00000001F2D5-04A637AD},2010-03-08 23:15:45,RUT1946,PC-0104,Connect
device,{00000001F39E-0B430DA9},2010-03-09 00:04:45,RUT1946,PC-0104,Disconnect
device,{00000001F2D8-15D6DF52},2010-03-09 01:03:34,RUT1946,PC-0104,Connect
device,{00000001F2D9-11E96A0E},2010-03-09 01:28:19,RUT1946,PC-0104,Connect
device,{00000001F3A2-31DD2E65},2010-03-09 01:54:19,RUT1946,PC-0104,Disconnect
device,{00000001F3A1-0130AFC9},2010-03-09 02:25:34,RUT1946,PC-0104,Disconnect
device,{00000001F034-1F998F16},2010-03-09 11:38:29,RUT1946,PC-0104,Connect
device,{00000001F1BE-305A692C},2010-03-09 12:36:29,RUT1946,PC-0104,Disconnect
device,{00000001F033-118A6EE7},2010-03-09 13:02:04,RUT1946,PC-0104,Connect
device,{00000001F1BD-0BF630AA},2010-03-09 13:21:04,RUT1946,PC-0104,Disconnect
device,{00000001F032-3CE32D30},2010-03-09 16:37:38,RUT1946,PC-0104,Connect
device,{00000001F1BC-0B3D8B9B},2010-03-09 18:00:38,RUT1946,PC-0104,Disconnect
device,{00000001F2DA-060E69C5},2010-03-09 20:03:08,RUT1946,PC-0104,Connect
device,{00000001F3A3-2331D9A7},2010-03-09 21:08:08,RUT1946,PC-0104,Disconnect
device,{00000001F2DE-052C20B9},2010-03-10 06:15:46,RUT1946,PC-0104,Connect
device,{00000001F3A7-243A9240},2010-03-10 06:52:46,RUT1946,PC-0104,Disconnect
device,{00000001F035-116456BA},2010-03-10 10:30:10,RUT1946,PC-0104,Connect
device,{00000001F1BF-36AF2E60},2010-03-10 10:39:10,RUT1946,PC-0104,Disconnect
device,{00000001F038-37DF8248},2010-03-10 11:16:28,RUT1946,PC-0104,Connect
device,{00000001F1C2-0585282B},2010-03-10 11:30:28,RUT1946,PC-0104,Disconnect
device,{00000001F037-23415516},2010-03-10 14:43:52,RUT1946,PC-0104,Connect
device,{00000001F036-3B94A44D},2010-03-10 15:06:13,RUT1946,PC-0104,Connect
device,{00000001F1C1-1AF90755},2010-03-10 15:07:52,RUT1946,PC-0104,Disconnect
device,{00000001F1C0-268CD723},2010-03-10 15:35:13,RUT1946,PC-0104,Disconnect
device,{00000001F039-2FD589C5},2010-03-10 16:21:20,RUT1946,PC-0104,Connect
device,{00000001F1C3-174F3B6B},2010-03-10 16:34:20,RUT1946,PC-0104,Disconnect
device,{00000001F2DD-0D6B7B77},2010-03-10 21:30:14,RUT1946,PC-0104,Connect
device,{00000001F2DC-2425984D},2010-03-10 21:56:34,RUT1946,PC-0104,Connect
device,{00000001F3A6-0286A637},2010-03-10 22:16:14,RUT1946,PC-0104,Disconnect
device,{00000001F3A5-11AC952B},2010-03-10 22:54:34,RUT1946,PC-0104,Disconnect
device,{00000001F2DB-2C058FE9},2010-03-10 23:59:34,RUT1946,PC-0104,Connect
device,{00000001F3A4-34A79D77},2010-03-11 00:01:34,RUT1946,PC-0104,Disconnect
device,{00000001F2E0-03005439},2010-03-11 03:59:55,RUT1946,PC-0104,Connect
device,{00000001F3A9-2069AE3A},2010-03-11 04:26:55,RUT1946,PC-0104,Disconnect
device,{00000001F2DF-1B8FEEFF},2010-03-11 05:33:39,RUT1946,PC-0104,Connect
device,{00000001F3A8-1989D8B7},2010-03-11 06:38:39,RUT1946,PC-0104,Disconnect
device,{00000001F03D-38560D2C},2010-03-12 08:40:40,RUT1946,PC-0104,Connect
device,{00000001F1C7-178AEB60},2010-03-12 09:05:40,RUT1946,PC-0104,Disconnect
device,{00000001F03B-0EEB2719},2010-03-12 09:21:24,RUT1946,PC-0104,Connect
device,{00000001F1C5-003F5FA4},2010-03-12 10:04:24,RUT1946,PC-0104,Disconnect
device,{00000001F03E-2DD7B812},2010-03-12 10:49:31,RUT1946,PC-0104,Connect
device,{00000001F1C8-358D5318},2010-03-12 11:24:31,RUT1946,PC-0104,Disconnect
device,{00000001F03C-2B2FC014},2010-03-12 13:36:26,RUT1946,PC-0104,Connect
device,{00000001F1C6-3C2FB7A2},2010-03-12 14:09:26,RUT1946,PC-0104,Disconnect
device,{00000001F03A-1A701F39},2010-03-12 16:26:06,RUT1946,PC-0104,Connect
device,{00000001F1C4-13E39DAE},2010-03-12 16:40:06,RUT1946,PC-0104,Disconnect
device,{00000001F2E1-090D6C67},2010-03-12 18:28:00,RUT1946,PC-0104,Connect
device,{00000001F3AA-3FB79FA0},2010-03-12 19:14:00,RUT1946,PC-0104,Disconnect
device,{00000001F042-120396CF},2010-03-15 08:40:50,RUT1946,PC-0104,Connect
device,{00000001F1CC-1840D4E8},2010-03-15 08:56:50,RUT1946,PC-0104,Disconnect
device,{00000001F03F-08943E41},2010-03-15 09:39:23,RUT1946,PC-0104,Connect
device,{00000001F1C9-2DD7F8A8},2010-03-15 10:05:23,RUT1946,PC-0104,Disconnect
device,{00000001F041-3AA111AD},2010-03-15 11:54:29,RUT1946,PC-0104,Connect
device,{00000001F1CB-09CB2510},2010-03-15 12:55:29,RUT1946,PC-0104,Disconnect
device,{00000001F040-112FB14B},2010-03-15 13:26:39,RUT1946,PC-0104,Connect
device,{00000001F1CA-01D66DEA},2010-03-15 14:54:39,RUT1946,PC-0104,Disconnect
device,{00000001F044-1EBE2AAE},2010-03-16 09:03:03,RUT1946,PC-0104,Connect
device,{00000001F1CE-353A64AE},2010-03-16 09:26:03,RUT1946,PC-0104,Disconnect
device,{00000001F048-11A55CF5},2010-03-16 11:13:54,RUT1946,PC-0104,Connect
device,{00000001F1D2-2A7AAABF},2010-03-16 11:53:54,RUT1946,PC-0104,Disconnect
device,{00000001F045-0D3B0A99},2010-03-16 12:08:32,RUT1946,PC-0104,Connect
device,{00000001F1CF-08667CA7},2010-03-16 12:10:32,RUT1946,PC-0104,Disconnect
device,{00000001F043-0512A96F},2010-03-16 12:17:25,RUT1946,PC-0104,Connect
device,{00000001F1CD-0B160B33},2010-03-16 13:08:25,RUT1946,PC-0104,Disconnect
device,{00000001F047-251E6249},2010-03-16 13:24:16,RUT1946,PC-0104,Connect
device,{00000001F1D1-2A37A7C9},2010-03-16 14:29:16,RUT1946,PC-0104,Disconnect
device,{00000001F046-26D9BEB5},2010-03-16 15:16:13,RUT1946,PC-0104,Connect
device,{00000001F1D0-170F394C},2010-03-16 16:16:13,RUT1946,PC-0104,Disconnect
device,{00000001F2E3-03AC099E},2010-03-16 18:28:32,RUT1946,PC-0104,Connect
device,{00000001F3AC-362F21A8},2010-03-16 19:18:32,RUT1946,PC-0104,Disconnect
device,{00000001F2E2-1399F991},2010-03-16 22:57:05,RUT1946,PC-0104,Connect
device,{00000001F3AB-01963743},2010-03-17 00:22:05,RUT1946,PC-0104,Disconnect
device,{00000001F04A-3DE69A78},2010-03-17 08:51:01,RUT1946,PC-0104,Connect
device,{00000001F1D4-14A91695},2010-03-17 08:54:01,RUT1946,PC-0104,Disconnect
device,{00000001F049-328B9C71},2010-03-17 11:25:47,RUT1946,PC-0104,Connect
device,{00000001F1D3-2926C626},2010-03-17 12:36:47,RUT1946,PC-0104,Disconnect
device,{00000001F2E5-1C578BA2},2010-03-17 19:54:53,RUT1946,PC-0104,Connect
device,{00000001F3AE-3E7F0DC1},2010-03-17 20:42:53,RUT1946,PC-0104,Disconnect
device,{00000001F2E4-19501431},2010-03-17 22:14:59,RUT1946,PC-0104,Connect
device,{00000001F3AD-1FAE03DC},2010-03-17 23:31:59,RUT1946,PC-0104,Disconnect
device,{00000001F2E6-06E0DFDA},2010-03-18 06:56:21,RUT1946,PC-0104,Connect
device,{00000001F3AF-0CEE928B},2010-03-18 08:23:21,RUT1946,PC-0104,Disconnect
device,{00000001F04C-323F8E54},2010-03-18 08:59:32,RUT1946,PC-0104,Connect
device,{00000001F1D6-0B5632EF},2010-03-18 09:40:32,RUT1946,PC-0104,Disconnect
device,{00000001F04D-2597A250},2010-03-18 10:39:53,RUT1946,PC-0104,Connect
device,{00000001F1D7-0C2D7229},2010-03-18 11:52:53,RUT1946,PC-0104,Disconnect
device,{00000001F04B-374E54BA},2010-03-18 13:32:34,RUT1946,PC-0104,Connect
device,{00000001F1D5-2AF1CF11},2010-03-18 14:25:34,RUT1946,PC-0104,Disconnect
device,{00000001F04E-364A2412},2010-03-18 16:54:06,RUT1946,PC-0104,Connect
device,{00000001F1D8-216706EC},2010-03-18 17:58:06,RUT1946,PC-0104,Disconnect
device,{00000001F051-1E24144C},2010-03-19 08:16:58,RUT1946,PC-0104,Connect
device,{00000001F1DB-24C9EBB3},2010-03-19 08:37:58,RUT1946,PC-0104,Disconnect
device,{00000001F050-2C12B37F},2010-03-19 09:48:22,RUT1946,PC-0104,Connect
device,{00000001F1DA-19B19AB5},2010-03-19 11:02:22,RUT1946,PC-0104,Disconnect
device,{00000001F04F-037FAA07},2010-03-19 14:10:13,RUT1946,PC-0104,Connect
device,{00000001F1D9-14F231A6},2010-03-19 15:12:13,RUT1946,PC-0104,Disconnect
device,{00000001F2E7-1A143A5E},2010-03-19 23:11:38,RUT1946,PC-0104,Connect
device,{00000001F3B0-350FE16C},2010-03-20 00:02:38,RUT1946,PC-0104,Disconnect
file,{00000002CD7A-03381B6F},2010-02-16 07:36:00,RUT1946,PC-0104,54A8D8.pdf,D0-CF-11-E0
file,{00000002CD75-1F119EFF},2010-02-16 10:14:23,RUT1946,PC-0104,554A05.pdf,D0-CF-11-E0
file,{00000002CD7D-0C947D4E},2010-02-16 10:21:24,RUT1946,PC-0104,2C7733.doc,D0-CF-11-E0
file,{00000002CD81-22D013BE},2010-02-16 10:51:01,RUT1946,PC-0104,7163EE.zip,D0-CF-11-E0
file,{00000002CD76-0C519F5A},2010-02-16 12:18:26,RUT1946,PC-0104,92307B.pdf,D0-CF-11-E0
file,{00000002CD78-30AB4418},2010-02-16 14:11:56,RUT1946,PC-0104,53B4C6.zip,D0-CF-11-E0
file,{00000002CD77-35957D99},2010-02-16 14:21:47,RUT1946,PC-0104,5C174B.zip,D0-CF-11-E0
file,{00000002CD7B-2EF2669F},2010-02-16 14:27:31,RUT1946,PC-0104,6C0686.pdf,D0-CF-11-E0
file,{00000002CD7E-3AC7D70B},2010-02-16 14:46:54,RUT1946,PC-0104,F777C0.pdf,D0-CF-11-E0
file,{00000002CD79-2C7B69C8},2010-02-16 15:50:44,RUT1946,PC-0104,69B5E4.doc,D0-CF-11-E0
file,{00000002CD7C-25A6615A},2010-02-16 16:29:30,RUT1946,PC-0104,737D1F.png,D0-CF-11-E0
file,{00000002CD80-2A35D283},2010-02-16 17:05:39,RUT1946,PC-0104,E3A97D.pdf,D0-CF-11-E0
file,{00000002CD7F-37DC7142},2010-02-16 17:22:30,RUT1946,PC-0104,BC7F81.pdf,D0-CF-11-E0
file,{00000002CD88-032393F9},2010-02-17 07:19:32,RUT1946,PC-0104,DC318E.pdf,D0-CF-11-E0
file,{00000002CD93-01EF1985},2010-02-17 07:38:02,RUT1946,PC-0104,4127E1.zip,D0-CF-11-E0
file,{00000002CD8A-012E0948},2010-02-17 07:40:01,RUT1946,PC-0104,BB1C8C.pdf,D0-CF-11-E0
file,{00000002CD85-38EC7B12},2010-02-17 09:09:45,RUT1946,PC-0104,FA54C4.zip,D0-CF-11-E0
file,{00000002CD8F-28871F8F},2010-02-17 09:19:43,RUT1946,PC-0104,BCD1A1.png,D0-CF-11-E0
file,{00000002CD8B-14EC4681},2010-02-17 09:53:17,RUT1946,PC-0104,4A1BE0.zip,D0-CF-11-E0
file,{00000002CD91-236D34DC},2010-02-17 10:34:47,RUT1946,PC-0104,8B3028.pdf,D0-CF-11-E0
file,{00000002CD8E-3C8AED3F},2010-02-17 10:49:37,RUT1946,PC-0104,E0EDC4.pdf,D0-CF-11-E0
file,{00000002CD89-0FE37987},2010-02-17 11:00:33,RUT1946,PC-0104,AD00B8.doc,D0-CF-11-E0
file,{00000002CD82-2E1AED6C},2010-02-17 11:32:29,RUT1946,PC-0104,6518D5.pdf,D0-CF-11-E0
file,{00000002CD8C-0B395735},2010-02-17 12:07:28,RUT1946,PC-0104,2C912A.pdf,D0-CF-11-E0
file,{00000002CD86-04879937},2010-02-17 12:09:20,RUT1946,PC-0104,D533EF.zip,D0-CF-11-E0
file,{00000002CD83-1F3BC207},2010-02-17 13:11:34,RUT1946,PC-0104,552EC4.doc,D0-CF-11-E0
file,{00000002CD92-2891BCD2},2010-02-17 13:20:36,RUT1946,PC-0104,8D1559.zip,D0-CF-11-E0
file,{00000002CD96-1A20C966},2010-02-17 14:27:10,RUT1946,PC-0104,EA72A4.txt,D0-CF-11-E0
file,{00000002CD84-1CA48624},2010-02-17 14:41:57,RUT1946,PC-0104,E70EAA.pdf,D0-CF-11-E0
file,{00000002CD90-0DB7FC5F},2010-02-17 14:45:50,RUT1946,PC-0104,E26FF9.zip,D0-CF-11-E0
file,{00000002CD8D-2EFA165D},2010-02-17 15:13:21,RUT1946,PC-0104,086A22.pdf,D0-CF-11-E0
file,{00000002CD87-0E4685A0},2010-02-17 15:54:36,RUT1946,PC-0104,90B29D.doc,D0-CF-11-E0
file,{00000002CD94-1556A6D3},2010-02-17 17:36:45,RUT1946,PC-0104,A46DE0.zip,D0-CF-11-E0
file,{00000002CD95-1BDBC8DD},2010-02-17 17:37:52,RUT1946,PC-0104,0DCD20.pdf,D0-CF-11-E0
file,{00000002CDA4-211B92FC},2010-02-18 07:27:14,RUT1946,PC-0104,6342E6.zip,D0-CF-11-E0
file,{00000002CDA2-361DAF77},2010-02-18 08:24:47,RUT1946,PC-0104,E5866E.doc,D0-CF-11-E0
file,{00000002CD9C-23DDBB0A},2010-02-18 09:04:55,RUT1946,PC-0104,C9EE0A.png,D0-CF-11-E0
file,{00000002CD98-263F74AF},2010-02-18 10:47:17,RUT1946,PC-0104,C0B813.doc,D0-CF-11-E0
file,{00000002CD9E-364CBDC3},2010-02-18 10:48:17,RUT1946,PC-0104,D6283D.doc,D0-CF-11-E0
file,{00000002CD9B-1AE3C17E},2010-02-18 11:16:12,RUT1946,PC-0104,01E0EA.doc,D0-CF-11-E0
file,{00000002CD9D-31D1267B},2010-02-18 11:39:26,RUT1946,PC-0104,5B282A.doc,D0-CF-11-E0
file,{00000002CDA0-0E6AA4B6},2010-02-18 12:29:27,RUT1946,PC-0104,7E9F31.doc,D0-CF-11-E0
file,{00000002CDA1-3A771A13},2010-02-18 12:34:51,RUT1946,PC-0104,EB5C29.pdf,D0-CF-11-E0
file,{00000002CDA9-1C6DD15F},2010-02-18 12:58:19,RUT1946,PC-0104,E209B4.doc,D0-CF-11-E0
file,{00000002CD9A-02185D71},2010-02-18 13:01:56,RUT1946,PC-0104,A328F4.pdf,D0-CF-11-E0
file,{00000002CDA7-1D61E46D},2010-02-18 13:45:38,RUT1946,PC-0104,E510D7.pdf,D0-CF-11-E0
file,{00000002CD99-25505F5B},2010-02-18 13:59:33,RUT1946,PC-0104,36FB6E.pdf,D0-CF-11-E0
file,{00000002CDA5-03FBD547},2010-02-18 16:04:17,RUT1946,PC-0104,74E14D.pdf,D0-CF-11-E0
file,{00000002CD97-17D1A80C},2010-02-18 16:11:57,RUT1946,PC-0104,06616B.pdf,D0-CF-11-E0
file,{00000002CDA3-11715F95},2010-02-18 16:29:24,RUT1946,PC-0104,B469AE.doc,D0-CF-11-E0
file,{00000002CDA8-0D95164F},2010-02-18 17:17:56,RUT1946,PC-0104,1CA4C5.pdf,D0-CF-11-E0
file,{00000002CDA6-37CB3DDC},2010-02-18 17:29:52,RUT1946,PC-0104,E5E15D.zip,D0-CF-11-E0
file,{00000002CD9F-2060E7DB},2010-02-18 17:42:40,RUT1946,PC-0104,509DFA.zip,D0-CF-11-E0
file,{00000002CDAA-25155B6C},2010-02-19 07:18:16,RUT1946,PC-0104,E9C08C.zip,D0-CF-11-E0
file,{00000002CDB2-232464F1},2010-02-19 07:27:50,RUT1946,PC-0104,A062AC.doc,D0-CF-11-E0
file,{00000002CDAB-0BE68323},2010-02-19 07:45:36,RUT1946,PC-0104,F7D818.zip,D0-CF-11-E0
file,{00000002CDAE-1E3B8784},2010-02-19 08:01:10,RUT1946,PC-0104,DA6208.pdf,D0-CF-11-E0
file,{00000002CDB1-171F8EB9},2010-02-19 08:11:19,RUT1946,PC-0104,AC65D3.pdf,D0-CF-11-E0
file,{00000002CDB6-36FAFEA2},2010-02-19 08:18:48,RUT1946,PC-0104,92DE28.pdf,D0-CF-11-E0
file,{00000002CDB8-2B8986A8},2010-02-19 08:29:58,RUT1946,PC-0104,EA2059.zip,D0-CF-11-E0
file,{00000002CDB3-1F075B09},2010-02-19 10:08:03,RUT1946,PC-0104,102D5C.doc,D0-CF-11-E0
file,{00000002CDAF-37EBB519},2010-02-19 11:37:29,RUT1946,PC-0104,605428.doc,D0-CF-11-E0
file,{00000002CDAD-24D55886},2010-02-19 12:06:46,RUT1946,PC-0104,D18698.pdf,D0-CF-11-E0
file,{00000002CDB0-278F715C},2010-02-19 14:04:44,RUT1946,PC-0104,7EAA57.pdf,D0-CF-11-E0
file,{00000002CDB4-20CA1CD9},2010-02-19 14:51:31,RUT1946,PC-0104,5CD657.doc,D0-CF-11-E0
file,{00000002CDB5-255D9C55},2010-02-19 15:09:54,RUT1946,PC-0104,D7CA06.doc,D0-CF-11-E0
file,{00000002CDB9-380FC911},2010-02-19 15:41:11,RUT1946,PC-0104,86C5BF.png,D0-CF-11-E0
file,{00000002CDB7-00AA015B},2010-02-19 16:33:53,RUT1946,PC-0104,CF9A29.zip,D0-CF-11-E0
file,{00000002CDAC-380F516F},2010-02-19 16:36:57,RUT1946,PC-0104,FBF2DF.doc,D0-CF-11-E0
file,{00000002CDC5-0D06677A},2010-02-22 07:05:12,RUT1946,PC-0104,199313.doc,D0-CF-11-E0
file,{00000002CDBC-01283178},2010-02-22 07:18:01,RUT1946,PC-0104,E62728.pdf,D0-CF-11-E0
file,{00000002CDC2-0BC53791},2010-02-22 07:30:33,RUT1946,PC-0104,511B7D.doc,D0-CF-11-E0
file,{00000002CDC0-3920ACEA},2010-02-22 07:53:58,RUT1946,PC-0104,67E758.pdf,D0-CF-11-E0
file,{00000002CDCA-0391328E},2010-02-22 09:35:17,RUT1946,PC-0104,2FCB5C.doc,D0-CF-11-E0
file,{00000002CDC8-0BCF85EE},2010-02-22 09:46:08,RUT1946,PC-0104,5056BC.doc,D0-CF-11-E0
file,{00000002CDCB-2CA5044C},2010-02-22 09:46:38,RUT1946,PC-0104,0E55D8.zip,D0-CF-11-E0
file,{00000002CDBF-2E7B1AA1},2010-02-22 09:54:42,RUT1946,PC-0104,D75371.zip,D0-CF-11-E0
file,{00000002CDC3-118F02DB},2010-02-22 10:05:55,RUT1946,PC-0104,958C02.zip,D0-CF-11-E0
file,{00000002CDC7-05372AAD},2010-02-22 10:36:00,RUT1946,PC-0104,33D647.zip,D0-CF-11-E0
file,{00000002CDBB-253B4ED4},2010-02-22 11:46:39,RUT1946,PC-0104,6789B7.doc,D0-CF-11-E0
file,{00000002CDBD-167E3035},2010-02-22 12:04:41,RUT1946,PC-0104,D8351B.zip,D0-CF-11-E0
file,{00000002CDBA-02CBAD8B},2010-02-22 12:19:53,RUT1946,PC-0104,9B1104.doc,D0-CF-11-E0
file,{00000002CDC4-0F9B6525},2010-02-22 13:29:51,RUT1946,PC-0104,277A1E.doc,D0-CF-11-E0
file,{00000002CDC1-20AA646A},2010-02-22 15:55:00,RUT1946,PC-0104,B276E3.pdf,D0-CF-11-E0
file,{00000002CDC9-01D51117},2010-02-22 16:33:47,RUT1946,PC-0104,52A013.doc,D0-CF-11-E0
file,{00000002CDBE-24F608C4},2010-02-22 17:23:58,RUT1946,PC-0104,28354D.doc,D0-CF-11-E0
file,{00000002CDC6-31DC9B70},2010-02-22 17:29:52,RUT1946,PC-0104,AA8C84.pdf,D0-CF-11-E0
file,{00000002CDD7-175207F6},2010-02-23 07:25:41,RUT1946,PC-0104,745183.pdf,D0-CF-11-E0
file,{00000002CDD8-36883308},2010-02-23 09:32:40,RUT1946,PC-0104,EAF96C.pdf,D0-CF-11-E0
file,{00000002CDDF-061D60A0},2010-02-23 10:31:53,RUT1946,PC-0104,4C369A.doc,D0-CF-11-E0
file,{00000002CDDB-1EAA42BC},2010-02-23 10:40:24,RUT1946,PC-0104,C8CC76.zip,D0-CF-11-E0
file,{00000002CDD4-1768891D},2010-02-23 10:52:55,RUT1946,PC-0104,8AE9D6.pdf,D0-CF-11-E0
file,{00000002CDDD-191531D7},2010-02-23 10:58:40,RUT1946,PC-0104,E8E37D.doc,D0-CF-11-E0
file,{00000002CDDE-3352BDBC},2010-02-23 11:00:46,RUT1946,PC-0104,0901CF.png,D0-CF-11-E0
file,{00000002CDDA-2BB740C6},2010-02-23 11:04:38,RUT1946,PC-0104,D0E642.pdf,D0-CF-11-E0
file,{00000002CDD3-1695A7A9},2010-02-23 11:10:58,RUT1946,PC-0104,362139.doc,D0-CF-11-E0
file,{00000002CDD0-0B7F0031},2010-02-23 11:30:59,RUT1946,PC-0104,BF27E9.pdf,D0-CF-11-E0
file,{00000002CDCE-2CF6AFF5},2010-02-23 12:46:47,RUT1946,PC-0104,FBF1CD.pdf,D0-CF-11-E0
file,{00000002CDCF-1008F6BB},2010-02-23 13:08:49,RUT1946,PC-0104,433C42.jpg,D0-CF-11-E0
file,{00000002CDD5-0444ACAF},2010-02-23 13:46:36,RUT1946,PC-0104,8A6FD4.pdf,D0-CF-11-E0
file,{00000002CDD2-1BDD1808},2010-02-23 13:56:17,RUT1946,PC-0104,83BA5E.zip,D0-CF-11-E0
file,{00000002CDD9-22DB85E9},2010-02-23 14:00:42,RUT1946,PC-0104,97BE71.pdf,D0-CF-11-E0
file,{00000002CDD6-2915867B},2010-02-23 15:06:02,RUT1946,PC-0104,A9B02A.zip,D0-CF-11-E0
file,{00000002CDD1-00B0B48C},2010-02-23 15:37:19,RUT1946,PC-0104,28F4D9.zip,D0-CF-11-E0
file,{00000002CDCD-11DFD503},2010-02-23 16:08:43,RUT1946,PC-0104,C93710.pdf,D0-CF-11-E0
file,{00000002CDCC-1093DE67},2010-02-23 16:36:20,RUT1946,PC-0104,4A8CA5.doc,D0-CF-11-E0
file,{00000002CDDC-2DF5BC56},2010-02-23 17:51:08,RUT1946,PC-0104,2B9884.pdf,D0-CF-11-E0
file,{00000002CDE9-3F1E3DBD},2010-02-24 07:01:39,RUT1946,PC-0104,DF4813.zip,D0-CF-11-E0
file,{00000002CDF1-0F91397A},2010-02-24 08:57:24,RUT1946,PC-0104,F8BFFD.pdf,D0-CF-11-E0
file,{00000002CDE4-2ADAFE1D},2010-02-24 08:59:45,RUT1946,PC-0104,464E2E.pdf,D0-CF-11-E0
file,{00000002CDED-13994BE2},2010-02-24 09:04:48,RUT1946,PC-0104,AF8FDE.doc,D0-CF-11-E0
file,{00000002CDEB-1539CE7F},2010-02-24 09:06:54,RUT1946,PC-0104,12E11C.pdf,D0-CF-11-E0
file,{00000002CDE7-36530932},2010-02-24 09:25:17,RUT1946,PC-0104,24D7E4.zip,D0-CF-11-E0
file,{00000002CDEE-0FB490E4},2010-02-24 09:43:45,RUT1946,PC-0104,813B36.png,D0-CF-11-E0
file,{00000002CDEF-1FEA0DA1},2010-02-24 09:57:41,RUT1946,PC-0104,FFC7C8.pdf,D0-CF-11-E0
file,{00000002CDF0-30014FFA},2010-02-24 10:02:32,RUT1946,PC-0104,D62720.pdf,D0-CF-11-E0
file,{00000002CDEA-3BFD85AC},2010-02-24 10:05:09,RUT1946,PC-0104,7870ED.pdf,D0-CF-11-E0
file,{00000002CDE3-149FDD55},2010-02-24 10:14:14,RUT1946,PC-0104,89C195.doc,D0-CF-11-E0
file,{00000002CDE5-18073AFA},2010-02-24 10:23:46,RUT1946,PC-0104,7433E5.zip,D0-CF-11-E0
file,{00000002CDE0-16C0E4A8},2010-02-24 11:12:48,RUT1946,PC-0104,6F3D8F.doc,D0-CF-11-E0
file,{00000002CDF3-1275BFFB},2010-02-24 11:14:42,RUT1946,PC-0104,30E407.doc,D0-CF-11-E0
file,{00000002CDEC-24134A50},2010-02-24 11:42:50,RUT1946,PC-0104,C7F2B5.pdf,D0-CF-11-E0
file,{00000002CDF4-1131A733},2010-02-24 11:52:10,RUT1946,PC-0104,8C4E12.zip,D0-CF-11-E0
file,{00000002CDE8-22950055},2010-02-24 14:32:04,RUT1946,PC-0104,04ADAD.doc,D0-CF-11-E0
file,{00000002CDE2-37EB0A9E},2010-02-24 15:33:06,RUT1946,PC-0104,7D86FF.doc,D0-CF-11-E0
file,{00000002CDF2-3868D187},2010-02-24 16:30:27,RUT1946,PC-0104,85A8D1.pdf,D0-CF-11-E0
file,{00000002CDE1-3732E15F},2010-02-24 16:33:46,RUT1946,PC-0104,6CCA7E.pdf,D0-CF-11-E0
file,{00000002CDE6-04CA158F},2010-02-24 17:19:57,RUT1946,PC-0104,45BE4F.zip,D0-CF-11-E0
file,{00000002CE04-36093490},2010-02-25 07:10:04,RUT1946,PC-0104,3FC356.pdf,D0-CF-11-E0
file,{00000002CDFC-2A6D14A2},2010-02-25 08:18:53,RUT1946,PC-0104,028030.doc,D0-CF-11-E0
file,{00000002CDFB-3A6D5C53},2010-02-25 08:29:18,RUT1946,PC-0104,7E44A5.doc,D0-CF-11-E0
file,{00000002CE00-3816E988},2010-02-25 08:40:59,RUT1946,PC-0104,A00835.doc,D0-CF-11-E0
file,{00000002CDF6-29F2A8BC},2010-02-25 09:26:49,RUT1946,PC-0104,2F42FC.zip,D0-CF-11-E0
file,{00000002CDF5-12DC7E31},2010-02-25 09:31:21,RUT1946,PC-0104,FCB246.pdf,D0-CF-11-E0
file,{00000002CDFD-3789BCBD},2010-02-25 09:43:18,RUT1946,PC-0104,962DF9.jpg,D0-CF-11-E0
file,{00000002CE02-39AD108F},2010-02-25 10:06:05,RUT1946,PC-0104,C685AA.jpg,D0-CF-11-E0
file,{00000002CDF9-3C40D8AC},2010-02-25 11:15:13,RUT1946,PC-0104,790EE9.doc,D0-CF-11-E0
file,{00000002CDF8-02D04F87},2010-02-25 11:31:42,RUT1946,PC-0104,7538DB.pdf,D0-CF-11-E0
file,{00000002CDFF-236AFC5B},2010-02-25 12:15:42,RUT1946,PC-0104,2555C1.pdf,D0-CF-11-E0
file,{00000002CDFE-0F3D2EEE},2010-02-25 14:27:18,RUT1946,PC-0104,A13CD1.doc,D0-CF-11-E0
file,{00000002CDFA-22044208},2010-02-25 14:35:31,RUT1946,PC-0104,B0E1D7.doc,D0-CF-11-E0
file,{00000002CDF7-3F600FAC},2010-02-25 16:02:12,RUT1946,PC-0104,7EFA38.png,D0-CF-11-E0
file,{00000002CE05-2FA460C1},2010-02-25 17:07:37,RUT1946,PC-0104,E1765C.zip,D0-CF-11-E0
file,{00000002CE01-3A63FCB3},2010-02-25 17:11:01,RUT1946,PC-0104,529438.doc,D0-CF-11-E0
file,{00000002CE03-245F9927},2010-02-25 17:59:12,RUT1946,PC-0104,1F48BD.pdf,D0-CF-11-E0
file,{00000002CE0B-2F5EA861},2010-02-26 08:09:09,RUT1946,PC-0104,A9F0FC.doc,D0-CF-11-E0
file,{00000002CE08-35CC5C00},2010-02-26 09:31:13,RUT1946,PC-0104,C35284.zip,D0-CF-11-E0
file,{00000002CE12-2F8000C7},2010-02-26 10:05:42,RUT1946,PC-0104,C0F90E.pdf,D0-CF-11-E0
file,{00000002CE0F-2A434D68},2010-02-26 11:38:24,RUT1946,PC-0104,F83435.zip,D0-CF-11-E0
file,{00000002CE0D-0AE3D35D},2010-02-26 11:53:06,RUT1946,PC-0104,5619FA.zip,D0-CF-11-E0
file,{00000002CE14-0480A1CA},2010-02-26 12:07:47,RUT1946,PC-0104,D89756.doc,D0-CF-11-E0
file,{00000002CE11-329933EE},2010-02-26 13:05:40,RUT1946,PC-0104,76E5DD.doc,D0-CF-11-E0
file,{00000002CE0C-1FFE0A58},2010-02-26 13:12:17,RUT1946,PC-0104,6B1EF7.zip,D0-CF-11-E0
file,{00000002CE09-0E68DD8F},2010-02-26 13:21:47,RUT1946,PC-0104,F46D75.doc,D0-CF-11-E0
file,{00000002CE13-37A09D94},2010-02-26 14:45:58,RUT1946,PC-0104,4DD4F8.zip,D0-CF-11-E0
file,{00000002CE07-2A80E043},2010-02-26 15:31:19,RUT1946,PC-0104,17703A.pdf,D0-CF-11-E0
file,{00000002CE0E-3E61B36A},2010-02-26 15:46:37,RUT1946,PC-0104,BD1EF2.pdf,D0-CF-11-E0
file,{00000002CE0A-12E308AA},2010-02-26 15:54:28,RUT1946,PC-0104,011B67.pdf,D0-CF-11-E0
file,{00000002CE10-1AC1ADA5},2010-02-26 17:30:56,RUT1946,PC-0104,272C1F.pdf,D0-CF-11-E0
file,{00000002CE06-390E15B1},2010-02-26 17:41:57,RUT1946,PC-0104,654A1B.pdf,D0-CF-11-E0
file,{00000002CE26-042B1804},2010-03-01 07:37:31,RUT1946,PC-0104,4D02C3.doc,D0-CF-11-E0
file,{00000002CE23-15B1BB90},2010-03-01 08:28:47,RUT1946,PC-0104,9BBA90.pdf,D0-CF-11-E0
file,{00000002CE19-1B3B2684},2010-03-01 08:42:04,RUT1946,PC-0104,617FDA.doc,D0-CF-11-E0
file,{00000002CE15-24EB822D},2010-03-01 08:53:19,RUT1946,PC-0104,E8E284.pdf,D0-CF-11-E0
file,{00000002CE27-26E5F575},2010-03-01 10:23:37,RUT1946,PC-0104,10490A.doc,D0-CF-11-E0
file,{00000002CE1B-1946972B},2010-03-01 10:36:48,RUT1946,PC-0104,B8A41D.pdf,D0-CF-11-E0
file,{00000002CE21-38657617},2010-03-01 10:53:10,RUT1946,PC-0104,FDFA2D.zip,D0-CF-11-E0
file,{00000002CE2B-0BBA72A9},2010-03-01 11:20:26,RUT1946,PC-0104,2B46B8.zip,D0-CF-11-E0
file,{00000002CE25-203ED09B},2010-03-01 11:41:04,RUT1946,PC-0104,48D076.doc,D0-CF-11-E0
file,{00000002CE22-07FC36DA},2010-03-01 12:16:52,RUT1946,PC-0104,0907F0.zip,D0-CF-11-E0
file,{00000002CE16-09391C63},2010-03-01 12:39:39,RUT1946,PC-0104,F89417.zip,D0-CF-11-E0
file,{00000002CE2A-17E84E97},2010-03-01 13:07:07,RUT1946,PC-0104,644696.zip,D0-CF-11-E0
file,{00000002CE1C-3D0201A9},2010-03-01 13:14:34,RUT1946,PC-0104,F2E362.doc,D0-CF-11-E0
file,{00000002CE1E-30369EDA},2010-03-01 13:42:02,RUT1946,PC-0104,4C73BF.zip,D0-CF-11-E0
file,{00000002CE17-0C8B29AF},2010-03-01 14:19:51,RUT1946,PC-0104,F642B6.doc,D0-CF-11-E0
file,{00000002CE1A-2FB974F1},2010-03-01 14:40:14,RUT1946,PC-0104,D0C5C3.pdf,D0-CF-11-E0
file,{00000002CE1F-22B0E213},2010-03-01 15:12:51,RUT1946,PC-0104,B09083.zip,D0-CF-11-E0
file,{00000002CE28-27BB8670},2010-03-01 15:24:05,RUT1946,PC-0104,D658E6.pdf,D0-CF-11-E0
file,{00000002CE1D-1A6B20B5},2010-03-01 15:53:12,RUT1946,PC-0104,1CE0FB.doc,D0-CF-11-E0
file,{00000002CE29-20ED48B8},2010-03-01 16:35:22,RUT1946,PC-0104,04AD2C.pdf,D0-CF-11-E0
file,{00000002CE24-2440B813},2010-03-01 16:41:29,RUT1946,PC-0104,2D0376.pdf,D0-CF-11-E0
file,{00000002CE20-33ACC78B},2010-03-01 17:06:04,RUT1946,PC-0104,CBE511.doc,D0-CF-11-E0
file,{00000002CE18-2AC9C462},2010-03-01 17:21:54,RUT1946,PC-0104,8B7EB3.pdf,D0-CF-11-E0
file,{00000002CE36-0EA30180},2010-03-02 07:21:45,RUT1946,PC-0104,767781.doc,D0-CF-11-E0
file,{00000002CE32-3E0BA7A4},2010-03-02 08:29:06,RUT1946,PC-0104,5A5336.doc,D0-CF-11-E0
file,{00000002CE2F-19143D19},2010-03-02 08:32:42,RUT1946,PC-0104,177112.pdf,D0-CF-11-E0
file,{00000002CE34-1C1FF181},2010-03-02 09:01:29,RUT1946,PC-0104,F537F8.zip,D0-CF-11-E0
file,{00000002CE30-27E39A40},2010-03-02 09:08:49,RUT1946,PC-0104,ED5C44.pdf,D0-CF-11-E0
file,{00000002CE2D-1F6FA0E2},2010-03-02 10:12:10,RUT1946,PC-0104,976B6C.zip,D0-CF-11-E0
file,{00000002CE3F-36864CCE},2010-03-02 10:45:11,RUT1946,PC-0104,4E653F.doc,D0-CF-11-E0
file,{00000002CE39-04855A14},2010-03-02 10:54:55,RUT1946,PC-0104,697513.zip,D0-CF-11-E0
file,{00000002CE37-1561ADBB},2010-03-02 11:11:57,RUT1946,PC-0104,A3CA3F.doc,D0-CF-11-E0
file,{00000002CE3A-1839B057},2010-03-02 11:14:53,RUT1946,PC-0104,34040D.doc,D0-CF-11-E0
file,{00000002CE3B-3E21D1DC},2010-03-02 11:38:06,RUT1946,PC-0104,5A92C0.doc,D0-CF-11-E0
file,{00000002CE31-2488631D},2010-03-02 12:18:50,RUT1946,PC-0104,5C7274.pdf,D0-CF-11-E0
file,{00000002CE38-2BDDF248},2010-03-02 13:27:07,RUT1946,PC-0104,566449.pdf,D0-CF-11-E0
file,{00000002CE3D-3B35EE42},2010-03-02 14:03:16,RUT1946,PC-0104,F068D3.pdf,D0-CF-11-E0
file,{00000002CE2E-3D7DE458},2010-03-02 14:48:26,RUT1946,PC-0104,04DDB8.pdf,D0-CF-11-E0
file,{00000002CE3E-3FD34FF0},2010-03-02 16:15:16,RUT1946,PC-0104,771062.pdf,D0-CF-11-E0
file,{00000002CE35-14DAA64E},2010-03-02 16:19:58,RUT1946,PC-0104,EBFCC2.pdf,D0-CF-11-E0
file,{00000002CE33-069A148C},2010-03-02 17:33:18,RUT1946,PC-0104,6AC341.doc,D0-CF-11-E0
file,{00000002CE2C-3519589A},2010-03-02 17:36:19,RUT1946,PC-0104,0EC2AF.png,D0-CF-11-E0
file,{00000002CE3C-0DDDA58E},2010-03-02 17:37:06,RUT1946,PC-0104,A9C6B7.zip,D0-CF-11-E0
file,{00000002CE4E-15474007},2010-03-03 08:29:50,RUT1946,PC-0104,8D0406.pdf,D0-CF-11-E0
file,{00000002CE4C-20D9B91E},2010-03-03 08:48:48,RUT1946,PC-0104,BF1DE2.doc,D0-CF-11-E0
file,{00000002CE44-17C4A19F},2010-03-03 10:02:40,RUT1946,PC-0104,AC0244.pdf,D0-CF-11-E0
file,{00000002CE4F-229744DC},2010-03-03 10:38:00,RUT1946,PC-0104,291304.pdf,D0-CF-11-E0
file,{00000002CE47-3F3BC157},2010-03-03 11:15:56,RUT1946,PC-0104,99866B.zip,D0-CF-11-E0
file,{00000002CE4B-37A524D3},2010-03-03 12:08:12,RUT1946,PC-0104,3AB6A3.zip,D0-CF-11-E0
file,{00000002CE4D-197DF876},2010-03-03 12:40:03,RUT1946,PC-0104,B61727.zip,D0-CF-11-E0
file,{00000002CE43-260B6724},2010-03-03 13:01:59,RUT1946,PC-0104,60963D.jpg,D0-CF-11-E0
file,{00000002CE45-0A9E05BE},2010-03-03 13:22:29,RUT1946,PC-0104,3C2A85.pdf,D0-CF-11-E0
file,{00000002CE41-10AD8088},2010-03-03 13:52:23,RUT1946,PC-0104,B5508E.doc,D0-CF-11-E0
file,{00000002CE49-2AC38967},2010-03-03 14:40:02,RUT1946,PC-0104,D45A37.zip,D0-CF-11-E0
file,{00000002CE48-291ED1ED},2010-03-03 15:44:30,RUT1946,PC-0104,118BD6.pdf,D0-CF-11-E0
file,{00000002CE4A-37B73CDC},2010-03-03 16:43:56,RUT1946,PC-0104,A70687.doc,D0-CF-11-E0
file,{00000002CE42-3D0F67C1},2010-03-03 17:08:16,RUT1946,PC-0104,5E6A27.doc,D0-CF-11-E0
file,{00000002CE46-04F0DBE5},2010-03-03 17:32:12,RUT1946,PC-0104,E68EC4.jpg,D0-CF-11-E0
file,{00000002CE40-26006331},2010-03-03 17:53:59,RUT1946,PC-0104,1DB631.zip,D0-CF-11-E0
file,{00000002CE55-166B072A},2010-03-04 07:10:59,RUT1946,PC-0104,B1E81B.pdf,D0-CF-11-E0
file,{00000002CE5E-175BD2B4},2010-03-04 08:03:35,RUT1946,PC-0104,2F0F1B.pdf,D0-CF-11-E0
file,{00000002CE50-05DB8089},2010-03-04 08:28:40,RUT1946,PC-0104,D19E33.doc,D0-CF-11-E0
file,{00000002CE53-26216042},2010-03-04 09:11:26,RUT1946,PC-0104,B72D07.zip,D0-CF-11-E0
file,{00000002CE5B-3C1CBDC6},2010-03-04 10:15:35,RUT1946,PC-0104,0D12F7.pdf,D0-CF-11-E0
file,{00000002CE60-09950EC6},2010-03-04 10:52:02,RUT1946,PC-0104,40B6BC.doc,D0-CF-11-E0
file,{00000002CE5A-2FC894DB},2010-03-04 11:03:06,RUT1946,PC-0104,5F37FB.png,D0-CF-11-E0
file,{00000002CE54-071C1D4F},2010-03-04 11:49:42,RUT1946,PC-0104,D96970.doc,D0-CF-11-E0
file,{00000002CE57-0BA60596},2010-03-04 12:08:02,RUT1946,PC-0104,573C7D.zip,D0-CF-11-E0
file,{00000002CE5C-32C6730B},2010-03-04 12:23:24,RUT1946,PC-0104,47CFE9.zip,D0-CF-11-E0
file,{00000002CE59-1F944252},2010-03-04 13:10:18,RUT1946,PC-0104,77431C.zip,D0-CF-11-E0
file,{00000002CE56-2F76E9FD},2010-03-04 14:11:36,RUT1946,PC-0104,476D19.doc,D0-CF-11-E0
file,{00000002CE5F-09034275},2010-03-04 15:00:17,RUT1946,PC-0104,31B611.zip,D0-CF-11-E0
file,{00000002CE58-017AAA21},2010-03-04 15:52:46,RUT1946,PC-0104,A73D66.zip,D0-CF-11-E0
file,{00000002CE51-27E2EAEB},2010-03-04 17:18:41,RUT1946,PC-0104,DF5F00.pdf,D0-CF-11-E0
file,{00000002CE5D-2752DF9E},2010-03-04 17:24:45,RUT1946,PC-0104,18CFD1.doc,D0-CF-11-E0
file,{00000002CE52-34EF8EE5},2010-03-04 17:53:29,RUT1946,PC-0104,E153DC.zip,D0-CF-11-E0
file,{00000002CE6E-2B1D6626},2010-03-05 07:15:18,RUT1946,PC-0104,CCDFC1.doc,D0-CF-11-E0
file,{00000002CE6D-2CBB5E4C},2010-03-05 07:41:40,RUT1946,PC-0104,565549.pdf,D0-CF-11-E0
file,{00000002CE73-1CDB7643},2010-03-05 08:01:41,RUT1946,PC-0104,1EDDE0.zip,D0-CF-11-E0
file,{00000002CE69-1757BC57},2010-03-05 08:31:58,RUT1946,PC-0104,5FCC55.zip,D0-CF-11-E0
file,{00000002CE6F-179296A3},2010-03-05 08:59:56,RUT1946,PC-0104,CE40E4.pdf,D0-CF-11-E0
file,{00000002CE72-16C791B8},2010-03-05 09:21:50,RUT1946,PC-0104,EE47D4.pdf,D0-CF-11-E0
file,{00000002CE6C-1FC4B4D5},2010-03-05 10:07:49,RUT1946,PC-0104,5A023D.doc,D0-CF-11-E0
file,{00000002CE6A-08D88B81},2010-03-05 10:31:00,RUT1946,PC-0104,74751B.pdf,D0-CF-11-E0
file,{00000002CE67-2E5BD3A3},2010-03-05 10:47:29,RUT1946,PC-0104,C08A76.zip,D0-CF-11-E0
file,{00000002CE6B-07F33060},2010-03-05 10:52:38,RUT1946,PC-0104,531B21.zip,D0-CF-11-E0
file,{00000002CE70-2A5918BC},2010-03-05 12:00:22,RUT1946,PC-0104,20C391.pdf,D0-CF-11-E0
file,{00000002CE71-2D9C51D3},2010-03-05 12:14:28,RUT1946,PC-0104,931DB0.zip,D0-CF-11-E0
file,{00000002CE66-3AA8A028},2010-03-05 12:15:33,RUT1946,PC-0104,B77270.pdf,D0-CF-11-E0
file,{00000002CE68-322BFD3F},2010-03-05 12:17:42,RUT1946,PC-0104,8C9AFE.pdf,D0-CF-11-E0
file,{00000002CE64-3D4CE5BE},2010-03-05 12:52:21,RUT1946,PC-0104,7787C8.jpg,D0-CF-11-E0
file,{00000002CE65-31E309EA},2010-03-05 15:04:07,RUT1946,PC-0104,4F7BCF.doc,D0-CF-11-E0
file,{00000002CE62-09922380},2010-03-05 15:19:19,RUT1946,PC-0104,29EF77.doc,D0-CF-11-E0
file,{00000002CE63-1325A020},2010-03-05 15:22:05,RUT1946,PC-0104,D31302.doc,D0-CF-11-E0
file,{00000002CE61-38B1631D},2010-03-05 15:44:00,RUT1946,PC-0104,433716.zip,D0-CF-11-E0
file,{00000002CE80-284F8D71},2010-03-08 08:50:56,RUT1946,PC-0104,540AB9.zip,D0-CF-11-E0
file,{00000002CE7B-2CB23011},2010-03-08 09:29:15,RUT1946,PC-0104,18C87C.doc,D0-CF-11-E0
file,{00000002CE74-151E9C66},2010-03-08 09:43:53,RUT1946,PC-0104,7E68C1.pdf,D0-CF-11-E0
file,{00000002CE75-2573AA30},2010-03-08 09:44:18,RUT1946,PC-0104,958751.pdf,D0-CF-11-E0
file,{00000002CE78-3D53C8A9},2010-03-08 09:47:27,RUT1946,PC-0104,EA12CE.png,D0-CF-11-E0
file,{00000002CE7C-1C515220},2010-03-08 10:01:13,RUT1946,PC-0104,08C14D.png,D0-CF-11-E0
file,{00000002CE79-20B2628E},2010-03-08 10:03:06,RUT1946,PC-0104,FA6E6F.doc,D0-CF-11-E0
file,{00000002CE7F-36C679D6},2010-03-08 11:03:07,RUT1946,PC-0104,CB4643.zip,D0-CF-11-E0
file,{00000002CE7E-36490DA4},2010-03-08 11:42:06,RUT1946,PC-0104,4548E6.doc,D0-CF-11-E0
file,{00000002CE7A-21D40616},2010-03-08 12:09:02,RUT1946,PC-0104,27BB00.jpg,D0-CF-11-E0
file,{00000002CE7D-33485C3C},2010-03-08 12:35:38,RUT1946,PC-0104,CE910D.doc,D0-CF-11-E0
file,{00000002CE76-2B28328A},2010-03-08 13:24:24,RUT1946,PC-0104,9EE0D8.pdf,D0-CF-11-E0
file,{00000002CE77-3CFBDE2D},2010-03-08 14:48:13,RUT1946,PC-0104,B28EF2.zip,D0-CF-11-E0
file,{00000002CE83-24A5E91D},2010-03-09 07:40:42,RUT1946,PC-0104,BBE672.pdf,D0-CF-11-E0
file,{00000002CE81-0D8D5ADB},2010-03-09 08:16:06,RUT1946,PC-0104,94EFD6.zip,D0-CF-11-E0
file,{00000002CE8A-2B70B47C},2010-03-09 09:03:05,RUT1946,PC-0104,A3BC69.jpg,D0-CF-11-E0
file,{00000002CE8E-3D408011},2010-03-09 11:08:28,RUT1946,PC-0104,221A2A.zip,D0-CF-11-E0
file,{00000002CE86-3EA16909},2010-03-09 11:29:56,RUT1946,PC-0104,33D39A.doc,D0-CF-11-E0
file,{00000002CE88-3F9962F2},2010-03-09 12:49:50,RUT1946,PC-0104,8DF271.zip,D0-CF-11-E0
file,{00000002CE84-2EECC62A},2010-03-09 14:14:23,RUT1946,PC-0104,CA7D76.zip,D0-CF-11-E0
file,{00000002CE87-3C60E361},2010-03-09 14:28:50,RUT1946,PC-0104,E19969.doc,D0-CF-11-E0
file,{00000002CE8B-3308775C},2010-03-09 14:52:24,RUT1946,PC-0104,005C63.png,D0-CF-11-E0
file,{00000002CE89-2196A93E},2010-03-09 15:09:07,RUT1946,PC-0104,A2BD00.doc,D0-CF-11-E0
file,{00000002CE90-1E080D38},2010-03-09 15:30:50,RUT1946,PC-0104,C6DDAB.jpg,D0-CF-11-E0
file,{00000002CE8C-12E14070},2010-03-09 15:33:26,RUT1946,PC-0104,767A67.zip,D0-CF-11-E0
file,{00000002CE82-128B2233},2010-03-09 16:35:17,RUT1946,PC-0104,C89121.pdf,D0-CF-11-E0
file,{00000002CE85-1BA7AE99},2010-03-09 17:20:26,RUT1946,PC-0104,941291.pdf,D0-CF-11-E0
file,{00000002CE8D-21BDDD28},2010-03-09 17:28:45,RUT1946,PC-0104,F11F64.doc,D0-CF-11-E0
file,{00000002CE8F-2CF01338},2010-03-09 17:54:36,RUT1946,PC-0104,11CD49.pdf,D0-CF-11-E0
file,{00000002CE9E-3E134ABC},2010-03-10 07:18:35,RUT1946,PC-0104,FB5F1C.zip,D0-CF-11-E0
file,{00000002CE97-2726E549},2010-03-10 07:23:43,RUT1946,PC-0104,77B2BF.zip,D0-CF-11-E0
file,{00000002CEA1-17F98FC0},2010-03-10 07:25:33,RUT1946,PC-0104,1D601B.txt,D0-CF-11-E0
file,{00000002CE99-08E1047A},2010-03-10 08:29:18,RUT1946,PC-0104,6761CE.pdf,D0-CF-11-E0
file,{00000002CE9A-0CFB1A50},2010-03-10 08:31:13,RUT1946,PC-0104,098B40.doc,D0-CF-11-E0
file,{00000002CE98-2630490C},2010-03-10 08:38:03,RUT1946,PC-0104,5CF8BE.zip,D0-CF-11-E0
file,{00000002CE91-3CD940EF},2010-03-10 09:09:25,RUT1946,PC-0104,E893FD.doc,D0-CF-11-E0
file,{00000002CE9F-18368DAD},2010-03-10 09:26:18,RUT1946,PC-0104,913BF9.doc,D0-CF-11-E0
file,{00000002CE96-151BF820},2010-03-10 11:03:36,RUT1946,PC-0104,C5FB99.pdf,D0-CF-11-E0
file,{00000002CEA0-2D8A3A08},2010-03-10 12:25:14,RUT1946,PC-0104,6BA03F.doc,D0-CF-11-E0
file,{00000002CE95-3641D702},2010-03-10 12:48:46,RUT1946,PC-0104,5EF3D2.pdf,D0-CF-11-E0
file,{00000002CE94-36ED0E86},2010-03-10 13:54:52,RUT1946,PC-0104,3E6EBC.doc,D0-CF-11-E0
file,{00000002CE9C-20EC5E24},2010-03-10 15:03:01,RUT1946,PC-0104,9815DA.doc,D0-CF-11-E0
file,{00000002CE9B-0AE84A60},2010-03-10 15:56:27,RUT1946,PC-0104,9AB159.png,D0-CF-11-E0
file,{00000002CE9D-0BD48388},2010-03-10 17:08:36,RUT1946,PC-0104,DF7F7E.doc,D0-CF-11-E0
file,{00000002CE93-1F1B92A1},2010-03-10 17:28:59,RUT1946,PC-0104,BA5DE8.zip,D0-CF-11-E0
file,{00000002CE92-1EA4FC82},2010-03-10 17:31:18,RUT1946,PC-0104,DF4F7E.zip,D0-CF-11-E0
file,{00000002CEB2-2E8016C9},2010-03-11 07:25:40,RUT1946,PC-0104,D81BBE.png,D0-CF-11-E0
file,{00000002CEB1-38A25021},2010-03-11 07:35:47,RUT1946,PC-0104,E3F68B.doc,D0-CF-11-E0
file,{00000002CEB7-34A36595},2010-03-11 08:07:27,RUT1946,PC-0104,18B355.doc,D0-CF-11-E0
file,{00000002CEA7-0DB6EA9A},2010-03-11 08:18:36,RUT1946,PC-0104,8F4794.pdf,D0-CF-11-E0
file,{00000002CEAB-2FB330F3},2010-03-11 08:58:38,RUT1946,PC-0104,E9563C.zip,D0-CF-11-E0
file,{00000002CEAA-11A73981},2010-03-11 09:12:34,RUT1946,PC-0104,FDBD84.pdf,D0-CF-11-E0
file,{00000002CEA3-183E7801},2010-03-11 09:16:35,RUT1946,PC-0104,E81256.doc,D0-CF-11-E0
file,{00000002CEB8-2AE3194A},2010-03-11 11:00:54,RUT1946,PC-0104,18FB41.txt,D0-CF-11-E0
file,{00000002CEB9-3760D4F7},2010-03-11 11:10:21,RUT1946,PC-0104,5B3CCE.zip,D0-CF-11-E0
file,{00000002CEB5-1B794737},2010-03-11 11:24:29,RUT1946,PC-0104,3C769D.pdf,D0-CF-11-E0
file,{00000002CEAD-05EAAF61},2010-03-11 11:54:07,RUT1946,PC-0104,866A91.png,D0-CF-11-E0
file,{00000002CEB6-25C0AA78},2010-03-11 12:02:00,RUT1946,PC-0104,FC903B.pdf,D0-CF-11-E0
file,{00000002CEA5-3661F22F},2010-03-11 12:30:02,RUT1946,PC-0104,B245FE.zip,D0-CF-11-E0
file,{00000002CEB4-3BCF5554},2010-03-11 12:36:45,RUT1946,PC-0104,4B9B40.doc,D0-CF-11-E0
file,{00000002CEAC-2186CC06},2010-03-11 12:53:35,RUT1946,PC-0104,026EFE.doc,D0-CF-11-E0
file,{00000002CEAE-3D1B8999},2010-03-11 13:21:44,RUT1946,PC-0104,612A91.doc,D0-CF-11-E0
file,{00000002CEB3-00F4E90C},2010-03-11 14:01:25,RUT1946,PC-0104,2C188A.doc,D0-CF-11-E0
file,{00000002CEA8-3D48A5E6},2010-03-11 14:44:13,RUT1946,PC-0104,96A0D4.pdf,D0-CF-11-E0
file,{00000002CEA4-02946F29},2010-03-11 14:51:43,RUT1946,PC-0104,5F9B83.zip,D0-CF-11-E0
file,{00000002CEA6-2B091AB7},2010-03-11 15:18:05,RUT1946,PC-0104,468551.pdf,D0-CF-11-E0
file,{00000002CEAF-09B2CD96},2010-03-11 15:23:10,RUT1946,PC-0104,CACE2C.zip,D0-CF-11-E0
file,{00000002CEA2-293694DF},2010-03-11 15:33:41,RUT1946,PC-0104,7AB690.zip,D0-CF-11-E0
file,{00000002CEB0-3CC985DF},2010-03-11 16:55:46,RUT1946,PC-0104,2D1653.doc,D0-CF-11-E0
file,{00000002CEA9-27B9359B},2010-03-11 17:13:16,RUT1946,PC-0104,3C414C.pdf,D0-CF-11-E0
file,{00000002CEC2-068DC1E4},2010-03-12 07:18:30,RUT1946,PC-0104,9B6484.doc,D0-CF-11-E0
file,{00000002CEC1-3568521C},2010-03-12 07:46:07,RUT1946,PC-0104,D2971C.doc,D0-CF-11-E0
file,{00000002CEC9-104BD1C2},2010-03-12 07:56:38,RUT1946,PC-0104,5EB16C.pdf,D0-CF-11-E0
file,{00000002CEC0-12ACFE27},2010-03-12 08:20:00,RUT1946,PC-0104,38EB58.zip,D0-CF-11-E0
file,{00000002CEBA-035998BD},2010-03-12 08:44:14,RUT1946,PC-0104,445A5E.doc,D0-CF-11-E0
file,{00000002CEC6-1D8B64BA},2010-03-12 11:26:50,RUT1946,PC-0104,0FD316.zip,D0-CF-11-E0
file,{00000002CEC8-07403AC6},2010-03-12 11:39:53,RUT1946,PC-0104,B925D7.doc,D0-CF-11-E0
file,{00000002CEC5-01B04C6C},2010-03-12 11:58:01,RUT1946,PC-0104,762D1E.doc,D0-CF-11-E0
file,{00000002CEC4-39DF22E9},2010-03-12 12:21:22,RUT1946,PC-0104,CA9EDC.zip,D0-CF-11-E0
file,{00000002CECA-1AA5A128},2010-03-12 13:14:07,RUT1946,PC-0104,88A163.pdf,D0-CF-11-E0
file,{00000002CEBB-27EB4A33},2010-03-12 13:16:32,RUT1946,PC-0104,4F35A3.doc,D0-CF-11-E0
file,{00000002CEC7-18B59E6F},2010-03-12 13:46:21,RUT1946,PC-0104,BC82E8.zip,D0-CF-11-E0
file,{00000002CEBE-054DD8E9},2010-03-12 16:04:47,RUT1946,PC-0104,15F18E.doc,D0-CF-11-E0
file,{00000002CECB-3CEAD1BC},2010-03-12 16:39:21,RUT1946,PC-0104,087C8A.doc,D0-CF-11-E0
file,{00000002CEBD-2DFBE793},2010-03-12 16:41:18,RUT1946,PC-0104,6DA849.doc,D0-CF-11-E0
file,{00000002CEBF-0182CD9B},2010-03-12 16:52:10,RUT1946,PC-0104,9060CA.doc,D0-CF-11-E0
file,{00000002CEBC-3B18A22E},2010-03-12 17:18:57,RUT1946,PC-0104,80B146.doc,D0-CF-11-E0
file,{00000002CEC3-004A1276},2010-03-12 17:43:13,RUT1946,PC-0104,AE3837.doc,D0-CF-11-E0
file,{00000002CECC-19E7BFCC},2010-03-15 08:10:23,RUT1946,PC-0104,1019EB.zip,D0-CF-11-E0
file,{00000002CED2-3F7ABF4D},2010-03-15 08:38:52,RUT1946,PC-0104,54D9BA.zip,D0-CF-11-E0
file,{00000002CED5-2A53B55A},2010-03-15 09:34:18,RUT1946,PC-0104,C37C27.doc,D0-CF-11-E0
file,{00000002CECD-37B9357A},2010-03-15 10:37:43,RUT1946,PC-0104,548FA3.png,D0-CF-11-E0
file,{00000002CED9-0D46AE48},2010-03-15 10:56:22,RUT1946,PC-0104,34A1E8.pdf,D0-CF-11-E0
file,{00000002CEDC-102C9C33},2010-03-15 11:03:51,RUT1946,PC-0104,FB39A5.pdf,D0-CF-11-E0
file,{00000002CECF-138EA7B3},2010-03-15 11:14:57,RUT1946,PC-0104,698872.doc,D0-CF-11-E0
file,{00000002CED4-24CB0B6B},2010-03-15 11:25:14,RUT1946,PC-0104,726001.png,D0-CF-11-E0
file,{00000002CECE-1BCE1E78},2010-03-15 11:43:19,RUT1946,PC-0104,70C763.zip,D0-CF-11-E0
file,{00000002CED1-03C67025},2010-03-15 11:51:01,RUT1946,PC-0104,2257C6.pdf,D0-CF-11-E0
file,{00000002CEDB-00D525A5},2010-03-15 13:00:40,RUT1946,PC-0104,83C9F9.zip,D0-CF-11-E0
file,{00000002CED3-0F79E60B},2010-03-15 13:27:18,RUT1946,PC-0104,18F3AB.zip,D0-CF-11-E0
file,{00000002CED0-01C0D19B},2010-03-15 13:37:25,RUT1946,PC-0104,BB7707.doc,D0-CF-11-E0
file,{00000002CED8-16045492},2010-03-15 15:22:31,RUT1946,PC-0104,CB4089.pdf,D0-CF-11-E0
file,{00000002CEDA-198906CE},2010-03-15 16:26:53,RUT1946,PC-0104,5F5A44.doc,D0-CF-11-E0
file,{00000002CED7-3B8FEBFD},2010-03-15 17:39:41,RUT1946,PC-0104,59DBA3.doc,D0-CF-11-E0
file,{00000002CED6-32BCDA4F},2010-03-15 17:46:52,RUT1946,PC-0104,B203D1.doc,D0-CF-11-E0
file,{00000002CEE8-2F236760},2010-03-16 08:00:47,RUT1946,PC-0104,935490.pdf,D0-CF-11-E0
file,{00000002CEED-2797DC8E},2010-03-16 08:41:25,RUT1946,PC-0104,54B085.doc,D0-CF-11-E0
file,{00000002CEE4-38C6291C},2010-03-16 09:10:31,RUT1946,PC-0104,B0F680.pdf,D0-CF-11-E0
file,{00000002CEE0-0C735FC2},2010-03-16 10:27:10,RUT1946,PC-0104,264113.zip,D0-CF-11-E0
file,{00000002CEDD-1E5D9483},2010-03-16 10:33:01,RUT1946,PC-0104,AD0563.pdf,D0-CF-11-E0
file,{00000002CEEA-1C3F30DC},2010-03-16 11:01:02,RUT1946,PC-0104,63FC54.zip,D0-CF-11-E0
file,{00000002CEDE-13A90F22},2010-03-16 12:17:03,RUT1946,PC-0104,31F909.pdf,D0-CF-11-E0
file,{00000002CEE7-14530E12},2010-03-16 12:21:04,RUT1946,PC-0104,9ACD36.doc,D0-CF-11-E0
file,{00000002CEDF-3586DE3E},2010-03-16 13:19:45,RUT1946,PC-0104,D09E0C.zip,D0-CF-11-E0
file,{00000002CEE5-0A1DABB3},2010-03-16 13:44:37,RUT1946,PC-0104,4588BF.zip,D0-CF-11-E0
file,{00000002CEE3-1049BF22},2010-03-16 13:46:06,RUT1946,PC-0104,B0EE86.jpg,D0-CF-11-E0
file,{00000002CEE6-399025E6},2010-03-16 15:09:51,RUT1946,PC-0104,8699D7.pdf,D0-CF-11-E0
file,{00000002CEE1-37520A20},2010-03-16 15:11:05,RUT1946,PC-0104,8A508D.zip,D0-CF-11-E0
file,{00000002CEE9-269202FF},2010-03-16 15:31:15,RUT1946,PC-0104,C553F2.doc,D0-CF-11-E0
file,{00000002CEEB-2261C7BA},2010-03-16 16:14:30,RUT1946,PC-0104,C9C167.doc,D0-CF-11-E0
file,{00000002CEEE-399DD39C},2010-03-16 16:53:46,RUT1946,PC-0104,E11A59.doc,D0-CF-11-E0
file,{00000002CEEC-3563077D},2010-03-16 16:55:06,RUT1946,PC-0104,96246E.pdf,D0-CF-11-E0
file,{00000002CEE2-20FA8C20},2010-03-16 17:50:09,RUT1946,PC-0104,C32224.doc,D0-CF-11-E0
file,{00000002CEF0-36AAA392},2010-03-17 07:07:50,RUT1946,PC-0104,E68C5B.pdf,D0-CF-11-E0
file,{00000002CEF5-15705065},2010-03-17 07:43:49,RUT1946,PC-0104,99436B.pdf,D0-CF-11-E0
file,{00000002CEF7-02DDA931},2010-03-17 08:46:41,RUT1946,PC-0104,A42033.doc,D0-CF-11-E0
file,{00000002CEF1-19DFA759},2010-03-17 08:46:41,RUT1946,PC-0104,180DC5.doc,D0-CF-11-E0
file,{00000002CEFA-386BEBF2},2010-03-17 08:48:11,RUT1946,PC-0104,A7A198.zip,D0-CF-11-E0
file,{00000002CEEF-3F22696B},2010-03-17 09:26:46,RUT1946,PC-0104,D4DEC5.doc,D0-CF-11-E0
file,{00000002CEF6-2CC9028A},2010-03-17 11:29:34,RUT1946,PC-0104,4208D1.doc,D0-CF-11-E0
file,{00000002CEF9-0769ACB0},2010-03-17 11:31:41,RUT1946,PC-0104,20B838.pdf,D0-CF-11-E0
file,{00000002CEF4-2CA5BA57},2010-03-17 11:46:52,RUT1946,PC-0104,187DCD.pdf,D0-CF-11-E0
file,{00000002CEFE-223D4C75},2010-03-17 13:01:09,RUT1946,PC-0104,FB3F3D.zip,D0-CF-11-E0
file,{00000002CEFF-34B4D3B7},2010-03-17 13:13:27,RUT1946,PC-0104,1662FE.doc,D0-CF-11-E0
file,{00000002CEF8-107450B6},2010-03-17 13:34:14,RUT1946,PC-0104,FB8583.zip,D0-CF-11-E0
file,{00000002CEFC-12DBE34A},2010-03-17 13:39:44,RUT1946,PC-0104,F35848.zip,D0-CF-11-E0
file,{00000002CEF3-09D365B8},2010-03-17 14:50:16,RUT1946,PC-0104,C97142.jpg,D0-CF-11-E0
file,{00000002CEFD-043ECF9B},2010-03-17 16:26:32,RUT1946,PC-0104,226F47.doc,D0-CF-11-E0
file,{00000002CEFB-3D6BB515},2010-03-17 16:44:56,RUT1946,PC-0104,CEC385.pdf,D0-CF-11-E0
file,{00000002CF00-1B1FA695},2010-03-17 16:51:54,RUT1946,PC-0104,FD1125.pdf,D0-CF-11-E0
file,{00000002CF01-2F54CBDD},2010-03-17 17:07:25,RUT1946,PC-0104,FDC115.jpg,D0-CF-11-E0
file,{00000002CEF2-0F39D2AD},2010-03-17 17:25:27,RUT1946,PC-0104,7C638F.doc,D0-CF-11-E0
file,{00000002CF08-0B69CF2B},2010-03-18 09:10:59,RUT1946,PC-0104,48B856.doc,D0-CF-11-E0
file,{00000002CF0D-127872AB},2010-03-18 09:28:05,RUT1946,PC-0104,F2C020.doc,D0-CF-11-E0
file,{00000002CF0F-3810AE71},2010-03-18 11:49:47,RUT1946,PC-0104,89EDBE.txt,D0-CF-11-E0
file,{00000002CF09-13212C77},2010-03-18 12:25:18,RUT1946,PC-0104,7C02C5.zip,D0-CF-11-E0
file,{00000002CF10-17A9C34F},2010-03-18 13:01:37,RUT1946,PC-0104,7FF321.zip,D0-CF-11-E0
file,{00000002CF06-08196BED},2010-03-18 13:53:55,RUT1946,PC-0104,CFF207.zip,D0-CF-11-E0
file,{00000002CF02-13DC3F5E},2010-03-18 14:07:41,RUT1946,PC-0104,4CBEDA.zip,D0-CF-11-E0
file,{00000002CF07-0C9FC36D},2010-03-18 14:21:09,RUT1946,PC-0104,50F654.doc,D0-CF-11-E0
file,{00000002CF11-0F926F6A},2010-03-18 14:46:29,RUT1946,PC-0104,ACC35E.pdf,D0-CF-11-E0
file,{00000002CF0E-132B6999},2010-03-18 14:55:11,RUT1946,PC-0104,8B6A39.zip,D0-CF-11-E0
file,{00000002CF05-0970AFF7},2010-03-18 15:06:28,RUT1946,PC-0104,231238.zip,D0-CF-11-E0
file,{00000002CF04-2D56C0D0},2010-03-18 15:54:24,RUT1946,PC-0104,EE57FC.doc,D0-CF-11-E0
file,{00000002CF0A-08B9BB38},2010-03-18 16:07:12,RUT1946,PC-0104,075928.pdf,D0-CF-11-E0
file,{00000002CF0B-324D1293},2010-03-18 16:38:24,RUT1946,PC-0104,9C1662.zip,D0-CF-11-E0
file,{00000002CF0C-200C6F5B},2010-03-18 17:02:57,RUT1946,PC-0104,041566.doc,D0-CF-11-E0
file,{00000002CF03-3D64539F},2010-03-18 17:14:12,RUT1946,PC-0104,FBBB9B.txt,D0-CF-11-E0
file,{00000002CF1F-3432152C},2010-03-19 08:02:42,RUT1946,PC-0104,10EF41.zip,D0-CF-11-E0
file,{00000002CF1D-24CA3CAF},2010-03-19 08:05:17,RUT1946,PC-0104,7A9FAF.doc,D0-CF-11-E0
file,{00000002CF13-2455AD95},2010-03-19 08:26:10,RUT1946,PC-0104,C7D6AE.pdf,D0-CF-11-E0
file,{00000002CF17-06C33BCD},2010-03-19 09:25:44,RUT1946,PC-0104,AFEA87.zip,D0-CF-11-E0
file,{00000002CF1C-3EF67D96},2010-03-19 09:40:31,RUT1946,PC-0104,7BE957.zip,D0-CF-11-E0
file,{00000002CF1B-225D6A3F},2010-03-19 09:52:34,RUT1946,PC-0104,0C4115.zip,D0-CF-11-E0
file,{00000002CF22-013B468B},2010-03-19 10:10:48,RUT1946,PC-0104,C1CAB8.doc,D0-CF-11-E0
file,{00000002CF16-2EB7AC46},2010-03-19 10:36:23,RUT1946,PC-0104,68D268.pdf,D0-CF-11-E0
file,{00000002CF1A-3EE96CB5},2010-03-19 11:23:22,RUT1946,PC-0104,439938.pdf,D0-CF-11-E0
file,{00000002CF20-2BA63A57},2010-03-19 11:28:03,RUT1946,PC-0104,2FA75D.png,D0-CF-11-E0
file,{00000002CF18-2A114E3B},2010-03-19 12:36:00,RUT1946,PC-0104,AFA665.pdf,D0-CF-11-E0
file,{00000002CF21-15BD4877},2010-03-19 15:06:35,RUT1946,PC-0104,896168.pdf,D0-CF-11-E0
file,{00000002CF14-234B2AAD},2010-03-19 16:06:13,RUT1946,PC-0104,628D7B.zip,D0-CF-11-E0
file,{00000002CF19-08E7854E},2010-03-19 16:34:51,RUT1946,PC-0104,A5F721.zip,D0-CF-11-E0
file,{00000002CF12-09FB950A},2010-03-19 16:43:31,RUT1946,PC-0104,7779E3.zip,D0-CF-11-E0
file,{00000002CF1E-3B3D0143},2010-03-19 16:47:53,RUT1946,PC-0104,421AF7.pdf,D0-CF-11-E0
file,{00000002CF15-3864C5FD},2010-03-19 16:51:50,RUT1946,PC-0104,0E112B.txt,D0-CF-11-E0
email,{000000061AEF-04EF450E},2010-02-16 08:15:50,RUT1946,PC-0104,B5379@outlook.com,,,rut1946@dtaa.com,1878296,7,meeting notes attached
email,{000000061AF0-17C67302},2010-02-16 09:41:57,RUT1946,PC-0104,D4270@outlook.com,,,rut1946@dtaa.com,1962512,5,meeting notes attached
email,{000000061AF1-1E7150F1},2010-02-17 09:35:56,RUT1946,PC-0104,0A725@gmail.com,,,rut1946@dtaa.com,1066038,6,meeting notes attached
email,{000000061AF3-3B2E2520},2010-02-17 15:23:21,RUT1946,PC-0104,88AC0@yahoo.com,,,rut1946@dtaa.com,179700,2,meeting notes attached
email,{000000061AF2-044DEB1F},2010-02-17 17:59:34,RUT1946,PC-0104,1D583@hotmail.com,,,rut1946@dtaa.com,493296,2,meeting notes attached
email,{000000061AF4-3253ACFA},2010-02-18 10:55:21,RUT1946,PC-0104,17BA8@yahoo.com,,,rut1946@dtaa.com,1472716,4,meeting notes attached
email,{000000061AF6-3B1759D2},2010-02-19 08:57:12,RUT1946,PC-0104,F98A6@yahoo.com,,,rut1946@dtaa.com,1021204,4,meeting notes attached
email,{000000061AF5-36285CC5},2010-02-19 17:57:55,RUT1946,PC-0104,C0740@outlook.com,,,rut1946@dtaa.com,327302,1,meeting notes attached
email,{000000061AF7-30680798},2010-02-22 17:49:51,RUT1946,PC-0104,2FE9E@gmail.com,,,rut1946@dtaa.com,1561936,4,meeting notes attached
email,{000000061AFB-18D01A32},2010-02-24 07:00:29,RUT1946,PC-0104,A0BB8@outlook.com,,,rut1946@dtaa.com,812559,3,meeting notes attached
email,{000000061AFA-0A766A8B},2010-02-24 08:00:51,RUT1946,PC-0104,yae2296@dtaa.com,,,rut1946@dtaa.com,413167,3,meeting notes attached
email,{000000061AF9-2CDA257D},2010-02-24 08:24:52,RUT1946,PC-0104,8920C@hotmail.com,,,rut1946@dtaa.com,1787329,5,meeting notes attached
email,{000000061AF8-0DB159BB},2010-02-24 16:04:30,RUT1946,PC-0104,EC5B9@yahoo.com,,,rut1946@dtaa.com,233214,4,meeting notes attached
email,{000000061AFD-27819F8F},2010-02-25 15:02:33,RUT1946,PC-0104,mdr4757@dtaa.com,,,rut1946@dtaa.com,2756886,7,meeting notes attached
email,{000000061AFC-3F0B584E},2010-02-25 16:32:55,RUT1946,PC-0104,48046@hotmail.com,,,rut1946@dtaa.com,640242,2,meeting notes attached
email,{000000061AFE-3940CF6D},2010-02-26 11:37:01,RUT1946,PC-0104,BFAB2@outlook.com,,,rut1946@dtaa.com,714796,2,meeting notes attached
email,{000000061AFF-0A9AACFE},2010-02-26 15:14:21,RUT1946,PC-0104,C4197@gmail.com,,,rut1946@dtaa.com,468941,2,meeting notes attached
email,{000000061B00-2FE42A5A},2010-02-26 17:08:11,RUT1946,PC-0104,D3EEE@yahoo.com,,,rut1946@dtaa.com,262953,1,meeting notes attached
email,{000000061B03-3AFDCE93},2010-03-01 07:00:05,RUT1946,PC-0104,lrr4710@dtaa.com,,,rut1946@dtaa.com,494079,6,meeting notes attached
email,{000000061B04-2D3DE77D},2010-03-01 07:21:57,RUT1946,PC-0104,BFFB2@aol.com,,,rut1946@dtaa.com,497610,2,meeting notes attached
email,{000000061B02-0BC68431},2010-03-01 11:47:18,RUT1946,PC-0104,D2E85@gmail.com,,,rut1946@dtaa.com,944680,5,meeting notes attached
email,{000000061B01-1E7FE539},2010-03-01 12:48:41,RUT1946,PC-0104,59D37@outlook.com,,,rut1946@dtaa.com,1131851,6,meeting notes attached
email,{000000061B05-1B128EA6},2010-03-01 15:14:37,RUT1946,PC-0104,B1EAD@yahoo.com,,,rut1946@dtaa.com,1040939,4,meeting notes attached
email,{000000061B06-0CCC7242},2010-03-01 17:43:38,RUT1946,PC-0104,D504E@aol.com,,,rut1946@dtaa.com,275381,3,meeting notes attached
email,{000000061B08-357AF40A},2010-03-03 07:57:03,RUT1946,PC-0104,018BA@hotmail.com,,,rut1946@dtaa.com,669708,5,meeting notes attached
email,{000000061B07-0E18ADDE},2010-03-03 11:42:25,RUT1946,PC-0104,89A57@aol.com,,,rut1946@dtaa.com,630361,3,meeting notes attached
email,{000000061B09-3BF0B8C7},2010-03-04 17:37:19,RUT1946,PC-0104,E7C5A@outlook.com,,,rut1946@dtaa.com,1270867,6,meeting notes attached
email,{000000061B0C-024BCDC2},2010-03-05 07:16:15,RUT1946,PC-0104,6F240@outlook.com,,,rut1946@dtaa.com,1793241,5,meeting notes attached
email,{000000061B0A-3EDCAA38},2010-03-05 12:33:11,RUT1946,PC-0104,6EE31@yahoo.com,,,rut1946@dtaa.com,395597,1,meeting notes attached
email,{000000061B0B-04478C54},2010-03-05 15:09:59,RUT1946,PC-0104,A8EC6@aol.com,,,rut1946@dtaa.com,213178,1,meeting notes attached
email,{000000061B0E-0A1BCBEF},2010-03-08 08:55:18,RUT1946,PC-0104,38148@yahoo.com,,,rut1946@dtaa.com,523060,6,meeting notes attached
email,{000000061B0D-3FAA1DD9},2010-03-08 10:26:37,RUT1946,PC-0104,CE5C4@yahoo.com,,,rut1946@dtaa.com,724785,4,meeting notes attached
email,{000000061B10-08AE4BA7},2010-03-09 10:07:59,RUT1946,PC-0104,CD275@outlook.com,,,rut1946@dtaa.com,409476,1,meeting notes attached
email,{000000061B11-13EB656B},2010-03-09 11:55:10,RUT1946,PC-0104,338C4@aol.com,,,rut1946@dtaa.com,1941313,7,meeting notes attached
email,{000000061B0F-2DE292A7},2010-03-09 13:17:09,RUT1946,PC-0104,B5CF1@yahoo.com,,,rut1946@dtaa.com,885611,4,meeting notes attached
email,{000000061B13-3366EF44},2010-03-10 10:20:46,RUT1946,PC-0104,6CB32@outlook.com,,,rut1946@dtaa.com,1433723,5,meeting notes attached
email,{000000061B15-248693A0},2010-03-10 10:37:57,RUT1946,PC-0104,96932@gmail.com,,,rut1946@dtaa.com,1205834,3,meeting notes attached
email,{000000061B12-1F754419},2010-03-10 11:52:27,RUT1946,PC-0104,15317@yahoo.com,,,rut1946@dtaa.com,570593,7,meeting notes attached
email,{000000061B14-2ED8ED8D},2010-03-10 14:08:32,RUT1946,PC-0104,05C86@gmail.com,,,rut1946@dtaa.com,1684323,5,meeting notes attached
email,{000000061B16-13C2F063},2010-03-11 07:58:56,RUT1946,PC-0104,6654C@aol.com,,,rut1946@dtaa.com,1253898,5,meeting notes attached
email,{000000061B18-0A78EDF2},2010-03-11 09:19:49,RUT1946,PC-0104,623D2@aol.com,,,rut1946@dtaa.com,269511,4,meeting notes attached
email,{000000061B17-3D7EFD19},2010-03-11 14:39:38,RUT1946,PC-0104,7730C@gmail.com,,,rut1946@dtaa.com,1242564,5,meeting notes attached
email,{000000061B1B-23999E79},2010-03-15 14:59:56,RUT1946,PC-0104,911B9@outlook.com,,,rut1946@dtaa.com,401177,1,meeting notes attached
email,{000000061B19-288170E1},2010-03-15 15:11:44,RUT1946,PC-0104,D7E38@gmail.com,,,rut1946@dtaa.com,593082,2,meeting notes attached
email,{000000061B1A-2EC9B8F7},2010-03-15 16:34:10,RUT1946,PC-0104,5391A@hotmail.com,,,rut1946@dtaa.com,474494,2,meeting notes attached
email,{000000061B1C-189C68B0},2010-03-16 11:51:09,RUT1946,PC-0104,7E165@yahoo.com,,,rut1946@dtaa.com,451066,2,meeting notes attached
email,{000000061B1D-0ED1019B},2010-03-17 15:35:00,RUT1946,PC-0104,D9C86@hotmail.com,,,rut1946@dtaa.com,521304,5,meeting notes attached
email,{000000061B1E-176033E7},2010-03-18 09:51:38,RUT1946,PC-0104,61F80@aol.com,,,rut1946@dtaa.com,1243612,4,meeting notes attached
email,{000000061B1F-0A819FAA},2010-03-18 14:40:44,RUT1946,PC-0104,7EB06@yahoo.com,,,rut1946@dtaa.com,593670,3,meeting notes attached
email,{000000061B20-1D7E421F},2010-03-19 10:31:45,RUT1946,PC-0104,B5A7E@gmail.com,,,rut1946@dtaa.com,821538,5,meeting notes attached
http,{000000248BEC-07AE6E24},2010-02-16 08:46:40,RUT1946,PC-0104,http://www.drive.google.com/3EFCD9,page text
http,{000000248BEA-0C3F360C},2010-02-16 09:17:39,RUT1946,PC-0104,http://www.cnn.com/20D6CC,page text
http,{000000248BE9-2F313B84},2010-02-16 11:40:02,RUT1946,PC-0104,http://www.drive.google.com/0A0C9C,page text
http,{000000248BE8-33229BB7},2010-02-16 13:46:40,RUT1946,PC-0104,http://www.linkedin.com/339648,page text
http,{000000248BEB-356E054E},2010-02-16 17:10:19,RUT1946,PC-0104,http://www.weather.com/318C28,page text
http,{000000248BF4-13FD922C},2010-02-17 07:04:17,RUT1946,PC-0104,http://www.monster.com/1268B6,page text
http,{000000248BF5-0652EC7D},2010-02-17 07:35:07,RUT1946,PC-0104,http://www.drive.google.com/0A23FB,page text
http,{000000248BEE-2CA5AACF},2010-02-17 08:24:00,RUT1946,PC-0104,http://www.drive.google.com/32D657,page text
http,{000000248BED-2F7FFA0B},2010-02-17 08:26:21,RUT1946,PC-0104,http://www.linkedin.com/36ECD6,page text
http,{000000248BF1-09E1C569},2010-02-17 11:01:05,RUT1946,PC-0104,http://www.drive.google.com/3A7EBF,page text
http,{000000248BF3-0F8F155E},2010-02-17 11:03:31,RUT1946,PC-0104,http://www.linkedin.com/0F9CF3,page text
http,{000000248BEF-10E6BB2C},2010-02-17 12:09:47,RUT1946,PC-0104,http://www.weather.com/2A35FB,page text
http,{000000248BF2-040EA019},2010-02-17 15:17:10,RUT1946,PC-0104,http://www.monster.com/2CBC7A,page text
http,{000000248BF0-376BA1B4},2010-02-17 15:18:56,RUT1946,PC-0104,http://www.dropbox.com/1AB24A,page text
http,{000000248BF6-36BBAC64},2010-02-18 09:34:14,RUT1946,PC-0104,http://www.yahoo.com/2F8B2B,page text
http,{000000248BF7-3CF67D30},2010-02-18 14:05:31,RUT1946,PC-0104,http://www.yahoo.com/2877FE,page text
http,{000000248BF9-3B97E7C1},2010-02-19 11:11:08,RUT1946,PC-0104,http://www.wikipedia.org/3825D0,page text
http,{000000248BFC-0AD62B6A},2010-02-19 11:36:38,RUT1946,PC-0104,http://www.monster.com/3766B0,page text
http,{000000248BFD-3C9597DA},2010-02-19 12:31:25,RUT1946,PC-0104,http://www.drive.google.com/059878,page text
http,{000000248BF8-0BE9378C},2010-02-19 13:37:52,RUT1946,PC-0104,http://www.cnn.com/0AAA72,page text
http,{000000248BFE-282F70EF},2010-02-19 13:45:23,RUT1946,PC-0104,http://www.github.com/3C901F,page text
http,{000000248BFA-05352EE2},2010-02-19 14:30:24,RUT1946,PC-0104,http://www.drive.google.com/397208,page text
http,{000000248BFB-2AEF2B33},2010-02-19 14:51:41,RUT1946,PC-0104,http://www.dropbox.com/324B76,page text
http,{000000248BFF-1B994DE7},2010-02-19 15:27:30,RUT1946,PC-0104,http://www.dropbox.com/24942F,page text
http,{000000248C01-349230E1},2010-02-22 08:07:54,RUT1946,PC-0104,http://www.linkedin.com/3E47F8,page text
http,{000000248C03-34924980},2010-02-22 11:18:45,RUT1946,PC-0104,http://www.linkedin.com/127B76,page text
http,{000000248C04-03FD990A},2010-02-22 12:16:43,RUT1946,PC-0104,http://www.linkedin.com/2C0072,page text
http,{000000248C06-11DF0B29},2010-02-22 13:20:26,RUT1946,PC-0104,http://www.linkedin.com/342CAD,page text
http,{000000248C02-14C72B10},2010-02-22 13:25:22,RUT1946,PC-0104,http://www.linkedin.com/2A16A6,page text
http,{000000248C00-33E76B96},2010-02-22 15:14:45,RUT1946,PC-0104,http://www.monster.com/2C08EB,page text
http,{000000248C05-372DF82B},2010-02-22 16:10:38,RUT1946,PC-0104,http://www.github.com/3441F3,page text
http,{000000248C07-28B73147},2010-02-23 07:49:36,RUT1946,PC-0104,http://www.linkedin.com/1CCC40,page text
http,{000000248C0E-30119821},2010-02-23 08:47:09,RUT1946,PC-0104,http://www.monster.com/35B754,page text
http,{000000248C0A-3A927096},2010-02-23 10:01:28,RUT1946,PC-0104,http://www.yahoo.com/17F3CD,page text
http,{000000248C0F-027CF0AB},2010-02-23 11:14:04,RUT1946,PC-0104,http://www.monster.com/3E0481,page text
http,{000000248C0D-1A839170},2010-02-23 14:13:54,RUT1946,PC-0104,http://www.monster.com/1C5322,page text
http,{000000248C09-263B6E05},2010-02-23 14:44:26,RUT1946,PC-0104,http://www.dropbox.com/2B4976,page text
http,{000000248C0C-372F4FA3},2010-02-23 15:49:26,RUT1946,PC-0104,http://www.drive.google.com/25E054,page text
http,{000000248C0B-1FBDDB66},2010-02-23 16:40:46,RUT1946,PC-0104,http://www.linkedin.com/34A21D,page text
http,{000000248C08-17B4FBF7},2010-02-23 16:48:33,RUT1946,PC-0104,http://www.amazon.com/2C08B1,page text
http,{000000248C10-25D39291},2010-02-24 09:39:13,RUT1946,PC-0104,http://www.drive.google.com/3009D1,page text
http,{000000248C11-3BD8D5F4},2010-02-24 12:55:21,RUT1946,PC-0104,http://www.monster.com/37A27D,page text
http,{000000248C12-03FE3060},2010-02-24 14:00:09,RUT1946,PC-0104,http://www.dropbox.com/0ECDC9,page text
http,{000000248C14-036CF5C0},2010-02-25 14:37:23,RUT1946,PC-0104,http://www.dropbox.com/2322F6,page text
http,{000000248C13-120DA090},2010-02-25 17:13:53,RUT1946,PC-0104,http://www.monster.com/3CE719,page text
http,{000000248C16-2665A986},2010-02-26 11:08:56,RUT1946,PC-0104,http://www.linkedin.com/08AB07,page text
http,{000000248C15-35186327},2010-02-26 14:15:22,RUT1946,PC-0104,http://www.cnn.com/020DFB,page text
http,{000000248C18-375A1151},2010-02-26 14:42:14,RUT1946,PC-0104,http://www.dropbox.com/2F8737,page text
http,{000000248C1A-37CE0DDB},2010-02-26 15:04:13,RUT1946,PC-0104,http://www.drive.google.com/2E0D08,page text
http,{000000248C19-33CA1F4D},2010-02-26 15:40:26,RUT1946,PC-0104,http://www.linkedin.com/02B84B,page text
http,{000000248C17-277A83B2},2010-02-26 15:41:00,RUT1946,PC-0104,http://www.linkedin.com/33A1E0,page text
http,{000000248C1D-2E8077FB},2010-03-01 07:34:10,RUT1946,PC-0104,http://www.drive.google.com/18F68D,page text
http,{000000248C1C-3BD68CE1},2010-03-01 12:49:15,RUT1946,PC-0104,http://www.drive.google.com/2DDF9E,page text
http,{000000248C1E-22206A81},2010-03-01 16:02:19,RUT1946,PC-0104,http://www.yahoo.com/216032,page text
http,{000000248C1B-267F2F26},2010-03-01 16:12:02,RUT1946,PC-0104,http://www.linkedin.com/08B84E,page text
http,{000000248C20-1458F453},2010-03-02 11:31:27,RUT1946,PC-0104,http://www.dropbox.com/343020,page text
http,{000000248C1F-3AF6441A},2010-03-02 15:09:35,RUT1946,PC-0104,http://www.drive.google.com/1649F3,page text
http,{000000248C23-318DA1E2},2010-03-03 10:14:50,RUT1946,PC-0104,http://www.drive.google.com/15B3F0,page text
http,{000000248C22-3EA6D5EA},2010-03-03 11:25:10,RUT1946,PC-0104,http://www.cnn.com/397D37,page text
http,{000000248C21-338BF9B2},2010-03-03 15:14:45,RUT1946,PC-0104,http://www.monster.com/24F825,page text
http,{000000248C24-36817EBA},2010-03-04 10:05:01,RUT1946,PC-0104,http://www.drive.google.com/28D65E,page text
http,{000000248C25-3CBC0F1F},2010-03-04 11:46:14,RUT1946,PC-0104,http://www.dropbox.com/18DC99,page text
http,{000000248C27-066506BE},2010-03-04 12:42:39,RUT1946,PC-0104,http://www.dropbox.com/29514C,page text
http,{000000248C29-3F9BD8D2},2010-03-04 16:31:11,RUT1946,PC-0104,http://www.monster.com/08EE13,page text
http,{000000248C28-2ED4725A},2010-03-04 16:47:39,RUT1946,PC-0104,http://www.monster.com/10274D,page text
http,{000000248C26-10581050},2010-03-04 17:08:55,RUT1946,PC-0104,http://www.dropbox.com/2AF8F5,page text
http,{000000248C2C-2239A4BF},2010-03-05 09:15:20,RUT1946,PC-0104,http://www.stackoverflow.com/277DB3,page text
http,{000000248C2A-31C8177A},2010-03-05 12:21:09,RUT1946,PC-0104,http://www.drive.google.com/15C19B,page text
http,{000000248C2D-0C861A1E},2010-03-05 13:45:10,RUT1946,PC-0104,http://www.dropbox.com/35B5E1,page text
http,{000000248C2B-13F171D8},2010-03-05 16:31:30,RUT1946,PC-0104,http://www.drive.google.com/168063,page text
http,{000000248C2F-177979BA},2010-03-08 10:00:45,RUT1946,PC-0104,http://www.linkedin.com/152590,page text
http,{000000248C30-19D87633},2010-03-08 10:49:40,RUT1946,PC-0104,http://www.linkedin.com/1F538E,page text
http,{000000248C34-0A759538},2010-03-08 12:46:22,RUT1946,PC-0104,http://www.linkedin.com/24EE44,page text
http,{000000248C31-2C51AE5E},2010-03-08 13:55:42,RUT1946,PC-0104,http://www.monster.com/3563A4,page text
http,{000000248C32-3FEF6600},2010-03-08 14:30:16,RUT1946,PC-0104,http://www.weather.com/109116,page text
http,{000000248C35-16A065DA},2010-03-08 14:41:32,RUT1946,PC-0104,http://www.monster.com/0C988C,page text
http,{000000248C33-31599F0C},2010-03-08 15:02:55,RUT1946,PC-0104,http://www.linkedin.com/283AF9,page text
http,{000000248C2E-2F04231F},2010-03-08 16:29:46,RUT1946,PC-0104,http://www.dropbox.com/265C7E,page text
http,{000000248C38-0C2B125A},2010-03-09 10:48:01,RUT1946,PC-0104,http://www.drive.google.com/28949D,page text
http,{000000248C3A-30A52F1D},2010-03-09 13:26:55,RUT1946,PC-0104,http://www.monster.com/00E8F4,page text
http,{000000248C3C-2681682B},2010-03-09 13:31:21,RUT1946,PC-0104,http://www.drive.google.com/1BEC62,page text
http,{000000248C39-34363914},2010-03-09 15:08:02,RUT1946,PC-0104,http://www.yahoo.com/2E1173,page text
http,{000000248C37-31E71391},2010-03-09 17:10:57,RUT1946,PC-0104,http://www.dropbox.com/20D7FC,page text
http,{000000248C36-167A8AF0},2010-03-09 17:41:15,RUT1946,PC-0104,http://www.linkedin.com/32C094,page text
http,{000000248C3B-09850944},2010-03-09 17:46:45,RUT1946,PC-0104,http://www.monster.com/39C117,page text
http,{000000248C3F-2E297E4F},2010-03-10 07:23:08,RUT1946,PC-0104,http://www.espn.com/17598F,page text
http,{000000248C3D-3ABF8FC3},2010-03-10 12:51:31,RUT1946,PC-0104,http://www.dropbox.com/2BE516,page text
http,{000000248C40-17DE019D},2010-03-10 14:12:27,RUT1946,PC-0104,http://www.dropbox.com/30CBE0,page text
http,{000000248C3E-3600D817},2010-03-10 15:35:08,RUT1946,PC-0104,http://www.drive.google.com/3064BD,page text
http,{000000248C45-21DC04C3},2010-03-11 07:28:50,RUT1946,PC-0104,http://www.monster.com/283553,page text
http,{000000248C43-2296DB12},2010-03-11 07:59:56,RUT1946,PC-0104,http://www.drive.google.com/06127B,page text
http,{000000248C41-001C0787},2010-03-11 09:45:56,RUT1946,PC-0104,http://www.linkedin.com/21D523,page text
http,{000000248C44-24FFE634},2010-03-11 10:46:05,RUT1946,PC-0104,http://www.espn.com/1BED59,page text
http,{000000248C42-351499B7},2010-03-11 16:47:23,RUT1946,PC-0104,http://www.github.com/218FC1,page text
http,{000000248C49-21FB50FE},2010-03-12 07:55:49,RUT1946,PC-0104,http://www.dropbox.com/2AA5ED,page text
http,{000000248C48-3323CE43},2010-03-12 09:22:07,RUT1946,PC-0104,http://www.linkedin.com/26B392,page text
http,{000000248C4A-144EA32D},2010-03-12 09:53:32,RUT1946,PC-0104,http://www.monster.com/006C10,page text
http,{000000248C46-2E7A3D3D},2010-03-12 10:12:26,RUT1946,PC-0104,http://www.github.com/1CA5A2,page text
http,{000000248C4C-2A45DF61},2010-03-12 13:18:43,RUT1946,PC-0104,http://www.monster.com/3E4976,page text
http,{000000248C4B-1EE21316},2010-03-12 13:58:38,RUT1946,PC-0104,http://www.monster.com/3B6705,page text
http,{000000248C47-14FA9AB9},2010-03-12 15:08:37,RUT1946,PC-0104,http://www.dropbox.com/33F6CF,page text
http,{000000248C4D-17779F60},2010-03-12 16:56:42,RUT1946,PC-0104,http://www.drive.google.com/235DC8,page text
http,{000000248C4F-14F069CD},2010-03-15 09:24:22,RUT1946,PC-0104,http://www.monster.com/305BE3,page text
http,{000000248C52-15962360},2010-03-15 12:35:17,RUT1946,PC-0104,http://www.weather.com/0DA6A3,page text
http,{000000248C51-3CCFE5D5},2010-03-15 12:35:23,RUT1946,PC-0104,http://www.drive.google.com/04A84C,page text
http,{000000248C4E-001AFB34},2010-03-15 13:08:31,RUT1946,PC-0104,http://www.reddit.com/15E7AC,page text
http,{000000248C50-0CECD03E},2010-03-15 15:23:25,RUT1946,PC-0104,http://www.drive.google.com/181B50,page text
http,{000000248C53-073C0EF3},2010-03-16 07:12:31,RUT1946,PC-0104,http://www.dropbox.com/02616B,page text
http,{000000248C56-3E7EB536},2010-03-16 08:59:02,RUT1946,PC-0104,http://www.yahoo.com/0B5238,page text
http,{000000248C54-1DBDB1C3},2010-03-16 09:32:18,RUT1946,PC-0104,http://www.drive.google.com/1A93E1,page text
http,{000000248C55-109BB59B},2010-03-16 12:01:30,RUT1946,PC-0104,http://www.linkedin.com/02F773,page text
http,{000000248C58-0D5C4FED},2010-03-17 07:58:14,RUT1946,PC-0104,http://www.monster.com/047B3A,page text
http,{000000248C5A-08E03F0B},2010-03-17 09:33:32,RUT1946,PC-0104,http://www.dropbox.com/1FC648,page text
http,{000000248C57-356FBB51},2010-03-17 16:22:48,RUT1946,PC-0104,http://www.drive.google.com/2C245C,page text
http,{000000248C59-16089FC0},2010-03-17 17:29:03,RUT1946,PC-0104,http://www.stackoverflow.com/3DAFB3,page text
http,{000000248C5B-23D101D4},2010-03-17 17:57:19,RUT1946,PC-0104,http://www.stackoverflow.com/193F3C,page text
http,{000000248C5E-2B67DF02},2010-03-18 09:06:25,RUT1946,PC-0104,http://www.drive.google.com/1B8543,page text
http,{000000248C61-018F8462},2010-03-18 09:38:21,RUT1946,PC-0104,http://www.drive.google.com/38D2DC,page text
http,{000000248C5C-2CED8866},2010-03-18 09:59:36,RUT1946,PC-0104,http://www.drive.google.com/25E280,page text
http,{000000248C5D-3B2A4F74},2010-03-18 11:59:12,RUT1946,PC-0104,http://www.stackoverflow.com/0CED4C,page text
http,{000000248C60-3854D5CF},2010-03-18 14:57:32,RUT1946,PC-0104,http://www.linkedin.com/2B1DDC,page text
http,{000000248C5F-385B9D0D},2010-03-18 15:57:19,RUT1946,PC-0104,http://www.weather.com/250729,page text
http,{000000248C69-3F8E03DF},2010-03-19 08:02:24,RUT1946,PC-0104,http://www.drive.google.com/16AF2B,page text
http,{000000248C63-016BCFAE},2010-03-19 08:56:38,RUT1946,PC-0104,http://www.dropbox.com/0442C8,page text
http,{000000248C65-1A3513AD},2010-03-19 09:09:03,RUT1946,PC-0104,http://www.linkedin.com/0B3E5A,page text
http,{000000248C67-368DCDE8},2010-03-19 09:15:41,RUT1946,PC-0104,http://www.dropbox.com/21BE01,page text
http,{000000248C64-35DF65EF},2010-03-19 11:14:50,RUT1946,PC-0104,http://www.linkedin.com/30A76B,page text
http,{000000248C66-15FD0FF8},2010-03-19 12:27:38,RUT1946,PC-0104,http://www.drive.google.com/35046F,page text
http,{000000248C68-2F7F20FF},2010-03-19 12:38:43,RUT1946,PC-0104,http://www.drive.google.com/3591D3,page text
http,{000000248C62-34AF6D0F},2010-03-19 15:47:42,RUT1946,PC-0104,http://www.drive.google.com/34E018,page text
