logon,{00000001C039-2151C6C9},2010-03-24 03:05:10,WBM5944,PC-0134,Logon
logon,{00000001C32B-2482986B},2010-03-24 04:47:10,WBM5944,PC-0070,Logoff
logon,{00000001C03C-0BECE813},2010-03-24 06:45:02,WBM5944,PC-0134,Logon
logon,{00000001C32E-0187E787},2010-03-24 10:34:02,WBM5944,PC-0134,Logoff
logon,{00000001C036-3983FC64},2010-03-24 18:55:57,WBM5944,PC-0134,Logon
logon,{00000001C03B-1CFE549B},2010-03-24 19:49:48,WBM5944,PC-0134,Logon
logon,{00000001C328-2AD9DDD2},2010-03-24 21:41:57,WBM5944,PC-0134,Logoff
logon,{00000001C037-06E7966B},2010-03-24 22:00:45,WBM5944,PC-0134,Logon
logon,{00000001C038-0F905D2A},2010-03-24 22:05:55,WBM5944,PC-0134,Logon
logon,{00000001C32D-35935F5A},2010-03-24 22:09:48,WBM5944,PC-0134,Logoff
logon,{00000001C03A-03AEA231},2010-03-24 22:19:42,WBM5944,PC-0134,Logon
logon,{00000001C329-01225174},2010-03-25 01:04:45,WBM5944,PC-0134,Logoff
logon,{00000001C32C-2BCB2F6A},2010-03-25 01:27:42,WBM5944,PC-0132,Logoff
logon,{00000001C32A-28217A95},2010-03-25 01:38:55,WBM5944,PC-0134,Logoff
logon,{00000001C03D-06E34EF0},2010-03-25 18:54:36,WBM5944,PC-0134,Logon
logon,{00000001C32F-090CE525},2010-03-25 20:28:36,WBM5944,PC-0134,Logoff
logon,{00000001C03E-15965BE1},2010-03-26 01:02:58,WBM5944,PC-0134,Logon
logon,{00000001C330-01939CDE},2010-03-26 04:07:58,WBM5944,PC-0134,Logoff
logon,{00000001C040-03BCECD9},2010-03-26 18:13:35,WBM5944,PC-0134,Logon
logon,{00000001C332-384FAE37},2010-03-26 18:44:35,WBM5944,PC-0134,Logoff
logon,{00000001C03F-05D1E446},2010-03-26 19:51:41,WBM5944,PC-0134,Logon
logon,{00000001C331-17D81BD1},2010-03-26 22:39:41,WBM5944,PC-0134,Logoff
logon,{00000001C043-3DD3CB4A},2010-03-30 05:22:58,WBM5944,PC-0134,Logon
logon,{00000001C041-00DED478},2010-03-30 05:43:02,WBM5944,PC-0134,Logon
logon,{00000001C335-29363E90},2010-03-30 06:49:58,WBM5944,PC-0134,Logoff
logon,{00000001C333-390105F7},2010-03-30 07:49:02,WBM5944,PC-0134,Logoff
logon,{00000001C042-1FF5C7C6},2010-03-30 23:45:09,WBM5944,PC-0134,Logon
logon,{00000001C334-2DAB1E1C},2010-03-31 02:06:09,WBM5944,PC-0134,Logoff
logon,{00000001C04A-01130FFE},2010-03-31 03:55:54,WBM5944,PC-0134,Logon
logon,{00000001C33C-1DF0B0D5},2010-03-31 06:00:54,WBM5944,PC-0134,Logoff
logon,{00000001C048-32CF12CD},2010-03-31 06:21:01,WBM5944,PC-0134,Logon
logon,{00000001C33A-3D56E81D},2010-03-31 09:53:01,WBM5944,PC-0134,Logoff
logon,{00000001C045-1BD84CA9},2010-03-31 18:03:38,WBM5944,PC-0134,Logon
logon,{00000001C049-212532DA},2010-03-31 18:06:20,WBM5944,PC-0134,Logon
logon,{00000001C046-19ECBC26},2010-03-31 18:11:57,WBM5944,PC-0134,Logon
logon,{00000001C338-030B7ABD},2010-03-31 18:50:57,WBM5944,PC-0134,Logoff
logon,{00000001C047-23DCFCAB},2010-03-31 19:45:49,WBM5944,PC-0134,Logon
logon,{00000001C337-0E98004E},2010-03-31 20:07:38,WBM5944,PC-0134,Logoff
logon,{00000001C339-1822C8DA},2010-03-31 20:27:49,WBM5944,PC-0134,Logoff
logon,{00000001C33B-0FFE7828},2010-03-31 20:36:20,WBM5944,PC-0134,Logoff
logon,{00000001C044-0DE5EF37},2010-03-31 22:04:23,WBM5944,PC-0134,Logon
logon,{00000001C336-0913458C},2010-03-31 22:46:23,WBM5944,PC-0134,Logoff
logon,{00000001C04B-3EE25BE1},2010-04-01 18:52:28,WBM5944,PC-0134,Logon
logon,{00000001C33D-39CF346F},2010-04-01 22:30:28,WBM5944,PC-0134,Logoff
logon,{00000001C04C-2295D87B},2010-04-02 00:55:44,WBM5944,PC-0134,Logon
logon,{00000001C33E-389904A5},2010-04-02 03:12:44,WBM5944,PC-0134,Logoff
logon,{00000001C04D-25F12A6E},2010-04-02 22:41:58,WBM5944,PC-0134,Logon
logon,{00000001C33F-33EF4FF5},2010-04-03 00:07:58,WBM5944,PC-0134,Logoff
logon,{00000001C04E-232D557B},2010-04-05 04:06:23,WBM5944,PC-0134,Logon
logon,{00000001C340-28185D29},2010-04-05 05:31:23,WBM5944,PC-0134,Logoff
logon,{00000001C050-32A7DBF3},2010-04-06 04:56:01,WBM5944,PC-0134,Logon
logon,{00000001C342-033103C2},2010-04-06 06:46:01,WBM5944,PC-0134,Logoff
logon,{00000001C04F-074F53E5},2010-04-06 21:19:11,WBM5944,PC-0134,Logon
logon,{00000001C341-22498663},2010-04-07 00:19:11,WBM5944,PC-0134,Logoff
logon,{00000001C051-2CE6CBB4},2010-04-08 00:44:21,WBM5944,PC-0134,Logon
logon,{00000001C343-2E7131BA},2010-04-08 02:01:21,WBM5944,PC-0134,Logoff
logon,{00000001C052-1CAD4F07},2010-04-08 23:23:08,WBM5944,PC-0134,Logon
logon,{00000001C344-113FD565},2010-04-09 01:46:08,WBM5944,PC-0134,Logoff
logon,{00000001C053-1EFA698A},2010-04-09 02:06:04,WBM5944,PC-0134,Logon
logon,{00000001C345-30AB1ECF},2010-04-09 03:24:04,WBM5944,PC-0140,Logoff
logon,{00000001C056-1689465A},2010-04-09 18:01:06,WBM5944,PC-0134,Logon
logon,{00000001C348-16661229},2010-04-09 18:50:06,WBM5944,PC-0134,Logoff
logon,{00000001C055-351E1C31},2010-04-09 21:29:59,WBM5944,PC-0134,Logon
logon,{00000001C054-39308B34},2010-04-09 22:12:53,WBM5944,PC-0134,Logon
logon,{00000001C346-05E7D2CF},2010-04-10 00:03:53,WBM5944,PC-0134,Logoff
logon,{00000001C347-34F7D433},2010-04-10 00:49:59,WBM5944,PC-0134,Logoff
logon,{00000001C059-210684A6},2010-04-12 04:37:18,WBM5944,PC-0134,Logon
logon,{00000001C058-2056D69F},2010-04-12 05:47:35,WBM5944,PC-0134,Logon
logon,{00000001C34B-0514A335},2010-04-12 06:13:18,WBM5944,PC-0134,Logoff
logon,{00000001C34A-13ABAC3B},2010-04-12 08:31:35,WBM5944,PC-0134,Logoff
logon,{00000001C05A-2692F4D2},2010-04-12 22:43:50,WBM5944,PC-0134,Logon
logon,{00000001C057-04DD464C},2010-04-12 23:02:11,WBM5944,PC-0134,Logon
logon,{00000001C34C-31EA4679},2010-04-12 23:47:50,WBM5944,PC-0134,Logoff
logon,{00000001C349-03568D0C},2010-04-13 02:18:11,WBM5944,PC-0134,Logoff
logon,{00000001C05B-2FD0CA06},2010-04-13 19:06:36,WBM5944,PC-0134,Logon
logon,{00000001C34D-3DA8DF3F},2010-04-13 21:36:36,WBM5944,PC-0134,Logoff
logon,{00000001C05C-113FE79E},2010-04-13 21:46:18,WBM5944,PC-0134,Logon
logon,{00000001C05D-18B1D99D},2010-04-13 22:46:28,WBM5944,PC-0134,Logon
logon,{00000001C05E-1CC6C3DF},2010-04-13 23:59:41,WBM5944,PC-0134,Logon
logon,{00000001C34F-137D699B},2010-04-14 01:17:28,WBM5944,PC-0067,Logoff
logon,{00000001C34E-2959207B},2010-04-14 01:37:18,WBM5944,PC-0134,Logoff
logon,{00000001C350-1545AB42},2010-04-14 03:32:41,WBM5944,PC-0134,Logoff
logon,{00000001C05F-0980C853},2010-04-14 18:52:30,WBM5944,PC-0091,Logon
logon,{00000001C351-0068AE74},2010-04-14 19:47:30,WBM5944,PC-0134,Logoff
logon,{00000001C065-3B65DFAB},2010-04-15 01:25:16,WBM5944,PC-0134,Logon
logon,{00000001C357-1D9F7EC6},2010-04-15 03:47:16,WBM5944,PC-0134,Logoff
logon,{00000001C064-1A899CE5},2010-04-15 04:23:04,WBM5944,PC-0134,Logon
logon,{00000001C356-1C0349EB},2010-04-15 06:02:04,WBM5944,PC-0134,Logoff
logon,{00000001C063-24F45173},2010-04-15 06:18:25,WBM5944,PC-0134,Logon
logon,{00000001C355-3457137A},2010-04-15 09:32:25,WBM5944,PC-0134,Logoff
logon,{00000001C062-24A5BCA8},2010-04-15 19:30:09,WBM5944,PC-0134,Logon
logon,{00000001C354-10D65E6B},2010-04-15 21:59:09,WBM5944,PC-0134,Logoff
logon,{00000001C060-0237136F},2010-04-15 22:05:36,WBM5944,PC-0134,Logon
logon,{00000001C061-1EC3ED07},2010-04-15 22:17:38,WBM5944,PC-0134,Logon
logon,{00000001C353-0C98E1E6},2010-04-16 00:37:38,WBM5944,PC-0134,Logoff
logon,{00000001C352-0B0E4954},2010-04-16 01:55:36,WBM5944,PC-0134,Logoff
logon,{00000001C066-00678AA3},2010-04-16 19:23:01,WBM5944,PC-0134,Logon
logon,{00000001C358-37D388F4},2010-04-16 21:12:01,WBM5944,PC-0134,Logoff
logon,{00000001C067-31E2FDC6},2010-04-19 22:57:15,WBM5944,PC-0134,Logon
logon,{00000001C359-365C1929},2010-04-20 00:29:15,WBM5944,PC-0134,Logoff
logon,{00000001C06A-32984E10},2010-04-20 03:13:32,WBM5944,PC-0075,Logon
logon,{00000001C069-301CC9A5},2010-04-20 03:42:10,WBM5944,PC-0134,Logon
logon,{00000001C35C-1DD3D379},2010-04-20 05:32:32,WBM5944,PC-0134,Logoff
logon,{00000001C35B-186D4999},2010-04-20 05:54:10,WBM5944,PC-0134,Logoff
logon,{00000001C068-00A60B76},2010-04-20 06:03:19,WBM5944,PC-0134,Logon
logon,{00000001C35A-2D470058},2010-04-20 07:30:19,WBM5944,PC-0134,Logoff
logon,{00000001C06B-37F012DD},2010-04-20 20:45:55,WBM5944,PC-0134,Logon
logon,{00000001C35D-28A59B74},2010-04-21 00:33:55,WBM5944,PC-0134,Logoff
logon,{00000001C06C-22306348},2010-04-21 18:55:29,WBM5944,PC-0134,Logon
logon,{00000001C06D-1C391294},2010-04-21 19:05:11,WBM5944,PC-0134,Logon
logon,{00000001C35F-15F08BA8},2010-04-21 20:13:11,WBM5944,PC-0134,Logoff
logon,{00000001C35E-1F0EEC06},2010-04-21 20:18:29,WBM5944,PC-0134,Logoff
logon,{00000001C06E-2ED53678},2010-04-22 01:45:13,WBM5944,PC-0134,Logon
logon,{00000001C06F-07ABDF5A},2010-04-22 02:33:46,WBM5944,PC-0134,Logon
logon,{00000001C360-00D5096B},2010-04-22 04:09:13,WBM5944,PC-0134,Logoff
logon,{00000001C361-11CC737C},2010-04-22 06:05:46,WBM5944,PC-0134,Logoff
logon,{00000001C070-36879685},2010-04-22 18:52:42,WBM5944,PC-0134,Logon
logon,{00000001C071-10A1083E},2010-04-22 21:28:07,WBM5944,PC-0134,Logon
logon,{00000001C362-1B64E705},2010-04-22 22:26:42,WBM5944,PC-0134,Logoff
logon,{00000001C363-0C093FA4},2010-04-23 01:12:07,WBM5944,PC-0134,Logoff
logon,{00000001C072-0504C7A8},2010-04-23 05:23:13,WBM5944,PC-0134,Logon
logon,{00000001C364-17DB030A},2010-04-23 08:16:13,WBM5944,PC-0134,Logoff
logon,{00000001C074-085AD964},2010-04-26 19:19:43,WBM5944,PC-0134,Logon
logon,{00000001C366-2C801052},2010-04-26 19:52:43,WBM5944,PC-0134,Logoff
logon,{00000001C075-0F899094},2010-04-26 23:02:30,WBM5944,PC-0134,Logon
logon,{00000001C073-2D8E0ECC},2010-04-26 23:41:22,WBM5944,PC-0134,Logon
logon,{00000001C367-08A8EB44},2010-04-26 23:53:30,WBM5944,PC-0134,Logoff
logon,{00000001C365-223D8FEF},2010-04-27 02:15:22,WBM5944,PC-0134,Logoff
device,{00000001F099-2910AB89},2010-03-24 07:20:23,WBM5944,PC-0134,Connect
device,{00000001F223-2BE04712},2010-03-24 07:59:23,WBM5944,PC-0134,Disconnect
device,{00000001F098-2EFA12D4},2010-03-24 12:37:53,WBM5944,PC-0134,Connect
device,{00000001F222-0F33A711},2010-03-24 13:09:53,WBM5944,PC-0134,Disconnect
device,{00000001F095-12FE134B},2010-03-24 13:11:43,WBM5944,PC-0134,Connect
device,{00000001F21F-3E00CA97},2010-03-24 14:12:43,WBM5944,PC-0134,Disconnect
device,{00000001F096-13B6CF70},2010-03-24 14:48:36,WBM5944,PC-0134,Connect
device,{00000001F097-2A811249},2010-03-24 14:54:54,WBM5944,PC-0134,Connect
device,{00000001F221-2171C816},2010-03-24 15:17:54,WBM5944,PC-0134,Disconnect
device,{00000001F220-2370C0D5},2010-03-24 16:01:36,WBM5944,PC-0134,Disconnect
device,{00000001F09A-0B7B3F5A},2010-03-24 16:23:42,WBM5944,PC-0134,Connect
device,{00000001F224-06EF91D9},2010-03-24 17:48:42,WBM5944,PC-0134,Disconnect
device,{00000001F09B-3D9348C8},2010-03-25 14:11:20,WBM5944,PC-0134,Connect
device,{00000001F225-02B0D7FC},2010-03-25 14:27:20,WBM5944,PC-0134,Disconnect
device,{00000001F317-22527D29},2010-03-25 18:24:42,WBM5944,PC-0134,Connect
device,{00000001F3E0-1355A9FF},2010-03-25 19:39:42,WBM5944,PC-0134,Disconnect
device,{00000001F318-3051270B},2010-03-25 20:29:06,WBM5944,PC-0134,Connect
device,{00000001F3E1-2B1D040D},2010-03-25 20:59:06,WBM5944,PC-0134,Disconnect
device,{00000001F316-210EF456},2010-03-25 23:29:34,WBM5944,PC-0134,Connect
device,{00000001F3DF-014C9E43},2010-03-26 00:23:34,WBM5944,PC-0134,Disconnect
device,{00000001F31A-0A1827FD},2010-03-26 06:50:28,WBM5944,PC-0134,Connect
device,{00000001F3E3-0F9911DC},2010-03-26 07:49:28,WBM5944,PC-0134,Disconnect
device,{00000001F09C-38A2B665},2010-03-26 15:00:27,WBM5944,PC-0134,Connect
device,{00000001F226-3688D1A1},2010-03-26 15:32:27,WBM5944,PC-0134,Disconnect
device,{00000001F319-0BCEAD75},2010-03-26 21:10:27,WBM5944,PC-0134,Connect
device,{00000001F3E2-05E8EB28},2010-03-26 22:11:27,WBM5944,PC-0134,Disconnect
device,{00000001F31B-0C957ED9},2010-03-26 23:32:46,WBM5944,PC-0134,Connect
device,{00000001F3E4-3243BADA},2010-03-26 23:48:46,WBM5944,PC-0134,Disconnect
device,{00000001F31C-353BA92D},2010-03-29 01:16:54,WBM5944,PC-0134,Connect
device,{00000001F3E5-05D047ED},2010-03-29 01:46:54,WBM5944,PC-0134,Disconnect
device,{00000001F31D-1FD3C80D},2010-03-29 02:57:22,WBM5944,PC-0134,Connect
device,{00000001F3E6-15D56490},2010-03-29 03:14:22,WBM5944,PC-0134,Disconnect
device,{00000001F09F-08FF8501},2010-03-29 09:00:38,WBM5944,PC-0134,Connect
device,{00000001F09E-060F24ED},2010-03-29 09:33:55,WBM5944,PC-0134,Connect
device,{00000001F229-3C19965B},2010-03-29 09:52:38,WBM5944,PC-0134,Disconnect
device,{00000001F228-059ED4F0},2010-03-29 10:20:55,WBM5944,PC-0134,Disconnect
device,{00000001F09D-1E2FA651},2010-03-29 12:54:18,WBM5944,PC-0134,Connect
device,{00000001F227-2C62FBA3},2010-03-29 12:56:18,WBM5944,PC-0134,Disconnect
device,{00000001F0A1-32558957},2010-03-29 16:30:22,WBM5944,PC-0134,Connect
device,{00000001F0A2-326B9885},2010-03-29 16:35:12,WBM5944,PC-0134,Connect
device,{00000001F0A0-27EAC896},2010-03-29 17:26:41,WBM5944,PC-0134,Connect
device,{00000001F22B-2A80C87F},2010-03-29 17:51:22,WBM5944,PC-0134,Disconnect
device,{00000001F22C-3F16178F},2010-03-29 18:02:12,WBM5944,PC-0134,Disconnect
device,{00000001F22A-23D83CE3},2010-03-29 18:36:41,WBM5944,PC-0134,Disconnect
device,{00000001F31E-0EED46C8},2010-03-30 01:19:09,WBM5944,PC-0134,Connect
device,{00000001F3E7-05EF07DA},2010-03-30 02:08:09,WBM5944,PC-0134,Disconnect
device,{00000001F0A3-377CA67D},2010-03-30 07:16:39,WBM5944,PC-0134,Connect
device,{00000001F22D-3CDADDAE},2010-03-30 07:33:39,WBM5944,PC-0134,Disconnect
device,{00000001F0A7-11F8CD26},2010-03-30 07:58:04,WBM5944,PC-0134,Connect
device,{00000001F231-30849817},2010-03-30 08:49:04,WBM5944,PC-0134,Disconnect
device,{00000001F0A4-20741946},2010-03-30 10:05:39,WBM5944,PC-0134,Connect
device,{00000001F22E-3FC9116A},2010-03-30 10:26:39,WBM5944,PC-0134,Disconnect
device,{00000001F0A8-1E9A3CC7},2010-03-30 16:06:00,WBM5944,PC-0134,Connect
device,{00000001F0A6-122C0428},2010-03-30 17:03:28,WBM5944,PC-0134,Connect
device,{00000001F0A5-22C01AB8},2010-03-30 17:08:34,WBM5944,PC-0134,Connect
device,{00000001F22F-00AA8883},2010-03-30 17:15:34,WBM5944,PC-0134,Disconnect
device,{00000001F232-08039CA0},2010-03-30 17:17:00,WBM5944,PC-0134,Disconnect
device,{00000001F230-0F9CBBA6},2010-03-30 18:31:28,WBM5944,PC-0134,Disconnect
device,{00000001F0A9-1AF78C73},2010-03-31 10:13:32,WBM5944,PC-0134,Connect
device,{00000001F233-19CAB1CE},2010-03-31 10:28:32,WBM5944,PC-0134,Disconnect
device,{00000001F320-31EB84DE},2010-04-01 04:13:29,WBM5944,PC-0134,Connect
device,{00000001F3E9-200A9635},2010-04-01 05:23:29,WBM5944,PC-0134,Disconnect
device,{00000001F0AA-0EAFF7E5},2010-04-01 07:08:55,WBM5944,PC-0134,Connect
device,{00000001F234-0974E411},2010-04-01 08:06:55,WBM5944,PC-0134,Disconnect
device,{00000001F0AB-09D1C75B},2010-04-01 12:30:29,WBM5944,PC-0134,Connect
device,{00000001F235-0DDB470C},2010-04-01 13:45:29,WBM5944,PC-0134,Disconnect
device,{00000001F31F-3D846562},2010-04-01 22:03:33,WBM5944,PC-0134,Connect
device,{00000001F3E8-2AC6DED6},2010-04-01 22:45:33,WBM5944,PC-0134,Disconnect
device,{00000001F0AC-3D3737CE},2010-04-02 13:35:42,WBM5944,PC-0134,Connect
device,{00000001F236-33669FD4},2010-04-02 14:18:42,WBM5944,PC-0134,Disconnect
device,{00000001F0AE-2D5C11FE},2010-04-05 07:17:46,WBM5944,PC-0134,Connect
device,{00000001F238-0021B60E},2010-04-05 07:28:46,WBM5944,PC-0134,Disconnect
device,{00000001F0AF-3628C1C5},2010-04-05 10:33:45,WBM5944,PC-0134,Connect
device,{00000001F239-252FFB24},2010-04-05 10:47:45,WBM5944,PC-0134,Disconnect
device,{00000001F0AD-104A3C50},2010-04-05 11:36:55,WBM5944,PC-0134,Connect
device,{00000001F237-2B4EF0D1},2010-04-05 12:17:55,WBM5944,PC-0134,Disconnect
device,{00000001F0B0-18CDAC2C},2010-04-05 13:27:23,WBM5944,PC-0134,Connect
device,{00000001F23A-339A1CF4},2010-04-05 13:47:23,WBM5944,PC-0134,Disconnect
device,{00000001F322-22FC714C},2010-04-05 22:39:46,WBM5944,PC-0134,Connect
device,{00000001F321-373E6953},2010-04-05 23:29:47,WBM5944,PC-0134,Connect
device,{00000001F3EB-238D23D3},2010-04-05 23:51:46,WBM5944,PC-0134,Disconnect
device,{00000001F3EA-054E06F3},2010-04-06 00:41:47,WBM5944,PC-0134,Disconnect
device,{00000001F0B1-07E00A97},2010-04-06 07:18:38,WBM5944,PC-0134,Connect
device,{00000001F23B-0E4E3BEF},2010-04-06 08:02:38,WBM5944,PC-0134,Disconnect
device,{00000001F0B3-3AE8C9F8},2010-04-06 08:04:12,WBM5944,PC-0134,Connect
device,{00000001F23D-18F890F9},2010-04-06 09:14:12,WBM5944,PC-0134,Disconnect
device,{00000001F0B6-10C977C0},2010-04-06 11:51:36,WBM5944,PC-0134,Connect
device,{00000001F0B2-13BA3ECE},2010-04-06 12:14:02,WBM5944,PC-0134,Connect
device,{00000001F240-13A05843},2010-04-06 13:08:36,WBM5944,PC-0134,Disconnect
device,{00000001F23C-1EF1B5CD},2010-04-06 13:23:02,WBM5944,PC-0134,Disconnect
device,{00000001F0B4-30DB8929},2010-04-06 13:33:33,WBM5944,PC-0134,Connect
device,{00000001F23E-2B1E94AC},2010-04-06 13:44:33,WBM5944,PC-0134,Disconnect
device,{00000001F0B5-2325B606},2010-04-06 16:38:51,WBM5944,PC-0134,Connect
device,{00000001F23F-28FC3586},2010-04-06 17:46:51,WBM5944,PC-0134,Disconnect
device,{00000001F323-27FBA180},2010-04-06 21:36:42,WBM5944,PC-0134,Connect
device,{00000001F3EC-124786C0},2010-04-06 22:21:42,WBM5944,PC-0134,Disconnect
device,{00000001F0BC-0A1442E7},2010-04-07 09:23:52,WBM5944,PC-0134,Connect
device,{00000001F246-36B122CF},2010-04-07 09:56:52,WBM5944,PC-0134,Disconnect
device,{00000001F0BB-36B1DC3E},2010-04-07 11:02:29,WBM5944,PC-0134,Connect
device,{00000001F245-1B8D409E},2010-04-07 11:40:29,WBM5944,PC-0134,Disconnect
device,{00000001F0B7-30407875},2010-04-07 12:30:54,WBM5944,PC-0134,Connect
device,{00000001F0B8-288D4C30},2010-04-07 12:39:31,WBM5944,PC-0134,Connect
device,{00000001F241-20762C57},2010-04-07 13:16:54,WBM5944,PC-0134,Disconnect
device,{00000001F242-31D21FF8},2010-04-07 13:54:31,WBM5944,PC-0134,Disconnect
device,{00000001F0B9-041C7447},2010-04-07 17:16:54,WBM5944,PC-0134,Connect
device,{00000001F0BA-33C1C18C},2010-04-07 17:51:21,WBM5944,PC-0134,Connect
device,{00000001F243-30565F16},2010-04-07 18:18:54,WBM5944,PC-0134,Disconnect
device,{00000001F324-093C0F55},2010-04-07 18:28:18,WBM5944,PC-0134,Connect
device,{00000001F325-157AD21D},2010-04-07 18:28:27,WBM5944,PC-0134,Connect
device,{00000001F3ED-1EB58FF4},2010-04-07 18:52:18,WBM5944,PC-0134,Disconnect
device,{00000001F3EE-2E7523B3},2010-04-07 18:52:27,WBM5944,PC-0134,Disconnect
device,{00000001F244-3A850E38},2010-04-07 19:01:21,WBM5944,PC-0134,Disconnect
device,{00000001F326-3C1C2979},2010-04-07 21:07:58,WBM5944,PC-0134,Connect
device,{00000001F3EF-2984C84C},2010-04-07 21:50:58,WBM5944,PC-0134,Disconnect
device,{00000001F32B-1028F9BE},2010-04-08 00:45:13,WBM5944,PC-0134,Connect
device,{00000001F3F4-11BD1C86},2010-04-08 02:14:13,WBM5944,PC-0134,Disconnect
device,{00000001F0BE-26D0E696},2010-04-08 08:29:16,WBM5944,PC-0134,Connect
device,{00000001F0C0-289C3FFD},2010-04-08 09:11:58,WBM5944,PC-0134,Connect
device,{00000001F248-180578C1},2010-04-08 09:28:16,WBM5944,PC-0134,Disconnect
device,{00000001F24A-3F430792},2010-04-08 10:09:58,WBM5944,PC-0134,Disconnect
device,{00000001F0BD-0708076E},2010-04-08 12:10:40,WBM5944,PC-0134,Connect
device,{00000001F247-21962448},2010-04-08 12:16:40,WBM5944,PC-0134,Disconnect
device,{00000001F0C1-0D540E0F},2010-04-08 13:50:57,WBM5944,PC-0134,Connect
device,{00000001F24B-13B602D8},2010-04-08 15:03:57,WBM5944,PC-0134,Disconnect
device,{00000001F0C2-3940F032},2010-04-08 16:50:56,WBM5944,PC-0134,Connect
device,{00000001F0BF-34F3856E},2010-04-08 17:13:27,WBM5944,PC-0134,Connect
device,{00000001F24C-100F702A},2010-04-08 17:23:56,WBM5944,PC-0134,Disconnect
device,{00000001F249-135E9F5E},2010-04-08 17:30:27,WBM5944,PC-0134,Disconnect
device,{00000001F327-39B37542},2010-04-08 18:24:57,WBM5944,PC-0134,Connect
device,{00000001F3F0-205E7C5E},2010-04-08 19:50:57,WBM5944,PC-0134,Disconnect
device,{00000001F32D-1ED65FBD},2010-04-08 19:58:26,WBM5944,PC-0134,Connect
device,{00000001F32C-32201B9C},2010-04-08 20:23:59,WBM5944,PC-0134,Connect
device,{00000001F32A-13EFBA43},2010-04-08 20:54:47,WBM5944,PC-0134,Connect
device,{00000001F3F5-355D82FF},2010-04-08 20:59:59,WBM5944,PC-0134,Disconnect
device,{00000001F3F6-1ECDBF29},2010-04-08 21:15:26,WBM5944,PC-0134,Disconnect
device,{00000001F3F3-03556D13},2010-04-08 22:07:47,WBM5944,PC-0134,Disconnect
device,{00000001F328-138106A3},2010-04-08 23:33:25,WBM5944,PC-0134,Connect
device,{00000001F329-28F50E82},2010-04-08 23:48:03,WBM5944,PC-0134,Connect
device,{00000001F3F1-3E9FD8C8},2010-04-09 00:02:25,WBM5944,PC-0134,Disconnect
device,{00000001F3F2-1393BE2D},2010-04-09 00:07:03,WBM5944,PC-0134,Disconnect
device,{00000001F0C5-19B9AFF4},2010-04-09 13:28:15,WBM5944,PC-0134,Connect
device,{00000001F0C4-164AD465},2010-04-09 13:40:09,WBM5944,PC-0134,Connect
device,{00000001F24F-06F54F71},2010-04-09 14:03:15,WBM5944,PC-0134,Disconnect
device,{00000001F24E-2EB7885C},2010-04-09 15:04:09,WBM5944,PC-0134,Disconnect
device,{00000001F0C3-3AB94EE0},2010-04-09 16:36:13,WBM5944,PC-0134,Connect
device,{00000001F24D-294C9FA9},2010-04-09 16:52:13,WBM5944,PC-0134,Disconnect
device,{00000001F0C6-362D1E24},2010-04-09 17:06:42,WBM5944,PC-0134,Connect
device,{00000001F250-3E0A74B9},2010-04-09 17:54:42,WBM5944,PC-0134,Disconnect
device,{00000001F32E-1D00BE86},2010-04-09 22:46:48,WBM5944,PC-0134,Connect
device,{00000001F3F7-15276240},2010-04-09 23:46:48,WBM5944,PC-0134,Disconnect
device,{00000001F0CA-24071FDE},2010-04-12 08:59:29,WBM5944,PC-0134,Connect
device,{00000001F254-023F07FA},2010-04-12 10:28:29,WBM5944,PC-0134,Disconnect
device,{00000001F0C7-3BBE0E6D},2010-04-12 16:45:14,WBM5944,PC-0134,Connect
device,{00000001F0C9-1155001F},2010-04-12 17:06:32,WBM5944,PC-0134,Connect
device,{00000001F253-09CA5974},2010-04-12 17:21:32,WBM5944,PC-0134,Disconnect
device,{00000001F0C8-1371E708},2010-04-12 17:23:37,WBM5944,PC-0134,Connect
device,{00000001F252-02D50B11},2010-04-12 17:26:37,WBM5944,PC-0134,Disconnect
device,{00000001F251-35F5A48D},2010-04-12 17:43:14,WBM5944,PC-0134,Disconnect
device,{00000001F0CB-00BD9A40},2010-04-12 17:57:35,WBM5944,PC-0134,Connect
device,{00000001F255-2DA9C62E},2010-04-12 19:01:35,WBM5944,PC-0134,Disconnect
device,{00000001F330-0B69C58B},2010-04-12 19:21:40,WBM5944,PC-0134,Connect
device,{00000001F3F9-08539DEB},2010-04-12 20:33:40,WBM5944,PC-0134,Disconnect
device,{00000001F331-3507F627},2010-04-12 22:12:17,WBM5944,PC-0134,Connect
device,{00000001F3FA-10583D26},2010-04-12 22:21:17,WBM5944,PC-0134,Disconnect
device,{00000001F32F-30EF06E5},2010-04-12 23:04:16,WBM5944,PC-0134,Connect
device,{00000001F3F8-35657C08},2010-04-12 23:49:16,WBM5944,PC-0134,Disconnect
device,{00000001F335-0ED02E40},2010-04-13 01:47:47,WBM5944,PC-0134,Connect
device,{00000001F3FE-12FAB08F},2010-04-13 02:15:47,WBM5944,PC-0134,Disconnect
device,{00000001F0CF-0B0C900D},2010-04-13 08:03:35,WBM5944,PC-0134,Connect
device,{00000001F259-34843C77},2010-04-13 08:43:35,WBM5944,PC-0134,Disconnect
device,{00000001F0CE-2C38D0DC},2010-04-13 09:29:46,WBM5944,PC-0134,Connect
device,{00000001F0D0-181B3D36},2010-04-13 09:45:45,WBM5944,PC-0134,Connect
device,{00000001F258-129E8441},2010-04-13 09:58:46,WBM5944,PC-0134,Disconnect
device,{00000001F25A-171E6D9C},2010-04-13 10:57:45,WBM5944,PC-0134,Disconnect
device,{00000001F0CD-139BB7B8},2010-04-13 15:20:43,WBM5944,PC-0134,Connect
device,{00000001F257-1B354637},2010-04-13 16:10:43,WBM5944,PC-0134,Disconnect
device,{00000001F0CC-0B97FC68},2010-04-13 16:20:06,WBM5944,PC-0134,Connect
device,{00000001F256-00B10F5F},2010-04-13 16:47:06,WBM5944,PC-0134,Disconnect
device,{00000001F333-188CF9CE},2010-04-13 18:06:57,WBM5944,PC-0134,Connect
device,{00000001F3FC-3A95193F},2010-04-13 19:31:57,WBM5944,PC-0134,Disconnect
device,{00000001F334-38822A07},2010-04-13 19:44:07,WBM5944,PC-0134,Connect
device,{00000001F3FD-126F7764},2010-04-13 19:51:07,WBM5944,PC-0134,Disconnect
device,{00000001F332-156831FD},2010-04-13 20:31:13,WBM5944,PC-0134,Connect
device,{00000001F3FB-0CA74349},2010-04-13 20:58:13,WBM5944,PC-0134,Disconnect
device,{00000001F33A-020ABF0D},2010-04-14 01:10:48,WBM5944,PC-0134,Connect
device,{00000001F403-279F8713},2010-04-14 01:29:48,WBM5944,PC-0134,Disconnect
device,{00000001F339-01E3833E},2010-04-14 02:59:42,WBM5944,PC-0134,Connect
device,{00000001F402-235B39EE},2010-04-14 04:11:42,WBM5944,PC-0134,Disconnect
device,{00000001F0D2-1F407333},2010-04-14 09:16:27,WBM5944,PC-0134,Connect
device,{00000001F25C-0454EE14},2010-04-14 09:33:27,WBM5944,PC-0134,Disconnect
device,{00000001F0D3-3AE05BED},2010-04-14 10:19:41,WBM5944,PC-0134,Connect
device,{00000001F25D-1E5A35A1},2010-04-14 11:15:41,WBM5944,PC-0134,Disconnect
device,{00000001F0D4-21105CDD},2010-04-14 14:50:48,WBM5944,PC-0134,Connect
device,{00000001F25E-2407DC39},2010-04-14 14:52:48,WBM5944,PC-0134,Disconnect
device,{00000001F0D1-0F1A6D8F},2010-04-14 14:57:07,WBM5944,PC-0134,Connect
device,{00000001F25B-043844C9},2010-04-14 15:34:07,WBM5944,PC-0134,Disconnect
device,{00000001F338-30C12CD1},2010-04-14 19:37:29,WBM5944,PC-0134,Connect
device,{00000001F401-35021CB4},2010-04-14 21:02:29,WBM5944,PC-0134,Disconnect
device,{00000001F336-172EF8D0},2010-04-14 21:34:33,WBM5944,PC-0134,Connect
device,{00000001F337-2FA86021},2010-04-14 21:50:18,WBM5944,PC-0134,Connect
device,{00000001F3FF-0A81E5A7},2010-04-14 22:40:33,WBM5944,PC-0134,Disconnect
device,{00000001F400-39BF938A},2010-04-14 23:07:18,WBM5944,PC-0134,Disconnect
device,{00000001F0D8-3759ECD2},2010-04-15 10:00:41,WBM5944,PC-0134,Connect
device,{00000001F0D5-163FB367},2010-04-15 10:37:31,WBM5944,PC-0134,Connect
device,{00000001F25F-277AE931},2010-04-15 10:51:31,WBM5944,PC-0134,Disconnect
device,{00000001F262-0505A5C7},2010-04-15 10:56:41,WBM5944,PC-0134,Disconnect
device,{00000001F0D7-1159F7E4},2010-04-15 11:25:27,WBM5944,PC-0134,Connect
device,{00000001F0D6-1375505F},2010-04-15 11:26:56,WBM5944,PC-0134,Connect
device,{00000001F261-04759B6D},2010-04-15 11:47:27,WBM5944,PC-0134,Disconnect
device,{00000001F260-2F7295BF},2010-04-15 12:28:56,WBM5944,PC-0134,Disconnect
device,{00000001F0DA-360BADA9},2010-04-16 07:21:04,WBM5944,PC-0134,Connect
device,{00000001F264-3E9BB523},2010-04-16 07:48:04,WBM5944,PC-0134,Disconnect
device,{00000001F0D9-05A3CBF5},2010-04-16 10:13:34,WBM5944,PC-0134,Connect
device,{00000001F263-07F07E99},2010-04-16 11:35:34,WBM5944,PC-0134,Disconnect
device,{00000001F33B-1C3AC3BC},2010-04-16 20:36:14,WBM5944,PC-0134,Connect
device,{00000001F404-3738FD33},2010-04-16 21:41:14,WBM5944,PC-0134,Disconnect
device,{00000001F33C-00DAF6E7},2010-04-16 22:40:44,WBM5944,PC-0134,Connect
device,{00000001F405-0C0248A4},2010-04-16 22:47:44,WBM5944,PC-0134,Disconnect
device,{00000001F0DF-2D15994F},2010-04-19 07:20:23,WBM5944,PC-0134,Connect
device,{00000001F0DB-3C4DD092},2010-04-19 07:29:02,WBM5944,PC-0134,Connect
device,{00000001F269-14C251AA},2010-04-19 08:22:23,WBM5944,PC-0134,Disconnect
device,{00000001F265-32B33DA6},2010-04-19 08:39:02,WBM5944,PC-0134,Disconnect
device,{00000001F0DD-398AC741},2010-04-19 09:36:28,WBM5944,PC-0134,Connect
device,{00000001F267-232A0BB6},2010-04-19 10:23:28,WBM5944,PC-0134,Disconnect
device,{00000001F0DC-2B26C977},2010-04-19 14:37:38,WBM5944,PC-0134,Connect
device,{00000001F0DE-1728EB0D},2010-04-19 14:53:49,WBM5944,PC-0134,Connect
device,{00000001F268-258F5411},2010-04-19 15:21:49,WBM5944,PC-0134,Disconnect
device,{00000001F266-0EFA5853},2010-04-19 15:26:38,WBM5944,PC-0134,Disconnect
device,{00000001F33E-306B869A},2010-04-19 19:55:19,WBM5944,PC-0134,Connect
device,{00000001F407-3DD177D4},2010-04-19 20:42:19,WBM5944,PC-0134,Disconnect
device,{00000001F33D-2D69598D},2010-04-19 23:55:43,WBM5944,PC-0134,Connect
device,{00000001F406-13769562},2010-04-20 01:04:43,WBM5944,PC-0134,Disconnect
device,{00000001F0E1-29F18831},2010-04-20 08:24:15,WBM5944,PC-0134,Connect
device,{00000001F0E0-2DAE6ECD},2010-04-20 09:00:41,WBM5944,PC-0134,Connect
device,{00000001F26A-1E9E4062},2010-04-20 09:04:41,WBM5944,PC-0134,Disconnect
device,{00000001F26B-3E4EB951},2010-04-20 09:43:15,WBM5944,PC-0134,Disconnect
device,{00000001F0E3-0FDA10F2},2010-04-20 11:55:03,WBM5944,PC-0134,Connect
device,{00000001F26D-0E65DE60},2010-04-20 13:04:03,WBM5944,PC-0134,Disconnect
device,{00000001F0E2-2F60C0B8},2010-04-20 15:23:08,WBM5944,PC-0134,Connect
device,{00000001F26C-25DB19C7},2010-04-20 16:07:08,WBM5944,PC-0134,Disconnect
device,{00000001F33F-22B8AE6A},2010-04-20 18:33:42,WBM5944,PC-0134,Connect
device,{00000001F408-0202AD9C},2010-04-20 19:58:42,WBM5944,PC-0134,Disconnect
device,{00000001F0E6-36402E5C},2010-04-21 10:35:58,WBM5944,PC-0134,Connect
device,{00000001F270-149FF10A},2010-04-21 11:12:58,WBM5944,PC-0134,Disconnect
device,{00000001F0E7-0B9EADB7},2010-04-21 14:20:36,WBM5944,PC-0134,Connect
device,{00000001F271-38B74C2B},2010-04-21 14:30:36,WBM5944,PC-0134,Disconnect
device,{00000001F0E5-021547FF},2010-04-21 14:40:30,WBM5944,PC-0134,Connect
device,{00000001F26F-2ED75E38},2010-04-21 15:42:30,WBM5944,PC-0134,Disconnect
device,{00000001F0E4-195EC00A},2010-04-21 16:14:52,WBM5944,PC-0134,Connect
device,{00000001F26E-121982D3},2010-04-21 16:35:52,WBM5944,PC-0134,Disconnect
device,{00000001F340-26D03749},2010-04-21 19:44:53,WBM5944,PC-0134,Connect
device,{00000001F409-330F8DEB},2010-04-21 19:59:53,WBM5944,PC-0134,Disconnect
device,{00000001F343-30886C96},2010-04-22 00:33:33,WBM5944,PC-0134,Connect
device,{00000001F40C-26818AF1},2010-04-22 01:56:33,WBM5944,PC-0134,Disconnect
device,{00000001F341-20C6F204},2010-04-22 06:10:45,WBM5944,PC-0134,Connect
device,{00000001F40A-28EC2D19},2010-04-22 06:57:45,WBM5944,PC-0134,Disconnect
device,{00000001F0EB-1B09CEDD},2010-04-22 08:19:09,WBM5944,PC-0134,Connect
device,{00000001F275-153FF45C},2010-04-22 09:12:09,WBM5944,PC-0134,Disconnect
device,{00000001F0E9-07ADBD33},2010-04-22 10:23:18,WBM5944,PC-0134,Connect
device,{00000001F273-0675F738},2010-04-22 11:51:18,WBM5944,PC-0134,Disconnect
device,{00000001F0E8-0042E621},2010-04-22 12:30:50,WBM5944,PC-0134,Connect
device,{00000001F272-000C82FE},2010-04-22 13:44:50,WBM5944,PC-0134,Disconnect
device,{00000001F0EA-0826AF5F},2010-04-22 13:53:36,WBM5944,PC-0134,Connect
device,{00000001F274-34067D23},2010-04-22 14:31:36,WBM5944,PC-0134,Disconnect
device,{00000001F342-386E4FD9},2010-04-22 23:01:21,WBM5944,PC-0134,Connect
device,{00000001F40B-25EC49AD},2010-04-23 00:25:21,WBM5944,PC-0134,Disconnect
device,{00000001F345-144B71CE},2010-04-23 05:36:02,WBM5944,PC-0134,Connect
device,{00000001F40E-2DA59D2D},2010-04-23 06:02:02,WBM5944,PC-0134,Disconnect
device,{00000001F344-2AACF726},2010-04-23 06:45:55,WBM5944,PC-0134,Connect
device,{00000001F40D-339A1220},2010-04-23 07:05:55,WBM5944,PC-0134,Disconnect
device,{00000001F0EE-19BE71D6},2010-04-23 11:22:43,WBM5944,PC-0134,Connect
device,{00000001F0F1-25CBF16F},2010-04-23 11:31:20,WBM5944,PC-0134,Connect
device,{00000001F0ED-2942960D},2010-04-23 11:47:24,WBM5944,PC-0134,Connect
device,{00000001F27B-1FA102BF},2010-04-23 11:53:20,WBM5944,PC-0134,Disconnect
device,{00000001F277-06897F22},2010-04-23 11:57:24,WBM5944,PC-0134,Disconnect
device,{00000001F278-11166FAA},2010-04-23 12:14:43,WBM5944,PC-0134,Disconnect
device,{00000001F0EC-19B96136},2010-04-23 15:03:13,WBM5944,PC-0134,Connect
device,{00000001F276-246E0F97},2010-04-23 16:15:13,WBM5944,PC-0134,Disconnect
device,{00000001F0F0-2570CEF9},2010-04-23 16:24:34,WBM5944,PC-0134,Connect
device,{00000001F27A-35C7151A},2010-04-23 17:23:34,WBM5944,PC-0134,Disconnect
device,{00000001F0EF-1DAD3AD7},2010-04-23 17:30:32,WBM5944,PC-0134,Connect
device,{00000001F279-19986ED3},2010-04-23 18:55:32,WBM5944,PC-0134,Disconnect
device,{00000001F0F3-09839B95},2010-04-26 09:10:15,WBM5944,PC-0134,Connect
device,{00000001F27D-31E30EEE},2010-04-26 10:01:15,WBM5944,PC-0134,Disconnect
device,{00000001F0F2-3BFB0F35},2010-04-26 16:13:02,WBM5944,PC-0134,Connect
device,{00000001F27C-2D2B8353},2010-04-26 16:48:02,WBM5944,PC-0134,Disconnect
device,{00000001F346-075B0371},2010-04-26 23:12:47,WBM5944,PC-0134,Connect
device,{00000001F40F-29D8874C},2010-04-27 00:41:47,WBM5944,PC-0134,Disconnect
file,{00000002D0D8-10B98D8C},2010-03-24 07:05:09,WBM5944,PC-0134,DE5D1F.doc,D0-CF-11-E0
file,{00000002D0DA-09A9A17D},2010-03-24 07:23:52,WBM5944,PC-0134,D23D5C.zip,D0-CF-11-E0
file,{00000002D0D1-3FE772DA},2010-03-24 09:47:53,WBM5944,PC-0134,33E32C.doc,D0-CF-11-E0
file,{00000002D0D5-06AF5FCF},2010-03-24 11:31:35,WBM5944,PC-0134,12976A.zip,D0-CF-11-E0
file,{00000002D0D3-27A808D5},2010-03-24 13:26:32,WBM5944,PC-0134,7DFF13.pdf,D0-CF-11-E0
file,{00000002D0D7-21ED488C},2010-03-24 13:42:14,WBM5944,PC-0134,6ECF3E.pdf,D0-CF-11-E0
file,{00000002D0DB-174824E7},2010-03-24 13:42:56,WBM5944,PC-0134,18A8D3.pdf,D0-CF-11-E0
file,{00000002D0D4-2AA2EFB9},2010-03-24 15:02:30,WBM5944,PC-0134,DA467E.doc,D0-CF-11-E0
file,{00000002D0D0-01BFEA76},2010-03-24 16:40:38,WBM5944,PC-0134,C7635B.doc,D0-CF-11-E0
file,{00000002D0D9-12B76326},2010-03-24 16:43:31,WBM5944,PC-0134,6BC1A8.zip,D0-CF-11-E0
file,{00000002D0D2-08528E80},2010-03-24 16:51:33,WBM5944,PC-0134,AF20F6.doc,D0-CF-11-E0
file,{00000002D0D6-116B92EC},2010-03-24 17:36:59,WBM5944,PC-0134,C4ACBE.pdf,D0-CF-11-E0
file,{00000002D0DC-1B6E2A50},2010-03-25 07:09:11,WBM5944,PC-0134,10459E.doc,D0-CF-11-E0
file,{00000002D0E7-1DFD394B},2010-03-25 07:59:54,WBM5944,PC-0134,9469D4.zip,D0-CF-11-E0
file,{00000002D0EF-269B2AFD},2010-03-25 08:58:42,WBM5944,PC-0134,A2DF5D.zip,D0-CF-11-E0
file,{00000002D0EE-1834C085},2010-03-25 09:00:07,WBM5944,PC-0134,FE465C.pdf,D0-CF-11-E0
file,{00000002D0ED-1CE6DE6F},2010-03-25 09:12:13,WBM5944,PC-0134,3FF23F.doc,D0-CF-11-E0
file,{00000002D0EC-3903F63D},2010-03-25 09:41:41,WBM5944,PC-0134,67C80E.zip,D0-CF-11-E0
file,{00000002D0F1-291BE2EF},2010-03-25 09:42:53,WBM5944,PC-0134,97798F.doc,D0-CF-11-E0
file,{00000002D0E1-07AD76C2},2010-03-25 10:00:00,WBM5944,PC-0134,79E7FE.pdf,D0-CF-11-E0
file,{00000002D0E6-061A363F},2010-03-25 10:15:02,WBM5944,PC-0134,7398B7.doc,D0-CF-11-E0
file,{00000002D0EA-2349C564},2010-03-25 10:18:58,WBM5944,PC-0134,C98B60.doc,D0-CF-11-E0
file,{00000002D0F2-1481D022},2010-03-25 10:30:44,WBM5944,PC-0134,4FF72D.zip,D0-CF-11-E0
file,{00000002D0F3-03B87F10},2010-03-25 10:48:13,WBM5944,PC-0134,5102F2.doc,D0-CF-11-E0
file,{00000002D0E0-1B3D24B7},2010-03-25 11:10:32,WBM5944,PC-0134,DEAAA8.pdf,D0-CF-11-E0
file,{00000002D0DE-08528C99},2010-03-25 11:22:41,WBM5944,PC-0134,6AF55C.doc,D0-CF-11-E0
file,{00000002D0F4-34E9D155},2010-03-25 12:25:39,WBM5944,PC-0134,7B2544.jpg,D0-CF-11-E0
file,{00000002D0E3-05EB8C02},2010-03-25 12:54:09,WBM5944,PC-0134,91C53A.pdf,D0-CF-11-E0
file,{00000002D0E2-387AE893},2010-03-25 15:01:14,WBM5944,PC-0134,EE5CF8.pdf,D0-CF-11-E0
file,{00000002D0E9-0B90E70E},2010-03-25 15:35:24,WBM5944,PC-0134,8FFDCA.zip,D0-CF-11-E0
file,{00000002D0EB-0C47E2E5},2010-03-25 16:05:57,WBM5944,PC-0134,F853AC.doc,D0-CF-11-E0
file,{00000002D0F0-2317FC2B},2010-03-25 16:08:23,WBM5944,PC-0134,D1786B.zip,D0-CF-11-E0
file,{00000002D0E5-0546F4D1},2010-03-25 16:09:13,WBM5944,PC-0134,BC0503.doc,D0-CF-11-E0
file,{00000002D0E8-240C099A},2010-03-25 16:28:38,WBM5944,PC-0134,8C0557.pdf,D0-CF-11-E0
file,{00000002D0E4-0C155A9B},2010-03-25 16:42:34,WBM5944,PC-0134,799BEE.pdf,D0-CF-11-E0
file,{00000002D0F5-21847B46},2010-03-25 17:12:42,WBM5944,PC-0134,6B9D3D.doc,D0-CF-11-E0
file,{00000002D0DD-1EC5CAEC},2010-03-25 17:21:20,WBM5944,PC-0134,11A30F.pdf,D0-CF-11-E0
file,{00000002D0DF-0A82C77A},2010-03-25 17:26:33,WBM5944,PC-0134,A4FA52.doc,D0-CF-11-E0
file,{00000002D0F7-304DC076},2010-03-26 09:54:06,WBM5944,PC-0134,71D968.doc,D0-CF-11-E0
file,{00000002D0FA-31FAD7F5},2010-03-26 10:44:50,WBM5944,PC-0134,9D7172.zip,D0-CF-11-E0
file,{00000002D100-23003C04},2010-03-26 11:15:51,WBM5944,PC-0134,667F1D.jpg,D0-CF-11-E0
file,{00000002D0FC-28E6DFEA},2010-03-26 11:27:27,WBM5944,PC-0134,0C1EED.zip,D0-CF-11-E0
file,{00000002D0FD-25B34283},2010-03-26 11:36:06,WBM5944,PC-0134,E8A7C8.doc,D0-CF-11-E0
file,{00000002D104-062FA2E8},2010-03-26 12:20:16,WBM5944,PC-0134,6DDFA8.doc,D0-CF-11-E0
file,{00000002D101-28816EAE},2010-03-26 13:40:49,WBM5944,PC-0134,383E1C.zip,D0-CF-11-E0
file,{00000002D0FE-3A823E99},2010-03-26 14:15:23,WBM5944,PC-0134,0C4038.jpg,D0-CF-11-E0
file,{00000002D0FB-2CE66E90},2010-03-26 14:34:59,WBM5944,PC-0134,AA9352.zip,D0-CF-11-E0
file,{00000002D0F8-304CA215},2010-03-26 14:56:06,WBM5944,PC-0134,419E88.doc,D0-CF-11-E0
file,{00000002D0F6-1069C949},2010-03-26 15:07:08,WBM5944,PC-0134,36191A.pdf,D0-CF-11-E0
file,{00000002D103-2346D98B},2010-03-26 15:12:00,WBM5944,PC-0134,4A29C3.png,D0-CF-11-E0
file,{00000002D102-076E2ECA},2010-03-26 15:49:56,WBM5944,PC-0134,C1E145.pdf,D0-CF-11-E0
file,{00000002D0F9-1F7328A8},2010-03-26 16:20:25,WBM5944,PC-0134,12E294.pdf,D0-CF-11-E0
file,{00000002D105-3A7B36C4},2010-03-26 17:45:26,WBM5944,PC-0134,F44702.doc,D0-CF-11-E0
file,{00000002D0FF-3B41BCC7},2010-03-26 17:58:21,WBM5944,PC-0134,5E3C23.pdf,D0-CF-11-E0
file,{00000002D113-1C39CF8E},2010-03-29 07:16:25,WBM5944,PC-0134,806D8F.zip,D0-CF-11-E0
file,{00000002D115-30ED3875},2010-03-29 07:39:37,WBM5944,PC-0134,648D54.doc,D0-CF-11-E0
file,{00000002D114-29FF5EB1},2010-03-29 08:10:24,WBM5944,PC-0134,135962.txt,D0-CF-11-E0
file,{00000002D112-37CA96A1},2010-03-29 09:45:30,WBM5944,PC-0134,ABADB4.pdf,D0-CF-11-E0
file,{00000002D10B-37F8115D},2010-03-29 10:19:58,WBM5944,PC-0134,F75E8A.pdf,D0-CF-11-E0
file,{00000002D111-0B502712},2010-03-29 10:45:02,WBM5944,PC-0134,05C2E9.pdf,D0-CF-11-E0
file,{00000002D106-1806398F},2010-03-29 11:01:00,WBM5944,PC-0134,3F6B9F.doc,D0-CF-11-E0
file,{00000002D10C-220C49EA},2010-03-29 11:34:10,WBM5944,PC-0134,03C49A.doc,D0-CF-11-E0
file,{00000002D108-0421CD82},2010-03-29 11:43:06,WBM5944,PC-0134,8FF0F0.pdf,D0-CF-11-E0
file,{00000002D110-0DEFB026},2010-03-29 12:46:23,WBM5944,PC-0134,733B35.doc,D0-CF-11-E0
file,{00000002D10E-3E06A53E},2010-03-29 13:31:38,WBM5944,PC-0134,8564CD.doc,D0-CF-11-E0
file,{00000002D10A-10B67D80},2010-03-29 14:45:06,WBM5944,PC-0134,1EF1B6.png,D0-CF-11-E0
file,{00000002D107-0E771C5A},2010-03-29 14:54:33,WBM5944,PC-0134,5F0C5F.doc,D0-CF-11-E0
file,{00000002D109-3F38F24C},2010-03-29 15:33:58,WBM5944,PC-0134,91A9DC.pdf,D0-CF-11-E0
file,{00000002D10F-26E70011},2010-03-29 16:21:41,WBM5944,PC-0134,825AB3.pdf,D0-CF-11-E0
file,{00000002D10D-066AC821},2010-03-29 16:25:55,WBM5944,PC-0134,2D43A0.doc,D0-CF-11-E0
file,{00000002D11C-30163099},2010-03-30 07:12:57,WBM5944,PC-0134,8E311F.zip,D0-CF-11-E0
file,{00000002D120-29AC8F40},2010-03-30 08:55:24,WBM5944,PC-0134,3F0365.doc,D0-CF-11-E0
file,{00000002D11B-0DC40A59},2010-03-30 09:13:16,WBM5944,PC-0134,B856CC.pdf,D0-CF-11-E0
file,{00000002D117-10671E6E},2010-03-30 09:30:24,WBM5944,PC-0134,F40753.pdf,D0-CF-11-E0
file,{00000002D12C-355A7E5B},2010-03-30 09:43:54,WBM5944,PC-0134,E101C2.pdf,D0-CF-11-E0
file,{00000002D119-02AB3708},2010-03-30 09:54:14,WBM5944,PC-0134,44FA07.zip,D0-CF-11-E0
file,{00000002D121-3795A5C0},2010-03-30 10:04:01,WBM5944,PC-0134,2675ED.pdf,D0-CF-11-E0
file,{00000002D125-063DD4CF},2010-03-30 10:43:09,WBM5944,PC-0134,03106F.pdf,D0-CF-11-E0
file,{00000002D124-061B9BA2},2010-03-30 11:17:38,WBM5944,PC-0134,CBB282.pdf,D0-CF-11-E0
file,{00000002D12B-0ACF9E6C},2010-03-30 11:38:23,WBM5944,PC-0134,278E65.pdf,D0-CF-11-E0
file,{00000002D127-2CB3B46D},2010-03-30 12:06:02,WBM5944,PC-0134,862621.pdf,D0-CF-11-E0
file,{00000002D11F-1169DEFB},2010-03-30 12:53:03,WBM5944,PC-0134,9E1835.doc,D0-CF-11-E0
file,{00000002D129-1C8D2ECA},2010-03-30 13:19:32,WBM5944,PC-0134,EDFF81.doc,D0-CF-11-E0
file,{00000002D123-3699A3C0},2010-03-30 13:49:43,WBM5944,PC-0134,6091CC.pdf,D0-CF-11-E0
file,{00000002D128-24E25D7F},2010-03-30 14:01:05,WBM5944,PC-0134,837F17.pdf,D0-CF-11-E0
file,{00000002D126-09CE1F7C},2010-03-30 14:03:23,WBM5944,PC-0134,98E9B0.doc,D0-CF-11-E0
file,{00000002D11E-0B175491},2010-03-30 14:16:07,WBM5944,PC-0134,E4A3A4.zip,D0-CF-11-E0
file,{00000002D116-2FE2B2B4},2010-03-30 14:50:54,WBM5944,PC-0134,B96332.doc,D0-CF-11-E0
file,{00000002D118-03CD8755},2010-03-30 15:39:58,WBM5944,PC-0134,26757A.png,D0-CF-11-E0
file,{00000002D11A-24BCBB39},2010-03-30 15:42:35,WBM5944,PC-0134,CF3B67.pdf,D0-CF-11-E0
file,{00000002D11D-3145C8D2},2010-03-30 15:47:06,WBM5944,PC-0134,C86A3C.jpg,D0-CF-11-E0
file,{00000002D122-29BDBCF1},2010-03-30 16:10:15,WBM5944,PC-0134,BE91A7.doc,D0-CF-11-E0
file,{00000002D12D-18A84948},2010-03-30 16:37:44,WBM5944,PC-0134,52DB86.zip,D0-CF-11-E0
file,{00000002D12A-2780564B},2010-03-30 16:45:59,WBM5944,PC-0134,CC8237.doc,D0-CF-11-E0
file,{00000002D13B-246ABB9A},2010-03-31 07:16:35,WBM5944,PC-0134,A587A4.png,D0-CF-11-E0
file,{00000002D13F-0598E000},2010-03-31 07:50:14,WBM5944,PC-0134,70FEE9.doc,D0-CF-11-E0
file,{00000002D140-38AFF28A},2010-03-31 07:56:12,WBM5944,PC-0134,166D4B.pdf,D0-CF-11-E0
file,{00000002D132-2B243D0A},2010-03-31 08:09:11,WBM5944,PC-0134,6C7CFF.doc,D0-CF-11-E0
file,{00000002D141-25D3B3B2},2010-03-31 08:35:54,WBM5944,PC-0134,6F00FB.doc,D0-CF-11-E0
file,{00000002D146-00F52D3F},2010-03-31 09:01:02,WBM5944,PC-0134,56AD6A.zip,D0-CF-11-E0
file,{00000002D134-1027B4F6},2010-03-31 09:13:27,WBM5944,PC-0134,AD166C.pdf,D0-CF-11-E0
file,{00000002D13E-2F2B8C8A},2010-03-31 10:21:12,WBM5944,PC-0134,2F6789.pdf,D0-CF-11-E0
file,{00000002D131-0F909938},2010-03-31 10:34:47,WBM5944,PC-0134,D304CD.zip,D0-CF-11-E0
file,{00000002D12F-19435C99},2010-03-31 10:44:02,WBM5944,PC-0134,105C1B.doc,D0-CF-11-E0
file,{00000002D144-3BC10BA9},2010-03-31 12:00:48,WBM5944,PC-0134,03BE95.txt,D0-CF-11-E0
file,{00000002D130-0D25F761},2010-03-31 12:12:59,WBM5944,PC-0134,B28DC3.doc,D0-CF-11-E0
file,{00000002D133-14586F52},2010-03-31 12:28:14,WBM5944,PC-0134,51215A.pdf,D0-CF-11-E0
file,{00000002D13D-05EAF684},2010-03-31 12:30:45,WBM5944,PC-0134,F125DC.doc,D0-CF-11-E0
file,{00000002D139-125A1FF6},2010-03-31 12:50:15,WBM5944,PC-0134,A56B97.zip,D0-CF-11-E0
file,{00000002D12E-0E49FED9},2010-03-31 13:06:58,WBM5944,PC-0134,907DFB.zip,D0-CF-11-E0
file,{00000002D135-212093AF},2010-03-31 13:34:47,WBM5944,PC-0134,925406.zip,D0-CF-11-E0
file,{00000002D136-2EAD9C1C},2010-03-31 14:11:26,WBM5944,PC-0134,F0A3D0.doc,D0-CF-11-E0
file,{00000002D137-37433B67},2010-03-31 14:56:12,WBM5944,PC-0134,E580F8.zip,D0-CF-11-E0
file,{00000002D143-1F139B19},2010-03-31 15:15:24,WBM5944,PC-0134,230F4C.doc,D0-CF-11-E0
file,{00000002D145-03965196},2010-03-31 15:18:24,WBM5944,PC-0134,C63B76.zip,D0-CF-11-E0
file,{00000002D13C-368E2B00},2010-03-31 15:43:03,WBM5944,PC-0134,403EC8.doc,D0-CF-11-E0
file,{00000002D138-0AB6956B},2010-03-31 16:03:04,WBM5944,PC-0134,54A4DD.doc,D0-CF-11-E0
file,{00000002D13A-306E5D50},2010-03-31 17:03:50,WBM5944,PC-0134,B9EC4D.zip,D0-CF-11-E0
file,{00000002D142-14C0CAEA},2010-03-31 17:06:41,WBM5944,PC-0134,2B5E05.doc,D0-CF-11-E0
file,{00000002D14E-1EFF1438},2010-04-01 07:30:57,WBM5944,PC-0134,DA2AEF.zip,D0-CF-11-E0
file,{00000002D149-16354BF3},2010-04-01 07:43:21,WBM5944,PC-0134,481782.pdf,D0-CF-11-E0
file,{00000002D152-2980375E},2010-04-01 07:50:10,WBM5944,PC-0134,4064CD.zip,D0-CF-11-E0
file,{00000002D14D-35ACBC62},2010-04-01 08:18:12,WBM5944,PC-0134,F70120.doc,D0-CF-11-E0
file,{00000002D14B-0A361005},2010-04-01 08:40:58,WBM5944,PC-0134,C211C5.zip,D0-CF-11-E0
file,{00000002D154-1BCC0627},2010-04-01 09:13:02,WBM5944,PC-0134,7A5D01.doc,D0-CF-11-E0
file,{00000002D151-2CB149AE},2010-04-01 10:58:00,WBM5944,PC-0134,22B59F.zip,D0-CF-11-E0
file,{00000002D14C-22FF04C4},2010-04-01 11:05:22,WBM5944,PC-0134,9885F5.png,D0-CF-11-E0
file,{00000002D147-06987AA7},2010-04-01 13:32:14,WBM5944,PC-0134,883B34.zip,D0-CF-11-E0
file,{00000002D14A-0C3A6A5D},2010-04-01 13:56:35,WBM5944,PC-0134,9206FD.zip,D0-CF-11-E0
file,{00000002D155-1BD20905},2010-04-01 14:38:02,WBM5944,PC-0134,0897CE.doc,D0-CF-11-E0
file,{00000002D14F-2490C571},2010-04-01 15:31:08,WBM5944,PC-0134,2E283F.zip,D0-CF-11-E0
file,{00000002D156-2A1D1271},2010-04-01 15:33:36,WBM5944,PC-0134,31B83E.pdf,D0-CF-11-E0
file,{00000002D157-040B30A6},2010-04-01 15:33:45,WBM5944,PC-0134,D059FD.pdf,D0-CF-11-E0
file,{00000002D158-0BC7254A},2010-04-01 15:35:11,WBM5944,PC-0134,30EADC.pdf,D0-CF-11-E0
file,{00000002D150-1C0CB99E},2010-04-01 15:47:23,WBM5944,PC-0134,4F2E76.zip,D0-CF-11-E0
file,{00000002D148-060C888C},2010-04-01 16:46:39,WBM5944,PC-0134,761F00.pdf,D0-CF-11-E0
file,{00000002D153-14E64F00},2010-04-01 17:15:41,WBM5944,PC-0134,57E7E0.pdf,D0-CF-11-E0
file,{00000002D15A-17CCC708},2010-04-02 07:40:12,WBM5944,PC-0134,9B066D.zip,D0-CF-11-E0
file,{00000002D15E-13ED6249},2010-04-02 07:48:06,WBM5944,PC-0134,4ED03C.doc,D0-CF-11-E0
file,{00000002D159-11985B92},2010-04-02 08:01:07,WBM5944,PC-0134,040C4D.zip,D0-CF-11-E0
file,{00000002D165-171A6746},2010-04-02 08:22:49,WBM5944,PC-0134,F62529.doc,D0-CF-11-E0
file,{00000002D160-281490AE},2010-04-02 08:38:55,WBM5944,PC-0134,81655D.doc,D0-CF-11-E0
file,{00000002D163-1C791496},2010-04-02 08:45:18,WBM5944,PC-0134,CF195C.pdf,D0-CF-11-E0
file,{00000002D15B-38234E10},2010-04-02 09:18:07,WBM5944,PC-0134,7C7FC4.doc,D0-CF-11-E0
file,{00000002D162-39DAE16D},2010-04-02 09:19:34,WBM5944,PC-0134,058D5C.zip,D0-CF-11-E0
file,{00000002D167-25C68B24},2010-04-02 09:43:11,WBM5944,PC-0134,B3C85A.zip,D0-CF-11-E0
file,{00000002D164-3EC9C116},2010-04-02 11:05:06,WBM5944,PC-0134,2B8FBD.pdf,D0-CF-11-E0
file,{00000002D15F-2F28B255},2010-04-02 11:18:11,WBM5944,PC-0134,33151A.pdf,D0-CF-11-E0
file,{00000002D169-01DEF7E2},2010-04-02 11:55:39,WBM5944,PC-0134,A0FC9D.doc,D0-CF-11-E0
file,{00000002D15D-16B7C1C0},2010-04-02 12:44:49,WBM5944,PC-0134,A082D4.pdf,D0-CF-11-E0
file,{00000002D168-0F55E989},2010-04-02 13:50:54,WBM5944,PC-0134,E67F1E.doc,D0-CF-11-E0
file,{00000002D166-249AB520},2010-04-02 15:30:23,WBM5944,PC-0134,4D0A4F.pdf,D0-CF-11-E0
file,{00000002D161-1642B38E},2010-04-02 16:00:57,WBM5944,PC-0134,955565.doc,D0-CF-11-E0
file,{00000002D15C-1DD1C1B1},2010-04-02 17:47:01,WBM5944,PC-0134,A234AF.pdf,D0-CF-11-E0
file,{00000002D16C-238BECF9},2010-04-05 07:04:53,WBM5944,PC-0134,FCEC5B.zip,D0-CF-11-E0
file,{00000002D171-2F497F40},2010-04-05 07:05:31,WBM5944,PC-0134,AFDBD6.pdf,D0-CF-11-E0
file,{00000002D17B-3E5E01C2},2010-04-05 07:24:44,WBM5944,PC-0134,5E8620.pdf,D0-CF-11-E0
file,{00000002D16D-3E6C7B19},2010-04-05 07:52:37,WBM5944,PC-0134,9BD0F0.jpg,D0-CF-11-E0
file,{00000002D179-23138D54},2010-04-05 08:05:43,WBM5944,PC-0134,68A82A.zip,D0-CF-11-E0
file,{00000002D177-09311908},2010-04-05 08:30:31,WBM5944,PC-0134,FD1D74.zip,D0-CF-11-E0
file,{00000002D173-23E86D87},2010-04-05 08:52:54,WBM5944,PC-0134,D9BBD7.doc,D0-CF-11-E0
file,{00000002D16E-00FA041A},2010-04-05 09:12:15,WBM5944,PC-0134,018F0F.zip,D0-CF-11-E0
file,{00000002D174-144482C8},2010-04-05 11:06:19,WBM5944,PC-0134,AFE0B5.zip,D0-CF-11-E0
file,{00000002D170-1FC2CB89},2010-04-05 11:42:10,WBM5944,PC-0134,62A96B.doc,D0-CF-11-E0
file,{00000002D16B-3CF0059E},2010-04-05 12:13:06,WBM5944,PC-0134,99A429.pdf,D0-CF-11-E0
file,{00000002D176-3A7D34CA},2010-04-05 13:35:35,WBM5944,PC-0134,F2680C.pdf,D0-CF-11-E0
file,{00000002D172-30A60F1E},2010-04-05 13:50:47,WBM5944,PC-0134,9446B2.zip,D0-CF-11-E0
file,{00000002D16F-0DA8ABEB},2010-04-05 13:55:27,WBM5944,PC-0134,E2911A.zip,D0-CF-11-E0
file,{00000002D16A-0619C5D4},2010-04-05 13:57:31,WBM5944,PC-0134,5F4C38.pdf,D0-CF-11-E0
file,{00000002D17A-2E7071B9},2010-04-05 15:05:38,WBM5944,PC-0134,918A71.zip,D0-CF-11-E0
file,{00000002D17C-006A8C42},2010-04-05 15:54:39,WBM5944,PC-0134,3196F3.jpg,D0-CF-11-E0
file,{00000002D178-387B52AE},2010-04-05 16:35:39,WBM5944,PC-0134,C71D16.txt,D0-CF-11-E0
file,{00000002D17D-28B89D83},2010-04-05 17:18:27,WBM5944,PC-0134,A1C4D4.pdf,D0-CF-11-E0
file,{00000002D175-38A0B1B1},2010-04-05 17:33:49,WBM5944,PC-0134,EF2330.png,D0-CF-11-E0
file,{00000002D188-3020AA37},2010-04-06 07:56:18,WBM5944,PC-0134,0F25C8.pdf,D0-CF-11-E0
file,{00000002D18D-0851677B},2010-04-06 08:23:44,WBM5944,PC-0134,A094BC.pdf,D0-CF-11-E0
file,{00000002D18B-20F1A93A},2010-04-06 08:28:42,WBM5944,PC-0134,F6C4D7.doc,D0-CF-11-E0
file,{00000002D17F-39DA9684},2010-04-06 08:29:20,WBM5944,PC-0134,2929E8.doc,D0-CF-11-E0
file,{00000002D189-2D6B948F},2010-04-06 09:21:11,WBM5944,PC-0134,313715.doc,D0-CF-11-E0
file,{00000002D185-15A4A75A},2010-04-06 11:46:45,WBM5944,PC-0134,FD607E.doc,D0-CF-11-E0
file,{00000002D186-2FE41A93},2010-04-06 12:40:54,WBM5944,PC-0134,6F79AA.zip,D0-CF-11-E0
file,{00000002D17E-2A110DD4},2010-04-06 12:50:07,WBM5944,PC-0134,3FEF3B.pdf,D0-CF-11-E0
file,{00000002D181-2C276E0B},2010-04-06 14:12:41,WBM5944,PC-0134,993A78.pdf,D0-CF-11-E0
file,{00000002D187-3F541B22},2010-04-06 14:28:38,WBM5944,PC-0134,742FE0.doc,D0-CF-11-E0
file,{00000002D18A-2EE735C3},2010-04-06 14:56:17,WBM5944,PC-0134,A46BC5.pdf,D0-CF-11-E0
file,{00000002D18E-26783DEE},2010-04-06 15:04:43,WBM5944,PC-0134,4BFC3C.png,D0-CF-11-E0
file,{00000002D18F-2B7C269B},2010-04-06 15:33:08,WBM5944,PC-0134,903694.pdf,D0-CF-11-E0
file,{00000002D18C-11789410},2010-04-06 15:42:01,WBM5944,PC-0134,D807DA.zip,D0-CF-11-E0
file,{00000002D180-0FC0D707},2010-04-06 16:43:22,WBM5944,PC-0134,6779C6.doc,D0-CF-11-E0
file,{00000002D183-00994207},2010-04-06 16:48:12,WBM5944,PC-0134,BEEF25.png,D0-CF-11-E0
file,{00000002D182-1D64813A},2010-04-06 16:54:25,WBM5944,PC-0134,50BCA2.doc,D0-CF-11-E0
file,{00000002D184-3C0D7A75},2010-04-06 17:32:29,WBM5944,PC-0134,1839F3.zip,D0-CF-11-E0
file,{00000002D199-2E8EB099},2010-04-07 08:34:12,WBM5944,PC-0134,CE811E.jpg,D0-CF-11-E0
file,{00000002D195-29780C24},2010-04-07 08:35:32,WBM5944,PC-0134,95CBC1.zip,D0-CF-11-E0
file,{00000002D1A1-1F1F70C2},2010-04-07 09:10:25,WBM5944,PC-0134,E9A8FA.pdf,D0-CF-11-E0
file,{00000002D19C-0EAD1BD8},2010-04-07 09:41:16,WBM5944,PC-0134,849715.doc,D0-CF-11-E0
file,{00000002D19E-1FE8C146},2010-04-07 09:42:28,WBM5944,PC-0134,0272CB.doc,D0-CF-11-E0
file,{00000002D194-28EEC71C},2010-04-07 09:53:16,WBM5944,PC-0134,55AC62.zip,D0-CF-11-E0
file,{00000002D19B-2954BF78},2010-04-07 11:39:58,WBM5944,PC-0134,0C6525.zip,D0-CF-11-E0
file,{00000002D196-0E7134F4},2010-04-07 11:40:03,WBM5944,PC-0134,804EC0.zip,D0-CF-11-E0
file,{00000002D191-20FAA5DA},2010-04-07 12:45:10,WBM5944,PC-0134,E5C72A.zip,D0-CF-11-E0
file,{00000002D192-06E7E4AE},2010-04-07 13:18:27,WBM5944,PC-0134,AA7A59.pdf,D0-CF-11-E0
file,{00000002D19D-06141B2F},2010-04-07 13:38:41,WBM5944,PC-0134,DBEE31.zip,D0-CF-11-E0
file,{00000002D198-2469AF3E},2010-04-07 14:27:46,WBM5944,PC-0134,72019A.zip,D0-CF-11-E0
file,{00000002D190-17F917A5},2010-04-07 14:58:28,WBM5944,PC-0134,72B6EC.zip,D0-CF-11-E0
file,{00000002D197-22B5A37D},2010-04-07 15:17:33,WBM5944,PC-0134,FDD458.doc,D0-CF-11-E0
file,{00000002D19F-35374413},2010-04-07 15:34:01,WBM5944,PC-0134,D5A4AC.pdf,D0-CF-11-E0
file,{00000002D19A-20D7630D},2010-04-07 16:33:34,WBM5944,PC-0134,85BD60.pdf,D0-CF-11-E0
file,{00000002D193-0BB62502},2010-04-07 16:50:22,WBM5944,PC-0134,031954.txt,D0-CF-11-E0
file,{00000002D1A2-0D5771F3},2010-04-07 16:55:20,WBM5944,PC-0134,CFC3D7.zip,D0-CF-11-E0
file,{00000002D1A0-3B7BB709},2010-04-07 17:27:13,WBM5944,PC-0134,F74671.doc,D0-CF-11-E0
file,{00000002D1A3-0BDFAC86},2010-04-08 07:02:36,WBM5944,PC-0134,F1BEB4.doc,D0-CF-11-E0
file,{00000002D1A6-1970CF1B},2010-04-08 08:15:33,WBM5944,PC-0134,DE5DCA.zip,D0-CF-11-E0
file,{00000002D1AA-0DD5E9B0},2010-04-08 08:18:27,WBM5944,PC-0134,4E4EAD.zip,D0-CF-11-E0
file,{00000002D1A9-292BD987},2010-04-08 09:51:25,WBM5944,PC-0134,35ECB7.txt,D0-CF-11-E0
file,{00000002D1A5-2F0BB77E},2010-04-08 10:32:43,WBM5944,PC-0134,CE7396.doc,D0-CF-11-E0
file,{00000002D1AE-298B01FB},2010-04-08 11:21:24,WBM5944,PC-0134,F131C6.doc,D0-CF-11-E0
file,{00000002D1A7-0824C9A0},2010-04-08 11:57:27,WBM5944,PC-0134,BF124D.zip,D0-CF-11-E0
file,{00000002D1A8-307A3035},2010-04-08 12:31:10,WBM5944,PC-0134,7E03CB.doc,D0-CF-11-E0
file,{00000002D1AF-02CE54BA},2010-04-08 12:37:32,WBM5944,PC-0134,34C0E2.zip,D0-CF-11-E0
file,{00000002D1B4-1903B0B6},2010-04-08 12:54:23,WBM5944,PC-0134,C09601.zip,D0-CF-11-E0
file,{00000002D1AB-0F9CDA1D},2010-04-08 13:10:27,WBM5944,PC-0134,1D52D0.png,D0-CF-11-E0
file,{00000002D1B3-1A4A8AFE},2010-04-08 13:15:47,WBM5944,PC-0134,27500C.doc,D0-CF-11-E0
file,{00000002D1B2-18809317},2010-04-08 15:31:10,WBM5944,PC-0134,9622D2.zip,D0-CF-11-E0
file,{00000002D1B1-0E164E4B},2010-04-08 15:42:02,WBM5944,PC-0134,B2AB67.doc,D0-CF-11-E0
file,{00000002D1AC-3BD53CD2},2010-04-08 16:02:34,WBM5944,PC-0134,35714D.doc,D0-CF-11-E0
file,{00000002D1A4-3EA6D39F},2010-04-08 16:36:55,WBM5944,PC-0134,C492A8.doc,D0-CF-11-E0
file,{00000002D1B0-343BCA39},2010-04-08 16:47:16,WBM5944,PC-0134,2E10D0.doc,D0-CF-11-E0
file,{00000002D1AD-2C94518C},2010-04-08 16:50:26,WBM5944,PC-0134,1D4FF1.pdf,D0-CF-11-E0
file,{00000002D1B5-004B287E},2010-04-08 17:14:11,WBM5944,PC-0134,D13C7E.zip,D0-CF-11-E0
file,{00000002D1C5-025F3390},2010-04-09 07:59:15,WBM5944,PC-0134,7F5BDD.jpg,D0-CF-11-E0
file,{00000002D1BB-14F34F28},2010-04-09 08:14:15,WBM5944,PC-0134,8E4F65.zip,D0-CF-11-E0
file,{00000002D1BD-29F51015},2010-04-09 08:37:45,WBM5944,PC-0134,BB7756.doc,D0-CF-11-E0
file,{00000002D1B9-398E533E},2010-04-09 09:18:51,WBM5944,PC-0134,65E97C.pdf,D0-CF-11-E0
file,{00000002D1BE-0451DDAD},2010-04-09 10:28:48,WBM5944,PC-0134,0E0F06.txt,D0-CF-11-E0
file,{00000002D1C2-11038F7B},2010-04-09 10:58:35,WBM5944,PC-0134,365933.zip,D0-CF-11-E0
file,{00000002D1C3-12FF649A},2010-04-09 11:30:20,WBM5944,PC-0134,BE2ABF.pdf,D0-CF-11-E0
file,{00000002D1C0-3F4FD03D},2010-04-09 11:54:55,WBM5944,PC-0134,5FFD15.pdf,D0-CF-11-E0
file,{00000002D1BA-344A117E},2010-04-09 12:00:57,WBM5944,PC-0134,748488.zip,D0-CF-11-E0
file,{00000002D1BF-2AE4CAA7},2010-04-09 12:15:46,WBM5944,PC-0134,DED2E8.pdf,D0-CF-11-E0
file,{00000002D1B6-22D50561},2010-04-09 13:37:58,WBM5944,PC-0134,CEFE16.pdf,D0-CF-11-E0
file,{00000002D1C1-383036E4},2010-04-09 14:39:55,WBM5944,PC-0134,BB8245.doc,D0-CF-11-E0
file,{00000002D1BC-0CF7C9AE},2010-04-09 14:47:46,WBM5944,PC-0134,520B5E.zip,D0-CF-11-E0
file,{00000002D1B7-14894062},2010-04-09 14:48:32,WBM5944,PC-0134,34C244.doc,D0-CF-11-E0
file,{00000002D1C4-2468F4DF},2010-04-09 15:18:20,WBM5944,PC-0134,45AE1C.zip,D0-CF-11-E0
file,{00000002D1B8-10D3AEA9},2010-04-09 16:01:32,WBM5944,PC-0134,689D4C.doc,D0-CF-11-E0
file,{00000002D1C6-01E181C8},2010-04-09 17:51:47,WBM5944,PC-0134,214343.zip,D0-CF-11-E0
file,{00000002D1DC-0D444D5D},2010-04-12 07:07:15,WBM5944,PC-0134,D52AE9.doc,D0-CF-11-E0
file,{00000002D1DF-06698454},2010-04-12 08:37:26,WBM5944,PC-0134,1F438B.zip,D0-CF-11-E0
file,{00000002D1D4-1D50733A},2010-04-12 08:38:35,WBM5944,PC-0134,924819.pdf,D0-CF-11-E0
file,{00000002D1DA-1D3E6F52},2010-04-12 08:42:05,WBM5944,PC-0134,A35A23.doc,D0-CF-11-E0
file,{00000002D1E0-36643AF5},2010-04-12 09:05:37,WBM5944,PC-0134,4D59A3.zip,D0-CF-11-E0
file,{00000002D1CE-2EA20265},2010-04-12 09:10:02,WBM5944,PC-0134,0F22C9.doc,D0-CF-11-E0
file,{00000002D1CA-0994EF22},2010-04-12 10:19:51,WBM5944,PC-0134,910C56.zip,D0-CF-11-E0
file,{00000002D1C9-1F9B9316},2010-04-12 10:49:24,WBM5944,PC-0134,0F4131.doc,D0-CF-11-E0
file,{00000002D1C8-01F55090},2010-04-12 10:55:19,WBM5944,PC-0134,096136.doc,D0-CF-11-E0
file,{00000002D1CB-21AF2C4A},2010-04-12 11:04:53,WBM5944,PC-0134,0B5C9E.txt,D0-CF-11-E0
file,{00000002D1DD-2A2DC86C},2010-04-12 11:33:33,WBM5944,PC-0134,D909C1.pdf,D0-CF-11-E0
file,{00000002D1D2-3731C1E2},2010-04-12 11:35:42,WBM5944,PC-0134,C6DDBD.doc,D0-CF-11-E0
file,{00000002D1CC-0E134070},2010-04-12 12:06:12,WBM5944,PC-0134,D8D82F.doc,D0-CF-11-E0
file,{00000002D1D0-051C0AF8},2010-04-12 12:09:15,WBM5944,PC-0134,1E9DB1.pdf,D0-CF-11-E0
file,{00000002D1D8-1FC7F47A},2010-04-12 12:17:31,WBM5944,PC-0134,D97F66.pdf,D0-CF-11-E0
file,{00000002D1D9-18368721},2010-04-12 12:41:52,WBM5944,PC-0134,285D00.doc,D0-CF-11-E0
file,{00000002D1DB-2B5DF863},2010-04-12 13:21:57,WBM5944,PC-0134,FC1055.doc,D0-CF-11-E0
file,{00000002D1DE-3536B668},2010-04-12 13:50:43,WBM5944,PC-0134,D20A70.zip,D0-CF-11-E0
file,{00000002D1CD-2354DADD},2010-04-12 14:04:12,WBM5944,PC-0134,E63FC1.pdf,D0-CF-11-E0
file,{00000002D1D7-11CF5CE3},2010-04-12 14:44:06,WBM5944,PC-0134,5090B0.doc,D0-CF-11-E0
file,{00000002D1D3-32D3A401},2010-04-12 14:46:30,WBM5944,PC-0134,8290C7.doc,D0-CF-11-E0
file,{00000002D1D1-3D360AF3},2010-04-12 15:11:43,WBM5944,PC-0134,C6E07D.zip,D0-CF-11-E0
file,{00000002D1D6-0468A36D},2010-04-12 15:34:41,WBM5944,PC-0134,79339E.pdf,D0-CF-11-E0
file,{00000002D1C7-0821C2C9},2010-04-12 15:56:31,WBM5944,PC-0134,4D5A61.doc,D0-CF-11-E0
file,{00000002D1D5-363088D8},2010-04-12 16:28:33,WBM5944,PC-0134,7E57E1.pdf,D0-CF-11-E0
file,{00000002D1CF-3C84DEC7},2010-04-12 16:50:12,WBM5944,PC-0134,ED9998.doc,D0-CF-11-E0
file,{00000002D1F3-09A281D8},2010-04-13 07:46:04,WBM5944,PC-0134,9B509A.pdf,D0-CF-11-E0
file,{00000002D1E8-13702B4A},2010-04-13 08:01:08,WBM5944,PC-0134,F916A3.doc,D0-CF-11-E0
file,{00000002D1E6-3700B15A},2010-04-13 08:22:53,WBM5944,PC-0134,A05BAA.pdf,D0-CF-11-E0
file,{00000002D1E2-2A95FEC8},2010-04-13 08:24:29,WBM5944,PC-0134,4C4B66.pdf,D0-CF-11-E0
file,{00000002D1E4-06BDEA6D},2010-04-13 08:24:46,WBM5944,PC-0134,11BF2F.doc,D0-CF-11-E0
file,{00000002D1E7-2BE12FF4},2010-04-13 08:29:33,WBM5944,PC-0134,FB149B.doc,D0-CF-11-E0
file,{00000002D1EB-11937B26},2010-04-13 08:32:14,WBM5944,PC-0134,67B514.doc,D0-CF-11-E0
file,{00000002D1F8-211DDA4A},2010-04-13 08:44:15,WBM5944,PC-0134,D1F77C.zip,D0-CF-11-E0
file,{00000002D1FA-1BF7BAE7},2010-04-13 08:56:52,WBM5944,PC-0134,07F922.zip,D0-CF-11-E0
file,{00000002D1F4-19998087},2010-04-13 09:48:33,WBM5944,PC-0134,87A0E5.doc,D0-CF-11-E0
file,{00000002D1F0-36CD82AA},2010-04-13 10:36:58,WBM5944,PC-0134,DBEB9E.pdf,D0-CF-11-E0
file,{00000002D1ED-346A7C79},2010-04-13 11:23:52,WBM5944,PC-0134,A5A58C.zip,D0-CF-11-E0
file,{00000002D1F2-1F303E1A},2010-04-13 11:25:13,WBM5944,PC-0134,B6664E.zip,D0-CF-11-E0
file,{00000002D1E9-1C27CFEE},2010-04-13 11:26:11,WBM5944,PC-0134,B5FC70.pdf,D0-CF-11-E0
file,{00000002D1F6-318347B4},2010-04-13 12:14:35,WBM5944,PC-0134,057E28.doc,D0-CF-11-E0
file,{00000002D1E3-08057F81},2010-04-13 12:34:19,WBM5944,PC-0134,228D28.doc,D0-CF-11-E0
file,{00000002D1F5-147152D4},2010-04-13 13:22:58,WBM5944,PC-0134,42CA02.zip,D0-CF-11-E0
file,{00000002D1EE-054E1E64},2010-04-13 13:38:59,WBM5944,PC-0134,22ED81.zip,D0-CF-11-E0
file,{00000002D1F9-0590AAB2},2010-04-13 13:42:02,WBM5944,PC-0134,7E147E.pdf,D0-CF-11-E0
file,{00000002D1EC-3953FE43},2010-04-13 14:17:26,WBM5944,PC-0134,DB7FDC.doc,D0-CF-11-E0
file,{00000002D1E5-08870AD5},2010-04-13 16:15:34,WBM5944,PC-0134,5A7E26.doc,D0-CF-11-E0
file,{00000002D1F1-0E52080B},2010-04-13 16:22:59,WBM5944,PC-0134,7A2DD5.zip,D0-CF-11-E0
file,{00000002D1EA-0544E3FC},2010-04-13 16:59:55,WBM5944,PC-0134,61760B.pdf,D0-CF-11-E0
file,{00000002D1FB-12EE7379},2010-04-13 17:05:09,WBM5944,PC-0134,0839A7.zip,D0-CF-11-E0
file,{00000002D1F7-3A16FA18},2010-04-13 17:13:25,WBM5944,PC-0134,2F7F8B.doc,D0-CF-11-E0
file,{00000002D1EF-1FB19FC5},2010-04-13 17:16:46,WBM5944,PC-0134,7C5957.doc,D0-CF-11-E0
file,{00000002D1E1-29ADE727},2010-04-13 17:32:09,WBM5944,PC-0134,E3B672.pdf,D0-CF-11-E0
file,{00000002D201-23A36CEB},2010-04-14 08:55:50,WBM5944,PC-0134,07C846.doc,D0-CF-11-E0
file,{00000002D203-3189BEAA},2010-04-14 09:02:22,WBM5944,PC-0134,A6B0C2.pdf,D0-CF-11-E0
file,{00000002D200-322C3AA4},2010-04-14 09:16:16,WBM5944,PC-0134,AF1D13.pdf,D0-CF-11-E0
file,{00000002D205-1A1A039F},2010-04-14 09:19:47,WBM5944,PC-0134,6D9720.zip,D0-CF-11-E0
file,{00000002D20A-183AA38D},2010-04-14 09:42:36,WBM5944,PC-0134,0D7095.pdf,D0-CF-11-E0
file,{00000002D1FF-300EBB9C},2010-04-14 09:50:17,WBM5944,PC-0134,FD5533.doc,D0-CF-11-E0
file,{00000002D206-32F95A3C},2010-04-14 10:46:38,WBM5944,PC-0134,048FE9.doc,D0-CF-11-E0
file,{00000002D1FD-1C441609},2010-04-14 11:47:15,WBM5944,PC-0134,1CAD14.pdf,D0-CF-11-E0
file,{00000002D207-3B9933F5},2010-04-14 11:57:27,WBM5944,PC-0134,97225C.zip,D0-CF-11-E0
file,{00000002D20C-39198FA1},2010-04-14 12:34:26,WBM5944,PC-0134,ACDB3D.pdf,D0-CF-11-E0
file,{00000002D1FE-120381CA},2010-04-14 12:42:33,WBM5944,PC-0134,1271AD.pdf,D0-CF-11-E0
file,{00000002D20B-1568D9B6},2010-04-14 12:49:40,WBM5944,PC-0134,BA4284.pdf,D0-CF-11-E0
file,{00000002D209-1D27D85E},2010-04-14 13:51:55,WBM5944,PC-0134,6610F8.pdf,D0-CF-11-E0
file,{00000002D202-08EB1A96},2010-04-14 14:06:17,WBM5944,PC-0134,90A516.doc,D0-CF-11-E0
file,{00000002D204-0551CDB5},2010-04-14 15:33:32,WBM5944,PC-0134,10B20C.pdf,D0-CF-11-E0
file,{00000002D208-05E18ED9},2010-04-14 16:01:32,WBM5944,PC-0134,9BD7DA.pdf,D0-CF-11-E0
file,{00000002D1FC-34F40AE0},2010-04-14 17:10:59,WBM5944,PC-0134,59B3E6.png,D0-CF-11-E0
file,{00000002D20F-0722533F},2010-04-15 07:47:29,WBM5944,PC-0134,AB296F.doc,D0-CF-11-E0
file,{00000002D218-114B0FDE},2010-04-15 08:12:30,WBM5944,PC-0134,32EB6E.zip,D0-CF-11-E0
file,{00000002D20E-0B83D77F},2010-04-15 09:15:28,WBM5944,PC-0134,8A5304.pdf,D0-CF-11-E0
file,{00000002D212-0D613F76},2010-04-15 09:15:56,WBM5944,PC-0134,C3B10A.doc,D0-CF-11-E0
file,{00000002D214-0CA1EA08},2010-04-15 10:29:38,WBM5944,PC-0134,CAF97C.zip,D0-CF-11-E0
file,{00000002D217-2A821AD3},2010-04-15 10:45:06,WBM5944,PC-0134,220AAA.doc,D0-CF-11-E0
file,{00000002D211-38A44FD7},2010-04-15 10:57:10,WBM5944,PC-0134,7FD502.zip,D0-CF-11-E0
file,{00000002D210-1B06031F},2010-04-15 10:58:43,WBM5944,PC-0134,AE1694.zip,D0-CF-11-E0
file,{00000002D216-0CC7DEE9},2010-04-15 12:22:03,WBM5944,PC-0134,25D07F.pdf,D0-CF-11-E0
file,{00000002D215-3A2A929D},2010-04-15 14:45:01,WBM5944,PC-0134,D8B698.png,D0-CF-11-E0
file,{00000002D20D-26066D9C},2010-04-15 14:49:34,WBM5944,PC-0134,2593F7.doc,D0-CF-11-E0
file,{00000002D213-0911F28C},2010-04-15 15:22:38,WBM5944,PC-0134,7C0419.doc,D0-CF-11-E0
file,{00000002D22A-07AB2692},2010-04-16 07:31:22,WBM5944,PC-0134,7B76D4.png,D0-CF-11-E0
file,{00000002D224-085C758F},2010-04-16 08:00:11,WBM5944,PC-0134,E7E738.pdf,D0-CF-11-E0
file,{00000002D21A-3A63B9B2},2010-04-16 08:07:17,WBM5944,PC-0134,0FA404.zip,D0-CF-11-E0
file,{00000002D21D-307E1DF9},2010-04-16 08:21:03,WBM5944,PC-0134,88A2EA.zip,D0-CF-11-E0
file,{00000002D226-2F0CCD1D},2010-04-16 08:37:32,WBM5944,PC-0134,38228F.pdf,D0-CF-11-E0
file,{00000002D223-3FC3EB07},2010-04-16 09:49:13,WBM5944,PC-0134,ED52B1.doc,D0-CF-11-E0
file,{00000002D227-0F422E9C},2010-04-16 11:30:58,WBM5944,PC-0134,C98908.pdf,D0-CF-11-E0
file,{00000002D228-1FFADB3A},2010-04-16 11:34:13,WBM5944,PC-0134,A5A7B6.doc,D0-CF-11-E0
file,{00000002D225-304B953C},2010-04-16 13:17:56,WBM5944,PC-0134,8C52CF.doc,D0-CF-11-E0
file,{00000002D220-150882C2},2010-04-16 13:51:54,WBM5944,PC-0134,553326.pdf,D0-CF-11-E0
file,{00000002D22B-02D055D8},2010-04-16 14:33:30,WBM5944,PC-0134,1C274C.pdf,D0-CF-11-E0
file,{00000002D222-18D5456C},2010-04-16 15:03:34,WBM5944,PC-0134,6162EA.pdf,D0-CF-11-E0
file,{00000002D21E-39F27679},2010-04-16 15:23:16,WBM5944,PC-0134,6D5CB3.doc,D0-CF-11-E0
file,{00000002D221-0B370C1F},2010-04-16 15:51:43,WBM5944,PC-0134,79A6D7.zip,D0-CF-11-E0
file,{00000002D21B-2724773B},2010-04-16 15:52:02,WBM5944,PC-0134,836B3B.zip,D0-CF-11-E0
file,{00000002D21F-1797D4DA},2010-04-16 15:59:59,WBM5944,PC-0134,6E3DB8.doc,D0-CF-11-E0
file,{00000002D21C-3C5F2392},2010-04-16 16:35:08,WBM5944,PC-0134,E2DF48.doc,D0-CF-11-E0
file,{00000002D229-01216CCA},2010-04-16 17:20:19,WBM5944,PC-0134,D0CB7A.zip,D0-CF-11-E0
file,{00000002D219-35E8B0C9},2010-04-16 17:23:09,WBM5944,PC-0134,7357BF.zip,D0-CF-11-E0
file,{00000002D234-0004C6AC},2010-04-19 07:00:26,WBM5944,PC-0134,0477CA.jpg,D0-CF-11-E0
file,{00000002D237-20801F21},2010-04-19 08:25:05,WBM5944,PC-0134,D02BED.doc,D0-CF-11-E0
file,{00000002D22D-1AE99186},2010-04-19 09:38:18,WBM5944,PC-0134,E8CA7C.png,D0-CF-11-E0
file,{00000002D22C-35D5775D},2010-04-19 10:41:35,WBM5944,PC-0134,469885.zip,D0-CF-11-E0
file,{00000002D239-131ABE3A},2010-04-19 11:49:56,WBM5944,PC-0134,634768.doc,D0-CF-11-E0
file,{00000002D238-12F24DC7},2010-04-19 12:02:45,WBM5944,PC-0134,AA5E62.pdf,D0-CF-11-E0
file,{00000002D235-30B05C66},2010-04-19 13:50:00,WBM5944,PC-0134,2B3A9C.zip,D0-CF-11-E0
file,{00000002D233-0544DFFF},2010-04-19 13:56:33,WBM5944,PC-0134,6A7983.zip,D0-CF-11-E0
file,{00000002D236-3C40D925},2010-04-19 15:24:25,WBM5944,PC-0134,82944F.doc,D0-CF-11-E0
file,{00000002D22F-34063613},2010-04-19 16:16:51,WBM5944,PC-0134,23DA2D.zip,D0-CF-11-E0
file,{00000002D232-0C057029},2010-04-19 16:40:55,WBM5944,PC-0134,509F1D.doc,D0-CF-11-E0
file,{00000002D230-237BEE22},2010-04-19 16:59:01,WBM5944,PC-0134,D8A87C.zip,D0-CF-11-E0
file,{00000002D22E-0D558AAE},2010-04-19 17:28:57,WBM5944,PC-0134,C6FAC1.pdf,D0-CF-11-E0
file,{00000002D231-0FCE0120},2010-04-19 17:53:59,WBM5944,PC-0134,01BE88.jpg,D0-CF-11-E0
file,{00000002D241-1F320569},2010-04-20 09:43:21,WBM5944,PC-0134,94750A.zip,D0-CF-11-E0
file,{00000002D240-24CE94B6},2010-04-20 09:58:39,WBM5944,PC-0134,6D614A.jpg,D0-CF-11-E0
file,{00000002D24E-06FD5FC2},2010-04-20 10:28:41,WBM5944,PC-0134,C34BAB.pdf,D0-CF-11-E0
file,{00000002D246-0E0CEAE7},2010-04-20 11:29:17,WBM5944,PC-0134,465260.doc,D0-CF-11-E0
file,{00000002D23B-2583918F},2010-04-20 11:38:12,WBM5944,PC-0134,17FF9E.doc,D0-CF-11-E0
file,{00000002D244-0EA7341E},2010-04-20 11:54:24,WBM5944,PC-0134,449E36.zip,D0-CF-11-E0
file,{00000002D249-1DB3126F},2010-04-20 12:01:34,WBM5944,PC-0134,EEB2B6.zip,D0-CF-11-E0
file,{00000002D24D-18F158CB},2010-04-20 12:15:17,WBM5944,PC-0134,28BB40.doc,D0-CF-11-E0
file,{00000002D243-39C4C6CC},2010-04-20 12:46:33,WBM5944,PC-0134,98345F.txt,D0-CF-11-E0
file,{00000002D23C-04FDF7D8},2010-04-20 12:48:23,WBM5944,PC-0134,45188E.doc,D0-CF-11-E0
file,{00000002D23D-073E5571},2010-04-20 12:55:56,WBM5944,PC-0134,20A773.pdf,D0-CF-11-E0
file,{00000002D24C-10DCE00B},2010-04-20 13:43:28,WBM5944,PC-0134,833B34.pdf,D0-CF-11-E0
file,{00000002D23E-06B44928},2010-04-20 14:04:25,WBM5944,PC-0134,2EFED3.pdf,D0-CF-11-E0
file,{00000002D247-33BA72FE},2010-04-20 14:36:22,WBM5944,PC-0134,0968A3.png,D0-CF-11-E0
file,{00000002D23F-011FD7CF},2010-04-20 14:47:33,WBM5944,PC-0134,ED9CF6.zip,D0-CF-11-E0
file,{00000002D24A-19EF00E2},2010-04-20 14:48:08,WBM5944,PC-0134,A29367.pdf,D0-CF-11-E0
file,{00000002D242-27A26BDA},2010-04-20 15:00:16,WBM5944,PC-0134,3C88AF.doc,D0-CF-11-E0
file,{00000002D23A-3407F3FD},2010-04-20 15:14:15,WBM5944,PC-0134,9AB5F6.pdf,D0-CF-11-E0
file,{00000002D24B-024FDD05},2010-04-20 15:53:40,WBM5944,PC-0134,D005A1.pdf,D0-CF-11-E0
file,{00000002D245-218205B2},2010-04-20 16:34:31,WBM5944,PC-0134,23AD20.txt,D0-CF-11-E0
file,{00000002D248-397B225B},2010-04-20 16:55:41,WBM5944,PC-0134,5A0D1E.pdf,D0-CF-11-E0
file,{00000002D25C-3336EBEE},2010-04-21 07:39:36,WBM5944,PC-0134,BB7BFE.pdf,D0-CF-11-E0
file,{00000002D260-394FCBC5},2010-04-21 08:24:12,WBM5944,PC-0134,FCCEAE.pdf,D0-CF-11-E0
file,{00000002D25E-19186195},2010-04-21 09:24:45,WBM5944,PC-0134,B3BA9C.zip,D0-CF-11-E0
file,{00000002D265-25D907B6},2010-04-21 10:21:07,WBM5944,PC-0134,9FC8FA.pdf,D0-CF-11-E0
file,{00000002D25D-2489B898},2010-04-21 10:31:02,WBM5944,PC-0134,DFDE7A.txt,D0-CF-11-E0
file,{00000002D257-14223854},2010-04-21 11:09:29,WBM5944,PC-0134,DF2878.pdf,D0-CF-11-E0
file,{00000002D262-15E49736},2010-04-21 11:33:10,WBM5944,PC-0134,2928DA.pdf,D0-CF-11-E0
file,{00000002D25A-16B4699B},2010-04-21 11:36:32,WBM5944,PC-0134,EA6DE0.pdf,D0-CF-11-E0
file,{00000002D251-100BF5B1},2010-04-21 11:56:03,WBM5944,PC-0134,7BFB77.doc,D0-CF-11-E0
file,{00000002D259-1EEA508F},2010-04-21 12:28:06,WBM5944,PC-0134,66FF6D.doc,D0-CF-11-E0
file,{00000002D24F-34D1E6DC},2010-04-21 12:50:19,WBM5944,PC-0134,767773.zip,D0-CF-11-E0
file,{00000002D25F-389FD939},2010-04-21 13:11:13,WBM5944,PC-0134,16D6A6.pdf,D0-CF-11-E0
file,{00000002D252-2404B9B7},2010-04-21 14:15:00,WBM5944,PC-0134,DECD22.doc,D0-CF-11-E0
file,{00000002D254-341D4F5F},2010-04-21 14:15:38,WBM5944,PC-0134,28C1BA.doc,D0-CF-11-E0
file,{00000002D253-1561D63C},2010-04-21 14:16:54,WBM5944,PC-0134,04FBBE.zip,D0-CF-11-E0
file,{00000002D258-35142C20},2010-04-21 14:38:19,WBM5944,PC-0134,177759.pdf,D0-CF-11-E0
file,{00000002D255-254EB0B8},2010-04-21 14:50:16,WBM5944,PC-0134,230DF0.doc,D0-CF-11-E0
file,{00000002D25B-2605447B},2010-04-21 15:03:15,WBM5944,PC-0134,48A190.pdf,D0-CF-11-E0
file,{00000002D250-0E2AC13D},2010-04-21 15:03:19,WBM5944,PC-0134,EA8E56.pdf,D0-CF-11-E0
file,{00000002D263-397C3133},2010-04-21 16:31:21,WBM5944,PC-0134,94A5A7.doc,D0-CF-11-E0
file,{00000002D261-2AB8A6F1},2010-04-21 17:00:10,WBM5944,PC-0134,CD1DA8.doc,D0-CF-11-E0
file,{00000002D264-14B85C74},2010-04-21 17:14:49,WBM5944,PC-0134,810126.pdf,D0-CF-11-E0
file,{00000002D256-26A315AD},2010-04-21 17:36:31,WBM5944,PC-0134,51F95B.pdf,D0-CF-11-E0
file,{00000002D26B-2F437B34},2010-04-22 08:12:47,WBM5944,PC-0134,73AF40.doc,D0-CF-11-E0
file,{00000002D267-05BA0098},2010-04-22 08:30:34,WBM5944,PC-0134,53AE37.zip,D0-CF-11-E0
file,{00000002D268-18777548},2010-04-22 09:15:04,WBM5944,PC-0134,F25863.pdf,D0-CF-11-E0
file,{00000002D271-156944F4},2010-04-22 10:06:11,WBM5944,PC-0134,B689EF.doc,D0-CF-11-E0
file,{00000002D274-3D1EC7CE},2010-04-22 10:15:44,WBM5944,PC-0134,49CDE5.zip,D0-CF-11-E0
file,{00000002D272-0270174E},2010-04-22 10:24:55,WBM5944,PC-0134,272A49.zip,D0-CF-11-E0
file,{00000002D26E-3D1AD6D5},2010-04-22 11:06:03,WBM5944,PC-0134,2F40D2.zip,D0-CF-11-E0
file,{00000002D26D-38D83A7D},2010-04-22 12:39:27,WBM5944,PC-0134,677D82.pdf,D0-CF-11-E0
file,{00000002D270-27AADA32},2010-04-22 13:48:46,WBM5944,PC-0134,1932ED.zip,D0-CF-11-E0
file,{00000002D26A-1101AB7D},2010-04-22 13:50:44,WBM5944,PC-0134,6F4EA7.zip,D0-CF-11-E0
file,{00000002D273-2F3D0DDF},2010-04-22 14:22:37,WBM5944,PC-0134,0EA440.pdf,D0-CF-11-E0
file,{00000002D26F-07A4CAF2},2010-04-22 15:54:14,WBM5944,PC-0134,8B3775.pdf,D0-CF-11-E0
file,{00000002D266-3CFE27AB},2010-04-22 16:49:37,WBM5944,PC-0134,A97707.pdf,D0-CF-11-E0
file,{00000002D26C-2566B3E0},2010-04-22 17:38:52,WBM5944,PC-0134,E38BE9.pdf,D0-CF-11-E0
file,{00000002D269-167225D4},2010-04-22 17:51:22,WBM5944,PC-0134,C0BFF2.pdf,D0-CF-11-E0
file,{00000002D27E-037A448E},2010-04-23 07:13:58,WBM5944,PC-0134,3B31B8.zip,D0-CF-11-E0
file,{00000002D27B-275B790F},2010-04-23 08:27:51,WBM5944,PC-0134,BC4DFA.doc,D0-CF-11-E0
file,{00000002D277-0F1BEE0C},2010-04-23 09:14:17,WBM5944,PC-0134,F2B390.pdf,D0-CF-11-E0
file,{00000002D276-10FB536C},2010-04-23 10:00:53,WBM5944,PC-0134,928794.zip,D0-CF-11-E0
file,{00000002D278-23754D1B},2010-04-23 10:06:08,WBM5944,PC-0134,C247AB.zip,D0-CF-11-E0
file,{00000002D275-3A4207B6},2010-04-23 10:40:46,WBM5944,PC-0134,D516F0.pdf,D0-CF-11-E0
file,{00000002D279-3BEC92D3},2010-04-23 14:05:21,WBM5944,PC-0134,3AFA43.zip,D0-CF-11-E0
file,{00000002D27A-3A0919B4},2010-04-23 14:49:20,WBM5944,PC-0134,D8038C.doc,D0-CF-11-E0
file,{00000002D27C-05D651F1},2010-04-23 15:58:13,WBM5944,PC-0134,F2948F.doc,D0-CF-11-E0
file,{00000002D27D-28A09145},2010-04-23 17:16:51,WBM5944,PC-0134,517019.pdf,D0-CF-11-E0
file,{00000002D280-35DB525E},2010-04-26 08:01:18,WBM5944,PC-0134,8B2999.zip,D0-CF-11-E0
file,{00000002D281-23F92255},2010-04-26 08:11:45,WBM5944,PC-0134,F6863D.doc,D0-CF-11-E0
file,{00000002D287-184EA568},2010-04-26 09:34:52,WBM5944,PC-0134,2BC47E.zip,D0-CF-11-E0
file,{00000002D285-0BF50727},2010-04-26 10:31:07,WBM5944,PC-0134,2AF726.txt,D0-CF-11-E0
file,{00000002D28D-031B12BD},2010-04-26 10:49:58,WBM5944,PC-0134,FAE9EA.doc,D0-CF-11-E0
file,{00000002D282-1CAFE856},2010-04-26 10:54:35,WBM5944,PC-0134,8CB142.doc,D0-CF-11-E0
file,{00000002D28E-0FC3F6AF},2010-04-26 12:06:51,WBM5944,PC-0134,A22BCB.zip,D0-CF-11-E0
file,{00000002D28A-1DE5BEF1},2010-04-26 12:30:06,WBM5944,PC-0134,3CAB21.zip,D0-CF-11-E0
file,{00000002D28B-34125B99},2010-04-26 12:37:59,WBM5944,PC-0134,97334B.png,D0-CF-11-E0
file,{00000002D283-0E34EE31},2010-04-26 13:57:58,WBM5944,PC-0134,C653A5.zip,D0-CF-11-E0
file,{00000002D27F-21CCBE27},2010-04-26 14:45:33,WBM5944,PC-0134,4AA7CE.jpg,D0-CF-11-E0
file,{00000002D289-2990FAD9},2010-04-26 15:06:29,WBM5944,PC-0134,0555E7.zip,D0-CF-11-E0
file,{00000002D288-116C89BE},2010-04-26 15:16:27,WBM5944,PC-0134,5DC709.doc,D0-CF-11-E0
file,{00000002D286-06F85B98},2010-04-26 16:01:06,WBM5944,PC-0134,FDE155.txt,D0-CF-11-E0
file,{00000002D284-0E55D86B},2010-04-26 16:46:49,WBM5944,PC-0134,B98C42.zip,D0-CF-11-E0
file,{00000002D28C-00F796CC},2010-04-26 16:51:05,WBM5944,PC-0134,470AC0.zip,D0-CF-11-E0
email,{000000061B6A-3CAC0674},2010-03-26 07:58:09,WBM5944,PC-0134,79BB9@hotmail.com,,,wbm5944@dtaa.com,1043191,5,meeting notes attached
email,{000000061B6B-1FDFE23B},2010-03-29 07:56:50,WBM5944,PC-0134,91C63@gmail.com,,,wbm5944@dtaa.com,132228,1,meeting notes attached
email,{000000061B6C-1BE31C50},2010-03-29 12:20:10,WBM5944,PC-0134,78A28@outlook.com,,,wbm5944@dtaa.com,1859514,5,meeting notes attached
email,{000000061B6D-1C27B757},2010-03-29 14:36:00,WBM5944,PC-0134,EEE9C@aol.com,,,wbm5944@dtaa.com,311430,1,meeting notes attached
email,{000000061B70-3A276324},2010-03-30 07:37:52,WBM5944,PC-0134,A7016@hotmail.com,,,wbm5944@dtaa.com,114870,1,meeting notes attached
email,{000000061B6F-1322DF6F},2010-03-30 09:21:45,WBM5944,PC-0134,D24EB@outlook.com,,,wbm5944@dtaa.com,508214,2,meeting notes attached
email,{000000061B71-0DC8CF13},2010-03-30 09:26:07,WBM5944,PC-0134,B052F@hotmail.com,,,wbm5944@dtaa.com,827188,7,meeting notes attached
email,{000000061B6E-1556DD94},2010-03-30 17:48:17,WBM5944,PC-0134,E5E23@gmail.com,,,wbm5944@dtaa.com,876050,6,meeting notes attached
email,{000000061B73-2D692C3E},2010-04-01 09:38:17,WBM5944,PC-0134,CA0E8@hotmail.com,,,wbm5944@dtaa.com,851675,7,meeting notes attached
email,{000000061B72-08A07221},2010-04-01 15:45:39,WBM5944,PC-0134,499D9@hotmail.com,,,wbm5944@dtaa.com,1910075,6,meeting notes attached
email,{000000061B74-2E669267},2010-04-01 16:29:58,WBM5944,PC-0134,77EA1@gmail.com,,,wbm5944@dtaa.com,1555189,7,meeting notes attached
email,{000000061B75-383A0AEE},2010-04-02 09:54:25,WBM5944,PC-0134,7E92E@aol.com,,,wbm5944@dtaa.com,2765545,7,meeting notes attached
email,{000000061B76-0D5B39E2},2010-04-02 13:15:35,WBM5944,PC-0134,FE9D7@gmail.com,,,wbm5944@dtaa.com,84695,1,meeting notes attached
email,{000000061B77-019B4CBD},2010-04-06 11:10:26,WBM5944,PC-0134,BE183@outlook.com,,,wbm5944@dtaa.com,1083708,7,meeting notes attached
email,{000000061B79-072CA23A},2010-04-08 08:03:45,WBM5944,PC-0134,B706C@outlook.com,,,wbm5944@dtaa.com,2035471,7,meeting notes attached
email,{000000061B78-17443BDF},2010-04-08 08:22:36,WBM5944,PC-0134,oqo5535@dtaa.com,,,wbm5944@dtaa.com,1036503,3,meeting notes attached
email,{000000061B7B-047EE4B3},2010-04-09 10:27:28,WBM5944,PC-0134,CF2B2@outlook.com,,,wbm5944@dtaa.com,2052165,6,meeting notes attached
email,{000000061B7A-03633FA5},2010-04-09 11:28:04,WBM5944,PC-0134,wlh0216@dtaa.com,,,wbm5944@dtaa.com,1412598,5,meeting notes attached
email,{000000061B7F-3A838484},2010-04-12 07:37:42,WBM5944,PC-0134,F3FB9@gmail.com,,,wbm5944@dtaa.com,750853,6,meeting notes attached
email,{000000061B7E-368DAEA7},2010-04-12 12:13:32,WBM5944,PC-0134,6E9C3@yahoo.com,,,wbm5944@dtaa.com,386446,4,meeting notes attached
email,{000000061B7C-0CE355D6},2010-04-12 14:30:02,WBM5944,PC-0134,FA20E@gmail.com,,,wbm5944@dtaa.com,456416,5,meeting notes attached
email,{000000061B7D-1FA42EAF},2010-04-12 16:48:32,WBM5944,PC-0134,5D711@gmail.com,,,wbm5944@dtaa.com,160446,3,meeting notes attached
email,{000000061B80-0FE83280},2010-04-13 07:17:52,WBM5944,PC-0134,E9F06@yahoo.com,,,wbm5944@dtaa.com,381041,1,meeting notes attached
email,{000000061B81-35443302},2010-04-13 08:20:04,WBM5944,PC-0134,3F08F@hotmail.com,,,wbm5944@dtaa.com,894957,7,meeting notes attached
email,{000000061B82-3BE89645},2010-04-14 08:22:18,WBM5944,PC-0134,3AA5B@yahoo.com,,,wbm5944@dtaa.com,273263,3,meeting notes attached
email,{000000061B83-24AEE9BA},2010-04-15 10:12:51,WBM5944,PC-0134,3821D@aol.com,,,wbm5944@dtaa.com,1537948,6,meeting notes attached
email,{000000061B88-20676D05},2010-04-15 10:31:07,WBM5944,PC-0134,166D7@yahoo.com,,,wbm5944@dtaa.com,771525,4,meeting notes attached
email,{000000061B84-3EC3EC77},2010-04-15 11:18:26,WBM5944,PC-0134,28B2C@aol.com,,,wbm5944@dtaa.com,97104,1,meeting notes attached
email,{000000061B86-371565BD},2010-04-15 15:09:35,WBM5944,PC-0134,B4383@gmail.com,,,wbm5944@dtaa.com,795101,2,meeting notes attached
email,{000000061B85-22E9ACC8},2010-04-15 15:33:06,WBM5944,PC-0134,0A68A@aol.com,,,wbm5944@dtaa.com,1991797,5,meeting notes attached
email,{000000061B87-19AA634E},2010-04-15 17:53:14,WBM5944,PC-0134,93424@outlook.com,,,wbm5944@dtaa.com,112528,1,meeting notes attached
email,{000000061B89-140798E6},2010-04-16 07:58:09,WBM5944,PC-0134,3A1F8@outlook.com,,,wbm5944@dtaa.com,2381849,6,meeting notes attached
email,{000000061B8A-0658B8F1},2010-04-16 15:14:53,WBM5944,PC-0134,ABB22@aol.com,,,wbm5944@dtaa.com,1540432,5,meeting notes attached
email,{000000061B8B-2BE4AE58},2010-04-16 15:53:47,WBM5944,PC-0134,20A8A@aol.com,,,wbm5944@dtaa.com,375152,2,meeting notes attached
email,{000000061B8C-330A7076},2010-04-19 16:23:04,WBM5944,PC-0134,112C0@aol.com,,,wbm5944@dtaa.com,686364,2,meeting notes attached
email,{000000061B8D-35419B63},2010-04-20 11:01:10,WBM5944,PC-0134,1C02E@aol.com,,,wbm5944@dtaa.com,183521,1,meeting notes attached
email,{000000061B8F-27969BD0},2010-04-21 14:24:18,WBM5944,PC-0134,948D1@hotmail.com,,,wbm5944@dtaa.com,170771,2,meeting notes attached
email,{000000061B8E-3246591E},2010-04-21 15:58:31,WBM5944,PC-0134,A1BCD@gmail.com,,,wbm5944@dtaa.com,1099583,5,meeting notes attached
email,{000000061B90-0F28C669},2010-04-21 16:10:17,WBM5944,PC-0134,6B800@hotmail.com,,,wbm5944@dtaa.com,296963,1,meeting notes attached
email,{000000061B91-11462EB4},2010-04-22 13:44:56,WBM5944,PC-0134,A4D51@hotmail.com,,,wbm5944@dtaa.com,667901,4,meeting notes attached
email,{000000061B92-0A761A67},2010-04-22 15:41:37,WBM5944,PC-0134,DF82F@outlook.com,,,wbm5944@dtaa.com,242433,2,meeting notes attached
email,{000000061B93-1988AB43},2010-04-23 13:57:54,WBM5944,PC-0134,FA1EC@gmail.com,,,wbm5944@dtaa.com,1222887,3,meeting notes attached
email,{000000061B94-086D9F98},2010-04-23 16:57:35,WBM5944,PC-0134,4501C@hotmail.com,,,wbm5944@dtaa.com,313940,3,meeting notes attached
email,{000000061B95-2F638325},2010-04-23 17:26:34,WBM5944,PC-0134,17D6A@aol.com,,,wbm5944@dtaa.com,448505,2,meeting notes attached
email,{000000061B96-3AD0D2B5},2010-04-26 15:08:05,WBM5944,PC-0134,6FE52@gmail.com,,,wbm5944@dtaa.com,681050,2,meeting notes attached
http,{000000248D28-2FEA2099},2010-03-24 07:15:43,WBM5944,PC-0134,http://www.dropbox.com/393DE1,page text
http,{000000248D21-3051A4B7},2010-03-24 08:23:04,WBM5944,PC-0134,http://www.monster.com/0B6246,page text
http,{000000248D24-21C8D138},2010-03-24 11:23:46,WBM5944,PC-0134,http://www.stackoverflow.com/39704C,page text
http,{000000248D23-1DB2E2F9},2010-03-24 12:23:48,WBM5944,PC-0134,http://www.drive.google.com/2ED575,page text
http,{000000248D26-2E210B85},2010-03-24 13:00:35,WBM5944,PC-0134,http://www.drive.google.com/05964B,page text
http,{000000248D27-15421FA1},2010-03-24 14:06:08,WBM5944,PC-0134,http://www.dropbox.com/1D7C43,page text
http,{000000248D25-3F8C9AA7},2010-03-24 17:14:25,WBM5944,PC-0134,http://www.dropbox.com/0C2DA1,page text
http,{000000248D22-38D15C74},2010-03-24 17:57:24,WBM5944,PC-0134,http://www.dropbox.com/19220B,page text
http,{000000248D2E-2BC6E245},2010-03-25 07:45:22,WBM5944,PC-0134,http://www.dropbox.com/25FAFA,page text
http,{000000248D2B-363D1253},2010-03-25 10:58:37,WBM5944,PC-0134,http://www.dropbox.com/257670,page text
http,{000000248D29-204BE279},2010-03-25 12:08:29,WBM5944,PC-0134,http://www.amazon.com/09FCD6,page text
http,{000000248D2D-2BE25F55},2010-03-25 13:55:09,WBM5944,PC-0134,http://www.dropbox.com/16C87F,page text
http,{000000248D2A-1922BDB8},2010-03-25 15:06:35,WBM5944,PC-0134,http://www.linkedin.com/3B8BB3,page text
http,{000000248D2C-0A08A3CE},2010-03-25 16:07:39,WBM5944,PC-0134,http://www.drive.google.com/2BF6B0,page text
http,{000000248D2F-0881E591},2010-03-25 17:58:35,WBM5944,PC-0134,http://www.monster.com/1890DF,page text
http,{000000248D30-27D2B179},2010-03-26 07:12:01,WBM5944,PC-0134,http://www.linkedin.com/1EA2EC,page text
http,{000000248D32-3537018A},2010-03-26 09:21:22,WBM5944,PC-0134,http://www.linkedin.com/029A46,page text
http,{000000248D33-0D3FE286},2010-03-26 10:53:00,WBM5944,PC-0134,http://www.linkedin.com/24BE00,page text
http,{000000248D31-1DD23D49},2010-03-26 12:04:09,WBM5944,PC-0134,http://www.dropbox.com/1FAD69,page text
http,{000000248D34-3D0277C6},2010-03-26 12:41:55,WBM5944,PC-0134,http://www.github.com/00A48B,page text
http,{000000248D35-101580C0},2010-03-29 07:26:57,WBM5944,PC-0134,http://www.linkedin.com/0F907A,page text
http,{000000248D36-1E1DB14B},2010-03-29 10:30:09,WBM5944,PC-0134,http://www.dropbox.com/21BEF0,page text
http,{000000248D37-2B84A0A4},2010-03-29 16:36:38,WBM5944,PC-0134,http://www.dropbox.com/1133B6,page text
http,{000000248D38-2D9FB568},2010-03-30 08:09:48,WBM5944,PC-0134,http://www.dropbox.com/2008FB,page text
http,{000000248D3A-3B136715},2010-03-30 13:12:59,WBM5944,PC-0134,http://www.drive.google.com/014D10,page text
http,{000000248D39-3ECDE8F5},2010-03-30 17:52:09,WBM5944,PC-0134,http://www.monster.com/2325AD,page text
http,{000000248D3C-19F341F9},2010-03-31 12:10:27,WBM5944,PC-0134,http://www.drive.google.com/0C431A,page text
http,{000000248D3D-101E7803},2010-03-31 12:21:38,WBM5944,PC-0134,http://www.linkedin.com/274FE2,page text
http,{000000248D3B-3D53DD5D},2010-03-31 15:36:32,WBM5944,PC-0134,http://www.drive.google.com/141095,page text
http,{000000248D40-1CF15618},2010-04-01 08:53:49,WBM5944,PC-0134,http://www.dropbox.com/0CA334,page text
http,{000000248D42-02EB18A2},2010-04-01 13:01:15,WBM5944,PC-0134,http://www.drive.google.com/2BE579,page text
http,{000000248D41-256461EA},2010-04-01 13:53:40,WBM5944,PC-0134,http://www.drive.google.com/2A3029,page text
http,{000000248D3E-227F1603},2010-04-01 14:05:29,WBM5944,PC-0134,http://www.linkedin.com/157EF0,page text
http,{000000248D3F-305408F6},2010-04-01 14:08:25,WBM5944,PC-0134,http://www.linkedin.com/14E2A9,page text
http,{000000248D46-17ACB1C9},2010-04-02 13:04:51,WBM5944,PC-0134,http://www.dropbox.com/08B3BD,page text
http,{000000248D44-371A3FC7},2010-04-02 15:47:39,WBM5944,PC-0134,http://www.drive.google.com/230427,page text
http,{000000248D43-08210C1E},2010-04-02 15:58:10,WBM5944,PC-0134,http://www.weather.com/29AD07,page text
http,{000000248D45-13072554},2010-04-02 16:38:33,WBM5944,PC-0134,http://www.drive.google.com/167A16,page text
http,{000000248D4A-004E7A29},2010-04-05 07:55:35,WBM5944,PC-0134,http://www.monster.com/3A8938,page text
http,{000000248D48-28A57758},2010-04-05 15:12:09,WBM5944,PC-0134,http://www.dropbox.com/036727,page text
http,{000000248D49-3DC8DD7A},2010-04-05 15:27:26,WBM5944,PC-0134,http://www.monster.com/0C6B5A,page text
http,{000000248D47-3FC1CD7D},2010-04-05 17:27:02,WBM5944,PC-0134,http://www.reddit.com/3A2A51,page text
http,{000000248D4E-1EEEA973},2010-04-06 07:00:36,WBM5944,PC-0134,http://www.linkedin.com/02A78E,page text
http,{000000248D50-1D736E98},2010-04-06 09:15:54,WBM5944,PC-0134,http://www.linkedin.com/1BDA93,page text
http,{000000248D4D-3BCCB2E7},2010-04-06 12:03:28,WBM5944,PC-0134,http://www.dropbox.com/28968F,page text
http,{000000248D4F-2ACF06D3},2010-04-06 16:00:33,WBM5944,PC-0134,http://www.espn.com/0C7AC4,page text
http,{000000248D4B-2543E3A1},2010-04-06 16:23:18,WBM5944,PC-0134,http://www.monster.com/0F21E9,page text
http,{000000248D4C-02EED9B5},2010-04-06 17:29:12,WBM5944,PC-0134,http://www.linkedin.com/3D5077,page text
http,{000000248D51-01D9DBBB},2010-04-07 09:46:44,WBM5944,PC-0134,http://www.linkedin.com/3CAC0C,page text
http,{000000248D52-0EEB720B},2010-04-07 10:11:14,WBM5944,PC-0134,http://www.linkedin.com/1B7D84,page text
http,{000000248D54-12753C18},2010-04-07 15:29:44,WBM5944,PC-0134,http://www.linkedin.com/2B2C41,page text
http,{000000248D53-09C12D1E},2010-04-07 16:56:31,WBM5944,PC-0134,http://www.linkedin.com/295AB1,page text
http,{000000248D58-27B5408E},2010-04-08 08:56:39,WBM5944,PC-0134,http://www.drive.google.com/232BC3,page text
http,{000000248D56-103B72A5},2010-04-08 09:45:14,WBM5944,PC-0134,http://www.dropbox.com/2CE894,page text
http,{000000248D57-0E1A9C0A},2010-04-08 12:34:52,WBM5944,PC-0134,http://www.linkedin.com/0DD8FE,page text
http,{000000248D55-32C83F6A},2010-04-08 14:24:05,WBM5944,PC-0134,http://www.dropbox.com/32B3AB,page text
http,{000000248D59-2FDE0A46},2010-04-08 15:09:10,WBM5944,PC-0134,http://www.monster.com/11A0C1,page text
http,{000000248D5A-32DA6E91},2010-04-08 15:49:49,WBM5944,PC-0134,http://www.linkedin.com/0075A9,page text
http,{000000248D5C-1DD75E46},2010-04-09 07:17:56,WBM5944,PC-0134,http://www.dropbox.com/0FD63D,page text
http,{000000248D5D-3E0235C6},2010-04-09 14:50:21,WBM5944,PC-0134,http://www.linkedin.com/33A6E9,page text
http,{000000248D5B-1267172B},2010-04-09 16:39:14,WBM5944,PC-0134,http://www.monster.com/1B76C1,page text
http,{000000248D5E-2FA3B7A6},2010-04-09 17:23:12,WBM5944,PC-0134,http://www.dropbox.com/0C8DD7,page text
http,{000000248D61-207C163C},2010-04-12 07:42:18,WBM5944,PC-0134,http://www.dropbox.com/2D9A13,page text
http,{000000248D63-3E046CAE},2010-04-12 08:44:32,WBM5944,PC-0134,http://www.dropbox.com/2BE485,page text
http,{000000248D62-14C8C67C},2010-04-12 11:45:38,WBM5944,PC-0134,http://www.dropbox.com/345B16,page text
http,{000000248D5F-32FAA76F},2010-04-12 12:47:50,WBM5944,PC-0134,http://www.linkedin.com/3258AC,page text
http,{000000248D60-13DE5727},2010-04-12 13:10:56,WBM5944,PC-0134,http://www.cnn.com/312844,page text
http,{000000248D67-2C9C7FD2},2010-04-13 07:04:21,WBM5944,PC-0134,http://www.linkedin.com/3D1DAB,page text
http,{000000248D64-1DD89D29},2010-04-13 10:16:07,WBM5944,PC-0134,http://www.monster.com/03D7D5,page text
http,{000000248D65-2FBEEB0C},2010-04-13 11:01:47,WBM5944,PC-0134,http://www.linkedin.com/141C61,page text
http,{000000248D66-3968B87F},2010-04-13 12:22:11,WBM5944,PC-0134,http://www.dropbox.com/1A58FA,page text
http,{000000248D68-086D11D0},2010-04-13 17:06:07,WBM5944,PC-0134,http://www.espn.com/2C9F81,page text
http,{000000248D6E-224DED12},2010-04-14 07:12:03,WBM5944,PC-0134,http://www.dropbox.com/124F40,page text
http,{000000248D6D-324A8D0E},2010-04-14 08:10:11,WBM5944,PC-0134,http://www.monster.com/0497A4,page text
http,{000000248D6C-325FD57F},2010-04-14 09:54:15,WBM5944,PC-0134,http://www.monster.com/16EECC,page text
http,{000000248D69-2207450E},2010-04-14 13:17:51,WBM5944,PC-0134,http://www.drive.google.com/18C856,page text
http,{000000248D6B-2B358E6B},2010-04-14 13:45:29,WBM5944,PC-0134,http://www.yahoo.com/3D60AC,page text
http,{000000248D6A-36BEA8B9},2010-04-14 15:01:47,WBM5944,PC-0134,http://www.monster.com/1FC2B8,page text
http,{000000248D74-3886F6F3},2010-04-15 07:00:23,WBM5944,PC-0134,http://www.drive.google.com/374822,page text
http,{000000248D6F-2B54EBC1},2010-04-15 07:07:41,WBM5944,PC-0134,http://www.reddit.com/04D7A9,page text
http,{000000248D76-2992197A},2010-04-15 07:19:17,WBM5944,PC-0134,http://www.yahoo.com/1E992D,page text
http,{000000248D71-1046CC03},2010-04-15 08:32:49,WBM5944,PC-0134,http://www.drive.google.com/391A33,page text
http,{000000248D73-15B4703C},2010-04-15 08:47:16,WBM5944,PC-0134,http://www.yahoo.com/01DD39,page text
http,{000000248D75-39FC0302},2010-04-15 09:54:36,WBM5944,PC-0134,http://www.amazon.com/363529,page text
http,{000000248D70-3525C781},2010-04-15 11:37:31,WBM5944,PC-0134,http://www.drive.google.com/359E84,page text
http,{000000248D72-2CE94C2E},2010-04-15 16:05:21,WBM5944,PC-0134,http://www.linkedin.com/0F408E,page text
http,{000000248D7A-115A4EE6},2010-04-16 10:23:40,WBM5944,PC-0134,http://www.linkedin.com/258977,page text
http,{000000248D7B-12E7FD97},2010-04-16 10:42:28,WBM5944,PC-0134,http://www.dropbox.com/2B960A,page text
http,{000000248D78-287C2B42},2010-04-16 12:41:59,WBM5944,PC-0134,http://www.drive.google.com/3B62B1,page text
http,{000000248D7C-33B9BEC1},2010-04-16 12:42:23,WBM5944,PC-0134,http://www.dropbox.com/07EFF8,page text
http,{000000248D77-05BA57DC},2010-04-16 13:48:35,WBM5944,PC-0134,http://www.amazon.com/22552F,page text
http,{000000248D79-0DEEB995},2010-04-16 15:47:06,WBM5944,PC-0134,http://www.dropbox.com/08F0B6,page text
http,{000000248D7D-19D01190},2010-04-19 08:52:38,WBM5944,PC-0134,http://www.nytimes.com/0AA271,page text
http,{000000248D81-2A6A3E3B},2010-04-20 07:49:15,WBM5944,PC-0134,http://www.dropbox.com/1D5531,page text
http,{000000248D7E-29415121},2010-04-20 08:26:03,WBM5944,PC-0134,http://www.monster.com/07F0AE,page text
http,{000000248D82-110E2F04},2010-04-20 08:57:55,WBM5944,PC-0134,http://www.drive.google.com/1F9627,page text
http,{000000248D7F-252A1831},2010-04-20 09:18:27,WBM5944,PC-0134,http://www.dropbox.com/179394,page text
http,{000000248D85-1AC53E88},2010-04-20 11:37:14,WBM5944,PC-0134,http://www.linkedin.com/3E9916,page text
http,{000000248D84-176693DD},2010-04-20 11:46:28,WBM5944,PC-0134,http://www.monster.com/01A8BE,page text
http,{000000248D83-0414A914},2010-04-20 12:06:54,WBM5944,PC-0134,http://www.linkedin.com/2413E6,page text
http,{000000248D80-33515913},2010-04-20 17:44:48,WBM5944,PC-0134,http://www.dropbox.com/040E0C,page text
http,{000000248D86-2B1212B3},2010-04-21 08:31:23,WBM5944,PC-0134,http://www.linkedin.com/085A01,page text
http,{000000248D87-22CB08B8},2010-04-21 17:51:24,WBM5944,PC-0134,http://www.drive.google.com/2D3871,page text
http,{000000248D88-00824AE8},2010-04-22 09:19:12,WBM5944,PC-0134,http://www.dropbox.com/3E71CD,page text
http,{000000248D8B-1A785990},2010-04-22 10:36:58,WBM5944,PC-0134,http://www.weather.com/3B8F19,page text
http,{000000248D8A-21D85DEF},2010-04-22 13:15:47,WBM5944,PC-0134,http://www.nytimes.com/01DF24,page text
http,{000000248D8C-379B4300},2010-04-22 13:52:42,WBM5944,PC-0134,http://www.linkedin.com/064493,page text
http,{000000248D89-11B977EE},2010-04-22 13:57:28,WBM5944,PC-0134,http://www.dropbox.com/39D6E0,page text
http,{000000248D8E-3FDE1BED},2010-04-23 08:05:29,WBM5944,PC-0134,http://www.dropbox.com/16EFC4,page text
http,{000000248D8F-2763B345},2010-04-23 11:28:31,WBM5944,PC-0134,http://www.linkedin.com/26B231,page text
http,{000000248D8D-3E3FFE1A},2010-04-23 13:48:36,WBM5944,PC-0134,http://www.drive.google.com/03313A,page text
http,{000000248D93-1B1AE313},2010-04-26 07:50:48,WBM5944,PC-0134,http://www.linkedin.com/27E786,page text
http,{000000248D90-11AD8588},2010-04-26 08:50:08,WBM5944,PC-0134,http://www.yahoo.com/1D23A5,page text
http,{000000248D92-272D2DE9},2010-04-26 10:44:18,WBM5944,PC-0134,http://www.monster.com/0FF138,page text
http,{000000248D97-373D3825},2010-04-26 12:16:31,WBM5944,PC-0134,http://www.monster.com/047AEE,page text
http,{000000248D94-165B923F},2010-04-26 12:35:51,WBM5944,PC-0134,http://www.dropbox.com/016A3E,page text
http,{000000248D95-2AFCCFC5},2010-04-26 15:35:09,WBM5944,PC-0134,http://www.monster.com/29877E,page text
http,{000000248D91-045D3A4C},2010-04-26 15:35:25,WBM5944,PC-0134,http://www.drive.google.com/2685DE,page text
http,{000000248D96-3A6E58C4},2010-04-26 16:46:00,WBM5944,PC-0134,http://www.dropbox.com/39D27D,page text
