logon,{00000001BD8A-094BCFE1},2010-06-22 02:04:20,CCL9026,PC-0155,Logon
logon,{00000001C07C-10806A51},2010-06-22 03:54:20,CCL9026,PC-0128,Logoff
logon,{00000001BD88-1604EA32},2010-06-22 06:30:49,CCL9026,PC-0146,Logon
logon,{00000001BD89-3372D95A},2010-06-22 06:52:47,CCL9026,PC-0041,Logon
logon,{00000001C07B-3108107F},2010-06-22 08:20:47,CCL9026,PC-0159,Logoff
logon,{00000001C07A-2BE49C6D},2010-06-22 09:21:49,CCL9026,PC-0145,Logoff
logon,{00000001BD86-12500B74},2010-06-22 18:21:03,CCL9026,PC-0070,Logon
logon,{00000001BD84-0C47C4E6},2010-06-22 18:41:12,CCL9026,PC-0119,Logon
logon,{00000001C076-36E57A30},2010-06-22 19:15:12,CCL9026,PC-0016,Logoff
logon,{00000001BD8B-1B665144},2010-06-22 19:22:22,CCL9026,PC-0089,Logon
logon,{00000001C078-066192C5},2010-06-22 19:28:03,CCL9026,PC-0092,Logoff
logon,{00000001BD87-34E5D5D2},2010-06-22 21:44:59,CCL9026,PC-0067,Logon
logon,{00000001BD85-0B18411C},2010-06-22 21:49:05,CCL9026,PC-0034,Logon
logon,{00000001C07D-04BCEAF6},2010-06-22 22:46:22,CCL9026,PC-0086,Logoff
logon,{00000001C077-10F86F45},2010-06-22 23:07:05,CCL9026,PC-0038,Logoff
logon,{00000001C079-017C50F2},2010-06-22 23:51:59,CCL9026,PC-0118,Logoff
logon,{00000001BD8D-28AE9238},2010-06-23 00:38:21,CCL9026,PC-0089,Logon
logon,{00000001C07F-177D625E},2010-06-23 02:00:21,CCL9026,PC-0096,Logoff
logon,{00000001BD90-3778A438},2010-06-23 03:06:25,CCL9026,PC-0137,Logon
logon,{00000001C082-23DCC841},2010-06-23 05:37:25,CCL9026,PC-0099,Logoff
logon,{00000001BD91-140E54D8},2010-06-23 05:52:15,CCL9026,PC-0067,Logon
logon,{00000001C083-2C0D0B73},2010-06-23 06:47:15,CCL9026,PC-0119,Logoff
logon,{00000001BD8C-35ECBE86},2010-06-23 19:48:04,CCL9026,PC-0146,Logon
logon,{00000001BD92-3DEE02F2},2010-06-23 21:25:58,CCL9026,PC-0123,Logon
logon,{00000001BD8F-098FE73C},2010-06-23 22:15:59,CCL9026,PC-0091,Logon
logon,{00000001BD8E-365EB7EF},2010-06-23 22:53:36,CCL9026,PC-0038,Logon
logon,{00000001C07E-21C81234},2010-06-23 23:13:04,CCL9026,PC-0148,Logoff
logon,{00000001C084-12BD297B},2010-06-23 23:31:58,CCL9026,PC-0135,Logoff
logon,{00000001C081-254B8894},2010-06-24 01:04:59,CCL9026,PC-0058,Logoff
logon,{00000001C080-312CB737},2010-06-24 01:21:36,CCL9026,PC-0000,Logoff
logon,{00000001BD93-3929C2AB},2010-06-24 06:22:59,CCL9026,PC-0114,Logon
logon,{00000001C085-2FCA5AAC},2010-06-24 08:54:59,CCL9026,PC-0057,Logoff
logon,{00000001BD95-0EB7DC5E},2010-06-24 20:37:17,CCL9026,PC-0123,Logon
logon,{00000001BD94-015DA20E},2010-06-24 20:48:06,CCL9026,PC-0004,Logon
logon,{00000001C087-1F46D72C},2010-06-24 21:27:17,CCL9026,PC-0003,Logoff
logon,{00000001C086-22C10EA7},2010-06-25 00:30:06,CCL9026,PC-0158,Logoff
logon,{00000001BD97-1E93929A},2010-06-25 18:08:50,CCL9026,PC-0099,Logon
logon,{00000001BD96-3999CC4E},2010-06-25 20:05:10,CCL9026,PC-0044,Logon
logon,{00000001C089-1D9C25BD},2010-06-25 20:47:50,CCL9026,PC-0006,Logoff
logon,{00000001C088-0ED90223},2010-06-25 21:37:10,CCL9026,PC-0134,Logoff
logon,{00000001BD98-048EB11D},2010-06-25 22:46:42,CCL9026,PC-0054,Logon
logon,{00000001BD99-36E443DB},2010-06-25 23:25:08,CCL9026,PC-0152,Logon
logon,{00000001C08B-2D672345},2010-06-26 02:24:08,CCL9026,PC-0104,Logoff
logon,{00000001C08A-29CFED3C},2010-06-26 02:29:42,CCL9026,PC-0021,Logoff
logon,{00000001BD9B-06806D5F},2010-06-28 01:10:53,CCL9026,PC-0112,Logon
logon,{00000001C08D-33AE8D32},2010-06-28 02:30:53,CCL9026,PC-0153,Logoff
logon,{00000001BD9A-0654D3F4},2010-06-28 05:27:42,CCL9026,PC-0147,Logon
logon,{00000001C08C-232C2490},2010-06-28 09:23:42,CCL9026,PC-0135,Logoff
logon,{00000001BD9C-31DFA5CE},2010-06-28 19:45:08,CCL9026,PC-0012,Logon
logon,{00000001BD9D-342BB302},2010-06-28 19:49:56,CCL9026,PC-0053,Logon
logon,{00000001C08F-3C64E8FD},2010-06-28 22:53:56,CCL9026,PC-0039,Logoff
logon,{00000001C08E-26120B18},2010-06-28 23:26:08,CCL9026,PC-0070,Logoff
logon,{00000001BD9E-2941E2CB},2010-06-29 01:14:09,CCL9026,PC-0039,Logon
logon,{00000001C090-1F636719},2010-06-29 04:05:09,CCL9026,PC-0158,Logoff
logon,{00000001BDA0-2317AF02},2010-06-29 04:12:25,CCL9026,PC-0000,Logon
logon,{00000001C092-256E3722},2010-06-29 08:01:25,CCL9026,PC-0150,Logoff
logon,{00000001BD9F-00D1F02E},2010-06-29 20:01:01,CCL9026,PC-0147,Logon
logon,{00000001BDA4-39F18514},2010-06-29 20:14:21,CCL9026,PC-0150,Logon
logon,{00000001BDA3-3A87FC5A},2010-06-29 20:28:38,CCL9026,PC-0025,Logon
logon,{00000001BDA2-0F945BEC},2010-06-29 21:01:11,CCL9026,PC-0141,Logon
logon,{00000001C095-37FEDF49},2010-06-29 21:05:38,CCL9026,PC-0156,Logoff
logon,{00000001C091-326D667A},2010-06-29 21:07:01,CCL9026,PC-0094,Logoff
logon,{00000001BDA5-0FC11F6E},2010-06-29 22:46:48,CCL9026,PC-0032,Logon
logon,{00000001C097-0351C5CE},2010-06-29 23:19:48,CCL9026,PC-0151,Logoff
logon,{00000001C094-1E8040C8},2010-06-29 23:40:11,CCL9026,PC-0082,Logoff
logon,{00000001BDA1-31A9112A},2010-06-29 23:42:10,CCL9026,PC-0012,Logon
logon,{00000001C096-144C7F14},2010-06-29 23:47:21,CCL9026,PC-0010,Logoff
logon,{00000001C093-23D8A591},2010-06-30 00:25:10,CCL9026,PC-0095,Logoff
logon,{00000001BDA7-0F447E11},2010-06-30 06:57:33,CCL9026,PC-0138,Logon
logon,{00000001C099-351719D9},2010-06-30 07:32:33,CCL9026,PC-0158,Logoff
logon,{00000001BDA6-2817C67D},2010-06-30 18:24:45,CCL9026,PC-0081,Logon
logon,{00000001C098-1CF91923},2010-06-30 19:48:45,CCL9026,PC-0023,Logoff
logon,{00000001BDA8-38628C8E},2010-06-30 20:30:44,CCL9026,PC-0098,Logon
logon,{00000001C09A-0D8B022F},2010-06-30 23:02:44,CCL9026,PC-0065,Logoff
logon,{00000001BDAC-1870391A},2010-07-01 04:58:48,CCL9026,PC-0084,Logon
logon,{00000001C09E-39CDC903},2010-07-01 07:24:48,CCL9026,PC-0019,Logoff
logon,{00000001BDAD-0FD16E1F},2010-07-01 19:36:59,CCL9026,PC-0086,Logon
logon,{00000001BDA9-12223EE0},2010-07-01 19:51:37,CCL9026,PC-0100,Logon
logon,{00000001BDAE-101B0365},2010-07-01 20:31:28,CCL9026,PC-0045,Logon
logon,{00000001BDAB-22564BDC},2010-07-01 20:42:53,CCL9026,PC-0147,Logon
logon,{00000001BDAF-03CA8215},2010-07-01 22:15:46,CCL9026,PC-0116,Logon
logon,{00000001C0A0-2B9C048A},2010-07-01 22:36:28,CCL9026,PC-0142,Logoff
logon,{00000001C09D-1C1DD02A},2010-07-01 23:15:53,CCL9026,PC-0127,Logoff
logon,{00000001C09F-0A94609A},2010-07-01 23:19:59,CCL9026,PC-0111,Logoff
logon,{00000001C09B-39028A34},2010-07-01 23:23:37,CCL9026,PC-0110,Logoff
logon,{00000001BDAA-1E2B952B},2010-07-01 23:45:02,CCL9026,PC-0153,Logon
logon,{00000001C0A1-0D040569},2010-07-02 01:28:46,CCL9026,PC-0126,Logoff
logon,{00000001C09C-0099C544},2010-07-02 01:47:02,CCL9026,PC-0016,Logoff
logon,{00000001BDB2-34328258},2010-07-02 04:02:33,CCL9026,PC-0108,Logon
logon,{00000001C0A4-1486BDF1},2010-07-02 07:58:33,CCL9026,PC-0098,Logoff
logon,{00000001BDB0-0754AB3F},2010-07-02 19:23:10,CCL9026,PC-0139,Logon
logon,{00000001BDB1-0779E042},2010-07-02 19:38:00,CCL9026,PC-0003,Logon
logon,{00000001C0A2-3BFE0A2A},2010-07-02 21:44:10,CCL9026,PC-0038,Logoff
logon,{00000001C0A3-277BA5DD},2010-07-02 23:03:00,CCL9026,PC-0137,Logoff
logon,{00000001BDB7-215865CB},2010-07-05 02:41:00,CCL9026,PC-0101,Logon
logon,{00000001BDB4-072F89C0},2010-07-05 02:54:00,CCL9026,PC-0109,Logon
logon,{00000001C0A6-20DC0056},2010-07-05 03:41:00,CCL9026,PC-0069,Logoff
logon,{00000001BDB3-2F48BE0A},2010-07-05 04:39:36,CCL9026,PC-0111,Logon
logon,{00000001C0A9-1172380C},2010-07-05 06:01:00,CCL9026,PC-0146,Logoff
logon,{00000001C0A5-19064CF1},2010-07-05 07:51:36,CCL9026,PC-0109,Logoff
logon,{00000001BDB6-0C27F0E2},2010-07-05 18:24:38,CCL9026,PC-0096,Logon
logon,{00000001BDB8-38D4B668},2010-07-05 19:56:00,CCL9026,PC-0053,Logon
logon,{00000001BDB5-12200E30},2010-07-05 20:44:29,CCL9026,PC-0033,Logon
logon,{00000001C0A8-2C011094},2010-07-05 20:45:38,CCL9026,PC-0099,Logoff
logon,{00000001BDB9-0D2744BC},2010-07-05 21:20:00,CCL9026,PC-0126,Logon
logon,{00000001C0AA-16830888},2010-07-05 21:43:00,CCL9026,PC-0078,Logoff
logon,{00000001BDBA-3CB30461},2010-07-05 21:47:39,CCL9026,PC-0050,Logon
logon,{00000001C0AB-2B669C67},2010-07-05 23:15:00,CCL9026,PC-0046,Logoff
logon,{00000001C0A7-10F39EE5},2010-07-06 00:41:29,CCL9026,PC-0014,Logoff
logon,{00000001C0AC-08CCB404},2010-07-06 01:46:39,CCL9026,PC-0069,Logoff
logon,{00000001BDBB-0C8CFC4B},2010-07-06 03:17:55,CCL9026,PC-0029,Logon
logon,{00000001BDBE-09CD331F},2010-07-06 03:48:18,CCL9026,PC-0110,Logon
logon,{00000001C0AD-198CEC3B},2010-07-06 05:46:55,CCL9026,PC-0141,Logoff
logon,{00000001BDC1-29209870},2010-07-06 05:50:21,CCL9026,PC-0087,Logon
logon,{00000001C0B3-187D10CC},2010-07-06 06:34:21,CCL9026,PC-0049,Logoff
logon,{00000001C0B0-271BCF46},2010-07-06 07:01:18,CCL9026,PC-0082,Logoff
logon,{00000001BDBC-1F6526D6},2010-07-06 18:27:05,CCL9026,PC-0053,Logon
logon,{00000001BDBF-35EED9C3},2010-07-06 19:55:41,CCL9026,PC-0061,Logon
logon,{00000001BDC2-107A91D4},2010-07-06 21:36:25,CCL9026,PC-0157,Logon
logon,{00000001C0B1-192E0173},2010-07-06 21:46:41,CCL9026,PC-0076,Logoff
logon,{00000001BDBD-0FC67F38},2010-07-06 22:07:39,CCL9026,PC-0059,Logon
logon,{00000001C0AE-09D92E4C},2010-07-06 22:22:05,CCL9026,PC-0082,Logoff
logon,{00000001BDC0-226FB808},2010-07-06 23:19:07,CCL9026,PC-0034,Logon
logon,{00000001C0B4-247E912C},2010-07-07 00:35:25,CCL9026,PC-0045,Logoff
logon,{00000001C0AF-09176FAD},2010-07-07 01:22:39,CCL9026,PC-0069,Logoff
logon,{00000001C0B2-049821C3},2010-07-07 02:39:07,CCL9026,PC-0035,Logoff
logon,{00000001BDC7-041C869C},2010-07-07 02:54:29,CCL9026,PC-0088,Logon
logon,{00000001C0B9-03A7F988},2010-07-07 05:48:29,CCL9026,PC-0142,Logoff
logon,{00000001BDC5-37B38D14},2010-07-07 06:30:30,CCL9026,PC-0016,Logon
logon,{00000001C0B7-33F9FBE6},2010-07-07 09:28:30,CCL9026,PC-0088,Logoff
logon,{00000001BDC4-0E45F76D},2010-07-07 18:39:11,CCL9026,PC-0125,Logon
logon,{00000001BDC3-1C50CA08},2010-07-07 19:38:45,CCL9026,PC-0026,Logon
logon,{00000001BDC6-1D35EDE5},2010-07-07 20:23:48,CCL9026,PC-0089,Logon
logon,{00000001C0B6-2707D244},2010-07-07 21:01:11,CCL9026,PC-0155,Logoff
logon,{00000001C0B8-2FB97136},2010-07-07 21:16:48,CCL9026,PC-0064,Logoff
logon,{00000001C0B5-216148AC},2010-07-07 23:33:45,CCL9026,PC-0055,Logoff
logon,{00000001BDC9-022833D0},2010-07-08 18:04:03,CCL9026,PC-0145,Logon
logon,{00000001BDCD-12DF1E44},2010-07-08 19:03:20,CCL9026,PC-0158,Logon
logon,{00000001BDCA-2052AAFA},2010-07-08 19:36:06,CCL9026,PC-0107,Logon
logon,{00000001C0BF-3B5A67CB},2010-07-08 20:15:20,CCL9026,PC-0009,Logoff
logon,{00000001C0BC-35967CBD},2010-07-08 21:14:06,CCL9026,PC-0051,Logoff
logon,{00000001BDCC-2863F21A},2010-07-08 21:28:14,CCL9026,PC-0084,Logon
logon,{00000001C0BB-0E579A7C},2010-07-08 21:29:03,CCL9026,PC-0058,Logoff
logon,{00000001C0BE-02194320},2010-07-08 22:31:14,CCL9026,PC-0014,Logoff
logon,{00000001BDC8-069950C5},2010-07-08 22:33:53,CCL9026,PC-0130,Logon
logon,{00000001BDCB-0C197CC5},2010-07-08 22:53:18,CCL9026,PC-0074,Logon
logon,{00000001BDD0-268466B2},2010-07-09 00:12:24,CCL9026,PC-0060,Logon
logon,{00000001C0BD-1377F1DE},2010-07-09 00:35:18,CCL9026,PC-0147,Logoff
logon,{00000001C0BA-3E06BEF0},2010-07-09 02:15:53,CCL9026,PC-0032,Logoff
logon,{00000001C0C2-3D770378},2010-07-09 02:46:24,CCL9026,PC-0076,Logoff
logon,{00000001BDCE-160D7B09},2010-07-09 19:27:29,CCL9026,PC-0156,Logon
logon,{00000001BDCF-2685C153},2010-07-09 20:30:07,CCL9026,PC-0067,Logon
logon,{00000001C0C0-03674CAE},2010-07-09 22:22:29,CCL9026,PC-0085,Logoff
logon,{00000001C0C1-0366B684},2010-07-09 23:25:07,CCL9026,PC-0136,Logoff
logon,{00000001BDD1-2725E00E},2010-07-12 20:52:03,CCL9026,PC-0053,Logon
logon,{00000001C0C3-2F2CCE4E},2010-07-12 22:54:03,CCL9026,PC-0023,Logoff
logon,{00000001BDD6-1691D0D3},2010-07-13 06:00:15,CCL9026,PC-0133,Logon
logon,{00000001BDD8-34C05248},2010-07-13 06:21:01,CCL9026,PC-0081,Logon
logon,{00000001C0C8-3113242A},2010-07-13 06:33:15,CCL9026,PC-0117,Logoff
logon,{00000001C0CA-130523FA},2010-07-13 07:42:01,CCL9026,PC-0016,Logoff
logon,{00000001BDD7-1F6C6BCF},2010-07-13 18:18:02,CCL9026,PC-0069,Logon
logon,{00000001BDD2-320D4298},2010-07-13 20:09:42,CCL9026,PC-0096,Logon
logon,{00000001C0C9-0DA7A596},2010-07-13 20:59:02,CCL9026,PC-0154,Logoff
logon,{00000001BDD5-2BAB77C3},2010-07-13 21:02:44,CCL9026,PC-0130,Logon
logon,{00000001BDD4-31ED38A3},2010-07-13 23:01:30,CCL9026,PC-0016,Logon
logon,{00000001BDD3-124A5DB7},2010-07-13 23:01:57,CCL9026,PC-0013,Logon
logon,{00000001C0C4-347AB0C9},2010-07-13 23:35:42,CCL9026,PC-0077,Logoff
logon,{00000001C0C7-2178971B},2010-07-14 00:41:44,CCL9026,PC-0091,Logoff
logon,{00000001C0C6-2C60FBEC},2010-07-14 01:12:30,CCL9026,PC-0067,Logoff
logon,{00000001C0C5-2A9BC016},2010-07-14 02:24:57,CCL9026,PC-0008,Logoff
logon,{00000001BDDA-34476F89},2010-07-14 03:27:03,CCL9026,PC-0069,Logon
logon,{00000001C0CC-0AC5CB42},2010-07-14 05:45:03,CCL9026,PC-0034,Logoff
logon,{00000001BDDB-1DEB38E9},2010-07-14 21:32:58,CCL9026,PC-0107,Logon
logon,{00000001BDDD-2FDFFA54},2010-07-14 22:32:13,CCL9026,PC-0145,Logon
logon,{00000001BDDC-0B5E287C},2010-07-14 23:12:37,CCL9026,PC-0109,Logon
logon,{00000001BDD9-127A0E46},2010-07-14 23:31:56,CCL9026,PC-0042,Logon
logon,{00000001C0CF-0181A4DD},2010-07-15 00:44:13,CCL9026,PC-0058,Logoff
logon,{00000001C0CD-14E891E4},2010-07-15 00:55:58,CCL9026,PC-0069,Logoff
logon,{00000001C0CB-3B496B7E},2010-07-15 01:49:56,CCL9026,PC-0007,Logoff
logon,{00000001BDDE-24ABC298},2010-07-15 02:22:20,CCL9026,PC-0049,Logon
logon,{00000001C0CE-30D7FAA3},2010-07-15 02:32:37,CCL9026,PC-0047,Logoff
logon,{00000001BDDF-29917230},2010-07-15 02:57:38,CCL9026,PC-0111,Logon
logon,{00000001C0D1-183BAFD0},2010-07-15 03:48:38,CCL9026,PC-0114,Logoff
logon,{00000001C0D0-033231B4},2010-07-15 05:04:20,CCL9026,PC-0096,Logoff
logon,{00000001BDE0-1586C649},2010-07-15 23:04:23,CCL9026,PC-0139,Logon
logon,{00000001BDE6-35A84CAC},2010-07-16 00:09:19,CCL9026,PC-0083,Logon
logon,{00000001C0D2-021487BF},2010-07-16 00:13:23,CCL9026,PC-0001,Logoff
logon,{00000001C0D8-2B2D2C7A},2010-07-16 02:18:19,CCL9026,PC-0066,Logoff
logon,{00000001BDE1-13F51F62},2010-07-16 06:47:55,CCL9026,PC-0140,Logon
logon,{00000001C0D3-13DAC037},2010-07-16 08:50:55,CCL9026,PC-0125,Logoff
logon,{00000001BDE3-1F7983ED},2010-07-16 19:37:12,CCL9026,PC-0006,Logon
logon,{00000001BDE2-0687D246},2010-07-16 20:28:19,CCL9026,PC-0077,Logon
logon,{00000001BDE5-39FF085E},2010-07-16 21:30:55,CCL9026,PC-0034,Logon
logon,{00000001C0D4-1B29AE43},2010-07-16 21:32:19,CCL9026,PC-0063,Logoff
logon,{00000001C0D5-38F932B6},2010-07-16 21:42:12,CCL9026,PC-0037,Logoff
logon,{00000001C0D7-147A58EA},2010-07-16 22:16:55,CCL9026,PC-0014,Logoff
logon,{00000001BDE4-2AF78BB4},2010-07-16 23:44:59,CCL9026,PC-0136,Logon
logon,{00000001BDE7-3A1B80DC},2010-07-16 23:59:40,CCL9026,PC-0085,Logon
logon,{00000001C0D9-3ADCBCF9},2010-07-17 01:28:40,CCL9026,PC-0103,Logoff
logon,{00000001C0D6-037811AC},2010-07-17 02:08:59,CCL9026,PC-0094,Logoff
device,{00000001EF6A-0490952F},2010-06-23 17:32:16,CCL9026,PC-0010,Connect
device,{00000001F0F4-00F94641},2010-06-23 17:45:16,CCL9026,PC-0010,Disconnect
device,{00000001EF6B-15E55C9E},2010-06-28 08:30:13,CCL9026,PC-0010,Connect
device,{00000001F0F5-02F7752C},2010-06-28 08:41:13,CCL9026,PC-0010,Disconnect
device,{00000001EF6C-201F40D5},2010-06-29 11:33:03,CCL9026,PC-0010,Connect
device,{00000001F0F6-393CDB00},2010-06-29 12:41:03,CCL9026,PC-0010,Disconnect
device,{00000001EF6D-2F57F361},2010-07-01 16:08:38,CCL9026,PC-0010,Connect
device,{00000001F0F7-3CB77030},2010-07-01 17:08:38,CCL9026,PC-0010,Disconnect
device,{00000001EF6E-147D9F74},2010-07-05 12:32:00,CCL9026,PC-0010,Connect
device,{00000001F0F8-21E041D5},2010-07-05 13:17:00,CCL9026,PC-0010,Disconnect
device,{00000001EF6F-22B685D4},2010-07-12 07:13:56,CCL9026,PC-0010,Connect
device,{00000001F0F9-1EE5094D},2010-07-12 08:12:56,CCL9026,PC-0010,Disconnect
device,{00000001EF70-0329D24B},2010-07-15 11:50:11,CCL9026,PC-0010,Connect
device,{00000001F0FA-221842D6},2010-07-15 12:28:11,CCL9026,PC-0010,Disconnect
device,{00000001EF71-1116A108},2010-07-16 10:29:14,CCL9026,PC-0010,Connect
device,{00000001F0FB-138F5A7C},2010-07-16 11:43:14,CCL9026,PC-0010,Disconnect
file,{00000002C9D9-11CE2A67},2010-06-22 17:46:16,CCL9026,PC-0010,253148.zip,D0-CF-11-E0
file,{00000002C9DA-2F27BBCF},2010-06-23 11:56:48,CCL9026,PC-0010,ACD630.doc,D0-CF-11-E0
file,{00000002C9DB-1A6F12C1},2010-06-23 12:42:59,CCL9026,PC-0010,1B6EAA.doc,D0-CF-11-E0
file,{00000002C9DC-257E1C12},2010-06-24 08:12:32,CCL9026,PC-0010,6D0B07.pdf,D0-CF-11-E0
file,{00000002C9DF-24A15827},2010-06-25 07:10:05,CCL9026,PC-0010,BEC54D.zip,D0-CF-11-E0
file,{00000002C9DE-289BF763},2010-06-25 08:17:49,CCL9026,PC-0010,BC23BB.txt,D0-CF-11-E0
file,{00000002C9DD-2DB68A01},2010-06-25 15:49:03,CCL9026,PC-0010,0C23CC.pdf,D0-CF-11-E0
file,{00000002C9E0-32A0CC58},2010-06-28 07:46:58,CCL9026,PC-0010,FF1027.pdf,D0-CF-11-E0
file,{00000002C9E2-21104352},2010-06-28 07:48:21,CCL9026,PC-0010,942D79.zip,D0-CF-11-E0
file,{00000002C9E1-01B8F5D3},2010-06-28 16:47:50,CCL9026,PC-0010,EA4B99.doc,D0-CF-11-E0
file,{00000002C9E3-13B99B28},2010-06-28 17:18:13,CCL9026,PC-0010,8958F3.pdf,D0-CF-11-E0
file,{00000002C9E6-0A2360D5},2010-06-30 09:39:25,CCL9026,PC-0010,84B915.doc,D0-CF-11-E0
file,{00000002C9E7-1B2F2F2D},2010-06-30 12:24:33,CCL9026,PC-0010,8F0CE0.doc,D0-CF-11-E0
file,{00000002C9E4-3B640869},2010-06-30 15:20:12,CCL9026,PC-0010,90F930.zip,D0-CF-11-E0
file,{00000002C9E5-20770B63},2010-06-30 15:22:32,CCL9026,PC-0010,42D5CC.pdf,D0-CF-11-E0
file,{00000002C9E9-311C2072},2010-07-01 08:09:20,CCL9026,PC-0010,551AF1.pdf,D0-CF-11-E0
file,{00000002C9EC-10D0590D},2010-07-01 08:29:14,CCL9026,PC-0010,3F39E3.doc,D0-CF-11-E0
file,{00000002C9EB-1D971475},2010-07-01 14:11:08,CCL9026,PC-0010,5F6413.zip,D0-CF-11-E0
file,{00000002C9EA-388EE544},2010-07-01 16:48:55,CCL9026,PC-0010,570DBC.zip,D0-CF-11-E0
file,{00000002C9E8-3681E15E},2010-07-01 17:21:22,CCL9026,PC-0010,65BC17.zip,D0-CF-11-E0
file,{00000002C9F1-0760B704},2010-07-02 07:10:35,CCL9026,PC-0010,E30DB2.pdf,D0-CF-11-E0
file,{00000002C9EF-10E2F1EE},2010-07-02 13:06:58,CCL9026,PC-0010,ACA45B.pdf,D0-CF-11-E0
file,{00000002C9F0-03A9E7BA},2010-07-02 14:04:12,CCL9026,PC-0010,9EDEA3.zip,D0-CF-11-E0
file,{00000002C9EE-036657E8},2010-07-02 15:31:41,CCL9026,PC-0010,8583FF.zip,D0-CF-11-E0
file,{00000002C9ED-34F5D44A},2010-07-02 15:49:14,CCL9026,PC-0010,2F67F5.doc,D0-CF-11-E0
file,{00000002C9F3-2539657A},2010-07-05 12:33:47,CCL9026,PC-0010,9FD896.txt,D0-CF-11-E0
file,{00000002C9F2-097B7A8A},2010-07-05 15:08:57,CCL9026,PC-0010,D035E5.pdf,D0-CF-11-E0
file,{00000002C9F4-2E11DED4},2010-07-05 15:54:39,CCL9026,PC-0010,CD6715.doc,D0-CF-11-E0
file,{00000002C9F9-04B7A897},2010-07-06 08:28:30,CCL9026,PC-0010,241508.doc,D0-CF-11-E0
file,{00000002C9F5-31050C6D},2010-07-06 09:33:46,CCL9026,PC-0010,C419B9.pdf,D0-CF-11-E0
file,{00000002C9F8-18AEF70B},2010-07-06 10:46:06,CCL9026,PC-0010,A2D409.zip,D0-CF-11-E0
file,{00000002C9F7-016DF2E8},2010-07-06 11:46:19,CCL9026,PC-0010,14EA8F.pdf,D0-CF-11-E0
file,{00000002C9F6-1AF2CE36},2010-07-06 15:04:29,CCL9026,PC-0010,1EB07C.pdf,D0-CF-11-E0
file,{00000002C9FD-19F1EF0F},2010-07-07 12:22:10,CCL9026,PC-0010,5BFBB1.zip,D0-CF-11-E0
file,{00000002C9FC-104F8CFE},2010-07-07 12:45:50,CCL9026,PC-0010,6300E4.doc,D0-CF-11-E0
file,{00000002C9FB-35057483},2010-07-07 13:39:22,CCL9026,PC-0010,19CADE.png,D0-CF-11-E0
file,{00000002C9FE-1F9024AA},2010-07-07 15:37:23,CCL9026,PC-0010,A97690.doc,D0-CF-11-E0
file,{00000002C9FA-15FD3330},2010-07-07 17:57:02,CCL9026,PC-0010,1FF800.zip,D0-CF-11-E0
file,{00000002CA00-021736DA},2010-07-08 09:15:11,CCL9026,PC-0010,D3E19F.zip,D0-CF-11-E0
file,{00000002CA02-0905F25D},2010-07-08 09:30:28,CCL9026,PC-0010,DFD8E5.pdf,D0-CF-11-E0
file,{00000002CA03-105A49C1},2010-07-08 10:50:37,CCL9026,PC-0010,499A68.pdf,D0-CF-11-E0
file,{00000002C9FF-204F065B},2010-07-08 14:52:52,CCL9026,PC-0010,A4323E.doc,D0-CF-11-E0
file,{00000002CA01-0E3E3E90},2010-07-08 17:27:49,CCL9026,PC-0010,CFBB79.pdf,D0-CF-11-E0
file,{00000002CA08-2970E96A},2010-07-09 08:19:57,CCL9026,PC-0010,B5F497.pdf,D0-CF-11-E0
file,{00000002CA06-341C848F},2010-07-09 08:26:34,CCL9026,PC-0010,055241.pdf,D0-CF-11-E0
file,{00000002CA05-0746CA49},2010-07-09 10:46:12,CCL9026,PC-0010,766139.pdf,D0-CF-11-E0
file,{00000002CA07-39E69FFD},2010-07-09 11:34:34,CCL9026,PC-0010,4055D5.zip,D0-CF-11-E0
file,{00000002CA04-2190C3A2},2010-07-09 16:31:11,CCL9026,PC-0010,D4D13F.pdf,D0-CF-11-E0
file,{00000002CA09-05425916},2010-07-12 12:06:14,CCL9026,PC-0010,034934.zip,D0-CF-11-E0
file,{00000002CA0E-204AD455},2010-07-13 16:05:41,CCL9026,PC-0010,AACDAB.txt,D0-CF-11-E0
file,{00000002CA0B-1E735A24},2010-07-13 16:15:31,CCL9026,PC-0010,FDB284.doc,D0-CF-11-E0
file,{00000002CA0D-0B34862F},2010-07-13 16:31:27,CCL9026,PC-0010,6DAD6A.doc,D0-CF-11-E0
file,{00000002CA0A-39DAC2E2},2010-07-13 17:16:33,CCL9026,PC-0010,5574D6.pdf,D0-CF-11-E0
file,{00000002CA0C-2E78CBDB},2010-07-13 17:21:17,CCL9026,PC-0010,9E5F3B.doc,D0-CF-11-E0
file,{00000002CA0F-31BB94A1},2010-07-14 16:51:17,CCL9026,PC-0010,9E8A55.pdf,D0-CF-11-E0
file,{00000002CA12-0A250D3B},2010-07-15 10:18:02,CCL9026,PC-0010,C1CA7A.pdf,D0-CF-11-E0
file,{00000002CA11-07BEFB82},2010-07-15 16:30:20,CCL9026,PC-0010,D6E538.pdf,D0-CF-11-E0
file,{00000002CA10-1A3B9956},2010-07-15 17:07:17,CCL9026,PC-0010,31D032.doc,D0-CF-11-E0
file,{00000002CA16-2151F86E},2010-07-16 08:24:00,CCL9026,PC-0010,A2D636.zip,D0-CF-11-E0
file,{00000002CA14-1F4F4A4B},2010-07-16 12:57:02,CCL9026,PC-0010,E7B095.zip,D0-CF-11-E0
file,{00000002CA18-130D9E77},2010-07-16 14:33:22,CCL9026,PC-0010,61D87D.pdf,D0-CF-11-E0
file,{00000002CA17-26284EBA},2010-07-16 14:51:31,CCL9026,PC-0010,BB16DE.doc,D0-CF-11-E0
file,{00000002CA13-3075F234},2010-07-16 17:16:41,CCL9026,PC-0010,8AADF9.txt,D0-CF-11-E0
file,{00000002CA15-3287B686},2010-07-16 17:45:39,CCL9026,PC-0010,81EE38.pdf,D0-CF-11-E0
email,{0000000619BE-18331A95},2010-06-22 15:09:39,CCL9026,PC-0010,A24A8@outlook.com,,,ccl9026@dtaa.com,709666,6,meeting notes attached
email,{0000000619C1-00D11B97},2010-06-23 10:02:54,CCL9026,PC-0010,5D1DA@gmail.com,,,ccl9026@dtaa.com,1216399,3,meeting notes attached
email,{0000000619C0-3E90962B},2010-06-23 13:45:48,CCL9026,PC-0010,CB79D@gmail.com,,,ccl9026@dtaa.com,1224891,3,meeting notes attached
email,{0000000619BF-179D01A7},2010-06-23 16:20:22,CCL9026,PC-0010,6C58B@aol.com,,,ccl9026@dtaa.com,350745,1,meeting notes attached
email,{0000000619C2-01BEB707},2010-06-24 12:09:37,CCL9026,PC-0010,4F7AC@gmail.com,,,ccl9026@dtaa.com,634046,5,meeting notes attached
email,{0000000619C3-0FE82632},2010-06-24 16:37:10,CCL9026,PC-0010,D452D@aol.com,,,ccl9026@dtaa.com,392958,1,meeting notes attached
email,{0000000619C4-2F1E6F81},2010-06-25 12:13:52,CCL9026,PC-0010,04D4A@aol.com,,,ccl9026@dtaa.com,381638,1,meeting notes attached
email,{0000000619C5-3BDA9734},2010-06-25 14:02:49,CCL9026,PC-0010,E2815@yahoo.com,,,ccl9026@dtaa.com,748918,2,meeting notes attached
email,{0000000619C7-0577AE2F},2010-06-28 07:07:52,CCL9026,PC-0010,260FB@yahoo.com,,,ccl9026@dtaa.com,328082,3,meeting notes attached
email,{0000000619C6-1BEC134C},2010-06-28 14:27:35,CCL9026,PC-0010,BCFD0@yahoo.com,,,ccl9026@dtaa.com,398413,7,meeting notes attached
email,{0000000619C8-1D691B92},2010-07-01 17:59:15,CCL9026,PC-0010,7ABB0@outlook.com,,,ccl9026@dtaa.com,291660,2,meeting notes attached
email,{0000000619C9-16982FCB},2010-07-02 14:18:33,CCL9026,PC-0010,42687@outlook.com,,,ccl9026@dtaa.com,765955,2,meeting notes attached
email,{0000000619CB-21C44C1E},2010-07-05 13:12:18,CCL9026,PC-0010,424AD@hotmail.com,,,ccl9026@dtaa.com,1916826,5,meeting notes attached
email,{0000000619CA-25534BC7},2010-07-05 15:33:07,CCL9026,PC-0010,FD96C@gmail.com,,,ccl9026@dtaa.com,1850630,6,meeting notes attached
email,{0000000619CD-1F59B2FB},2010-07-06 16:39:16,CCL9026,PC-0010,F66FD@gmail.com,,,ccl9026@dtaa.com,1757815,6,meeting notes attached
email,{0000000619CC-30BC8F9B},2010-07-06 16:53:28,CCL9026,PC-0010,9AB6A@outlook.com,,,ccl9026@dtaa.com,379355,1,meeting notes attached
email,{0000000619CF-11257F5A},2010-07-07 09:34:22,CCL9026,PC-0010,71DD4@aol.com,,,ccl9026@dtaa.com,528399,2,meeting notes attached
email,{0000000619CE-277C79B8},2010-07-07 10:04:58,CCL9026,PC-0010,319D5@gmail.com,,,ccl9026@dtaa.com,244174,2,meeting notes attached
email,{0000000619D1-188AC661},2010-07-08 08:40:36,CCL9026,PC-0010,A4444@hotmail.com,,,ccl9026@dtaa.com,564062,2,meeting notes attached
email,{0000000619D0-210B3EE1},2010-07-08 09:16:00,CCL9026,PC-0010,74F48@yahoo.com,,,ccl9026@dtaa.com,2017614,7,meeting notes attached
email,{0000000619D2-21561540},2010-07-08 13:05:43,CCL9026,PC-0010,64598@aol.com,,,ccl9026@dtaa.com,2145154,6,meeting notes attached
email,{0000000619D4-277CAAAE},2010-07-09 12:27:13,CCL9026,PC-0010,E6B67@yahoo.com,,,ccl9026@dtaa.com,1137250,4,meeting notes attached
email,{0000000619D3-311A7B30},2010-07-09 14:04:24,CCL9026,PC-0010,82BCB@aol.com,,,ccl9026@dtaa.com,729099,3,meeting notes attached
email,{0000000619D5-15C5FA7F},2010-07-12 13:48:21,CCL9026,PC-0010,19D6D@outlook.com,,,ccl9026@dtaa.com,2517714,7,meeting notes attached
email,{0000000619D6-08A9F256},2010-07-13 12:30:06,CCL9026,PC-0010,A9B40@yahoo.com,,,ccl9026@dtaa.com,581946,6,meeting notes attached
email,{0000000619D7-31CE2DFF},2010-07-13 13:07:08,CCL9026,PC-0010,EA7A5@aol.com,,,ccl9026@dtaa.com,513984,3,meeting notes attached
email,{0000000619D8-1B1E40E7},2010-07-13 16:06:50,CCL9026,PC-0010,3DC21@hotmail.com,,,ccl9026@dtaa.com,1965721,5,meeting notes attached
email,{0000000619D9-0ED77B80},2010-07-14 10:30:23,CCL9026,PC-0010,157D5@outlook.com,,,ccl9026@dtaa.com,987926,4,meeting notes attached
email,{0000000619DA-1F8F8D08},2010-07-14 15:29:52,CCL9026,PC-0010,B1639@gmail.com,,,ccl9026@dtaa.com,730486,6,meeting notes attached
email,{0000000619DB-3D8D8DBC},2010-07-16 10:34:16,CCL9026,PC-0010,4DF39@outlook.com,,,ccl9026@dtaa.com,1311910,5,meeting notes attached
http,{00000024893C-01DB1AC4},2010-06-22 12:20:10,CCL9026,PC-0010,http://www.linkedin.com/107EC1,page text
http,{00000024893D-2829C3AA},2010-06-22 13:00:51,CCL9026,PC-0010,http://www.monster.com/2619BD,page text
http,{00000024893F-3B9945E4},2010-06-23 07:17:52,CCL9026,PC-0010,http://www.linkedin.com/2DD09C,page text
http,{000000248943-0EF78D81},2010-06-23 08:26:08,CCL9026,PC-0010,http://www.cnn.com/0B1DD5,page text
http,{000000248944-0750944F},2010-06-23 10:39:43,CCL9026,PC-0010,http://www.linkedin.com/0CB665,page text
http,{00000024893E-386F59E1},2010-06-23 11:49:05,CCL9026,PC-0010,http://www.monster.com/04488F,page text
http,{000000248940-0514512E},2010-06-23 13:44:34,CCL9026,PC-0010,http://www.linkedin.com/3E7424,page text
http,{000000248942-3B357CC4},2010-06-23 14:09:54,CCL9026,PC-0010,http://www.dropbox.com/1CD3EE,page text
http,{000000248941-0C8FDE66},2010-06-23 17:25:16,CCL9026,PC-0010,http://www.dropbox.com/31DC52,page text
http,{000000248945-0B3E39A8},2010-06-24 10:49:13,CCL9026,PC-0010,http://www.linkedin.com/063D7C,page text
http,{000000248946-0120AC9D},2010-06-24 11:20:00,CCL9026,PC-0010,http://www.drive.google.com/1426B2,page text
http,{000000248947-26CB177E},2010-06-24 17:50:35,CCL9026,PC-0010,http://www.stackoverflow.com/34FBDE,page text
http,{00000024894A-06D1171C},2010-06-25 07:29:47,CCL9026,PC-0010,http://www.dropbox.com/2ABCD4,page text
http,{000000248948-14F63C5C},2010-06-25 10:05:20,CCL9026,PC-0010,http://www.drive.google.com/02F9E8,page text
http,{000000248949-08BCFAC1},2010-06-25 11:45:18,CCL9026,PC-0010,http://www.linkedin.com/0040D9,page text
http,{00000024894B-2A527F6C},2010-06-25 17:47:45,CCL9026,PC-0010,http://www.weather.com/0B9698,page text
http,{000000248952-329296D8},2010-06-28 10:35:00,CCL9026,PC-0010,http://www.monster.com/1A0C1D,page text
http,{000000248950-14FC2C10},2010-06-28 12:07:36,CCL9026,PC-0010,http://www.weather.com/083DC1,page text
http,{00000024894E-09D21962},2010-06-28 14:24:32,CCL9026,PC-0010,http://www.linkedin.com/03BC2D,page text
http,{00000024894C-2E531252},2010-06-28 15:24:52,CCL9026,PC-0010,http://www.amazon.com/2B03D1,page text
http,{000000248953-0F3D376E},2010-06-28 15:28:27,CCL9026,PC-0010,http://www.monster.com/3FEF36,page text
http,{000000248951-0ACAE86E},2010-06-28 15:53:11,CCL9026,PC-0010,http://www.stackoverflow.com/14DCA1,page text
http,{00000024894D-26057006},2010-06-28 16:01:37,CCL9026,PC-0010,http://www.dropbox.com/108CC6,page text
http,{000000248954-18277C57},2010-06-28 16:41:39,CCL9026,PC-0010,http://www.drive.google.com/33C35A,page text
http,{00000024894F-3F1BA11B},2010-06-28 17:52:49,CCL9026,PC-0010,http://www.monster.com/2094D2,page text
http,{000000248958-0257384F},2010-06-29 07:45:53,CCL9026,PC-0010,http://www.drive.google.com/03850E,page text
http,{000000248957-09566195},2010-06-29 09:29:51,CCL9026,PC-0010,http://www.monster.com/2132D5,page text
http,{000000248959-0E13D6CF},2010-06-29 12:57:35,CCL9026,PC-0010,http://www.dropbox.com/028169,page text
http,{00000024895A-37446B47},2010-06-29 15:02:20,CCL9026,PC-0010,http://www.drive.google.com/3A977F,page text
http,{00000024895B-07D2170D},2010-06-29 16:25:16,CCL9026,PC-0010,http://www.monster.com/2B5A6E,page text
http,{000000248956-36FE3F7E},2010-06-29 17:19:36,CCL9026,PC-0010,http://www.linkedin.com/2E1185,page text
http,{000000248955-0C65F070},2010-06-29 17:40:49,CCL9026,PC-0010,http://www.monster.com/0E06B9,page text
http,{00000024895D-37B07C06},2010-06-30 14:04:47,CCL9026,PC-0010,http://www.dropbox.com/20B96D,page text
http,{00000024895C-0EDA9168},2010-06-30 14:11:37,CCL9026,PC-0010,http://www.dropbox.com/2D0878,page text
http,{000000248961-3A218477},2010-07-01 08:20:18,CCL9026,PC-0010,http://www.monster.com/07CF13,page text
http,{00000024895E-30102EC7},2010-07-01 08:41:56,CCL9026,PC-0010,http://www.monster.com/3F00E5,page text
http,{000000248960-31E85CB7},2010-07-01 12:13:48,CCL9026,PC-0010,http://www.linkedin.com/190AE9,page text
http,{00000024895F-33823BA2},2010-07-01 16:10:33,CCL9026,PC-0010,http://www.drive.google.com/013367,page text
http,{000000248963-1215BCAC},2010-07-02 09:23:11,CCL9026,PC-0010,http://www.drive.google.com/1143D9,page text
http,{000000248962-0F34D07A},2010-07-02 11:06:34,CCL9026,PC-0010,http://www.linkedin.com/10A68C,page text
http,{000000248966-3B5F80B1},2010-07-05 07:18:40,CCL9026,PC-0010,http://www.drive.google.com/1E98C7,page text
http,{000000248968-0CB22866},2010-07-05 07:50:53,CCL9026,PC-0010,http://www.dropbox.com/15C4D8,page text
http,{00000024896D-384B26E7},2010-07-05 08:08:43,CCL9026,PC-0010,http://www.monster.com/23035E,page text
http,{000000248967-15DCCEBC},2010-07-05 08:57:20,CCL9026,PC-0010,http://www.drive.google.com/2EFA0A,page text
http,{000000248969-17001DEF},2010-07-05 10:07:25,CCL9026,PC-0010,http://www.dropbox.com/302AE5,page text
http,{00000024896B-094ACF4C},2010-07-05 11:34:59,CCL9026,PC-0010,http://www.linkedin.com/340AA2,page text
http,{00000024896A-246EF769},2010-07-05 13:36:50,CCL9026,PC-0010,http://www.linkedin.com/1B046C,page text
http,{00000024896C-2DFF5E1A},2010-07-05 14:24:07,CCL9026,PC-0010,http://www.monster.com/3D4D29,page text
http,{000000248964-0B0D4519},2010-07-05 14:35:00,CCL9026,PC-0010,http://www.stackoverflow.com/03ACA2,page text
http,{000000248965-08CF7D33},2010-07-05 15:31:55,CCL9026,PC-0010,http://www.linkedin.com/03D0E8,page text
http,{00000024896E-15FE0519},2010-07-05 15:53:02,CCL9026,PC-0010,http://www.monster.com/07C84D,page text
http,{000000248970-0E1E261B},2010-07-06 11:17:28,CCL9026,PC-0010,http://www.linkedin.com/06B164,page text
http,{000000248971-18E4363A},2010-07-06 12:04:58,CCL9026,PC-0010,http://www.espn.com/1C6A84,page text
http,{00000024896F-11C4CADE},2010-07-06 17:50:45,CCL9026,PC-0010,http://www.dropbox.com/16D5E4,page text
http,{000000248975-12594E3E},2010-07-07 07:16:35,CCL9026,PC-0010,http://www.yahoo.com/04B82A,page text
http,{000000248977-11B94DDF},2010-07-07 09:31:59,CCL9026,PC-0010,http://www.linkedin.com/26437C,page text
http,{000000248973-22F42E84},2010-07-07 12:27:52,CCL9026,PC-0010,http://www.weather.com/0EB1C1,page text
http,{000000248974-323843AD},2010-07-07 14:11:50,CCL9026,PC-0010,http://www.drive.google.com/15C061,page text
http,{000000248972-3FA09019},2010-07-07 15:44:23,CCL9026,PC-0010,http://www.wikipedia.org/0F6181,page text
http,{000000248976-02E7319B},2010-07-07 17:40:59,CCL9026,PC-0010,http://www.dropbox.com/25785B,page text
http,{00000024897B-11E41B3D},2010-07-08 07:12:09,CCL9026,PC-0010,http://www.drive.google.com/1C772D,page text
http,{000000248978-3F0C2E70},2010-07-08 07:39:00,CCL9026,PC-0010,http://www.monster.com/34B88A,page text
http,{00000024897A-389F9D1C},2010-07-08 08:12:15,CCL9026,PC-0010,http://www.linkedin.com/0579F6,page text
http,{000000248979-386E7F06},2010-07-08 12:56:25,CCL9026,PC-0010,http://www.monster.com/3A79B1,page text
http,{000000248981-11455845},2010-07-09 07:11:20,CCL9026,PC-0010,http://www.monster.com/33874B,page text
http,{00000024897F-0FE7AEA0},2010-07-09 08:57:02,CCL9026,PC-0010,http://www.drive.google.com/0C7B44,page text
http,{00000024897C-14EF74E0},2010-07-09 12:50:21,CCL9026,PC-0010,http://www.drive.google.com/0F0DB1,page text
http,{00000024897D-006AFC52},2010-07-09 13:13:54,CCL9026,PC-0010,http://www.dropbox.com/164B74,page text
http,{00000024897E-0FF83A05},2010-07-09 14:51:28,CCL9026,PC-0010,http://www.yahoo.com/25CB0C,page text
http,{000000248980-3F88D56E},2010-07-09 15:17:17,CCL9026,PC-0010,http://www.cnn.com/2C7990,page text
http,{000000248982-275B1E07},2010-07-12 11:05:30,CCL9026,PC-0010,http://www.monster.com/356ACB,page text
http,{000000248983-26BF6394},2010-07-12 16:48:00,CCL9026,PC-0010,http://www.drive.google.com/3DA6F4,page text
http,{000000248984-121AA6CE},2010-07-12 16:54:58,CCL9026,PC-0010,http://www.linkedin.com/27746B,page text
http,{000000248988-2392C59D},2010-07-13 07:56:18,CCL9026,PC-0010,http://www.linkedin.com/29C0C4,page text
http,{000000248987-270A2BB4},2010-07-13 09:11:12,CCL9026,PC-0010,http://www.drive.google.com/1EBC37,page text
http,{000000248985-2F962DBF},2010-07-13 15:01:24,CCL9026,PC-0010,http://www.nytimes.com/066886,page text
http,{000000248986-14698DB8},2010-07-13 16:01:35,CCL9026,PC-0010,http://www.weather.com/21685D,page text
http,{00000024898D-02D5613D},2010-07-14 07:56:12,CCL9026,PC-0010,http://www.drive.google.com/0E4B63,page text
http,{00000024898C-398632FF},2010-07-14 11:13:27,CCL9026,PC-0010,http://www.drive.google.com/1D3AAC,page text
http,{00000024898B-2F713F91},2010-07-14 11:24:42,CCL9026,PC-0010,http://www.dropbox.com/1A1DC2,page text
http,{00000024898A-20DB16E0},2010-07-14 11:35:41,CCL9026,PC-0010,http://www.monster.com/31724B,page text
http,{000000248989-3ED8DC3D},2010-07-14 12:28:28,CCL9026,PC-0010,http://www.drive.google.com/11DDBB,page text
http,{00000024898F-0A2C9CA4},2010-07-15 16:26:54,CCL9026,PC-0010,http://www.weather.com/061D74,page text
http,{00000024898E-36D36C77},2010-07-15 16:27:29,CCL9026,PC-0010,http://www.linkedin.com/3864B9,page text
http,{000000248993-2BECE22E},2010-07-16 09:03:26,CCL9026,PC-0010,http://www.dropbox.com/3E459B,page text
http,{000000248991-3F7ED2BD},2010-07-16 10:59:38,CCL9026,PC-0010,http://www.linkedin.com/0A4B39,page text
http,{000000248994-19A129E9},2010-07-16 14:28:48,CCL9026,PC-0010,http://www.drive.google.com/15AAB2,page text
http,{000000248992-32937305},2010-07-16 14:58:45,CCL9026,PC-0010,http://www.monster.com/1F02FE,page text
http,{000000248990-3DD5FA05},2010-07-16 17:40:59,CCL9026,PC-0010,http://www.stackoverflow.com/2B7A73,page text
