logon,{00000001BE1A-21024B16},2010-06-08 02:08:26,DXC7486,PC-0025,Logon
logon,{00000001C10C-0C0D6ED5},2010-06-08 04:05:26,DXC7486,PC-0150,Logoff
logon,{00000001BE19-0F065204},2010-06-08 04:47:34,DXC7486,PC-0061,Logon
logon,{00000001C10B-041D0BCC},2010-06-08 07:17:34,DXC7486,PC-0104,Logoff
logon,{00000001BE18-05C8836B},2010-06-08 18:36:28,DXC7486,PC-0019,Logon
logon,{00000001C10A-3D92080B},2010-06-08 20:20:28,DXC7486,PC-0043,Logoff
logon,{00000001BE1C-3C0BE630},2010-06-09 18:16:29,DXC7486,PC-0092,Logon
logon,{00000001BE1F-32CF8A61},2010-06-09 18:37:48,DXC7486,PC-0053,Logon
logon,{00000001C10E-3908D6C2},2010-06-09 19:20:29,DXC7486,PC-0070,Logoff
logon,{00000001C111-08D21930},2010-06-09 19:30:48,DXC7486,PC-0108,Logoff
logon,{00000001BE21-16538E72},2010-06-09 20:24:48,DXC7486,PC-0112,Logon
logon,{00000001BE1E-0E3C1C63},2010-06-09 20:50:05,DXC7486,PC-0081,Logon
logon,{00000001C110-17259C64},2010-06-09 22:47:05,DXC7486,PC-0058,Logoff
logon,{00000001BE1B-3C684804},2010-06-09 22:50:42,DXC7486,PC-0002,Logon
logon,{00000001C113-2484E430},2010-06-09 23:26:48,DXC7486,PC-0055,Logoff
logon,{00000001BE1D-3F114BF4},2010-06-09 23:42:13,DXC7486,PC-0091,Logon
logon,{00000001BE20-3B22A9F1},2010-06-09 23:43:39,DXC7486,PC-0021,Logon
logon,{00000001C10D-2B1B7C7B},2010-06-10 00:26:42,DXC7486,PC-0084,Logoff
logon,{00000001C112-19758F85},2010-06-10 00:45:39,DXC7486,PC-0108,Logoff
logon,{00000001C10F-322AB025},2010-06-10 01:10:13,DXC7486,PC-0041,Logoff
logon,{00000001BE23-09D8839D},2010-06-10 18:47:41,DXC7486,PC-0002,Logon
logon,{00000001BE22-0478B6DE},2010-06-10 21:15:51,DXC7486,PC-0020,Logon
logon,{00000001C115-1F3DE703},2010-06-10 21:32:41,DXC7486,PC-0053,Logoff
logon,{00000001BE24-2B190C0B},2010-06-10 23:37:16,DXC7486,PC-0151,Logon
logon,{00000001BE27-2F9EA5CA},2010-06-11 00:26:55,DXC7486,PC-0057,Logon
logon,{00000001C114-0486E5F4},2010-06-11 01:07:51,DXC7486,PC-0103,Logoff
logon,{00000001C119-181F854F},2010-06-11 02:17:55,DXC7486,PC-0152,Logoff
logon,{00000001C116-1CDACE3F},2010-06-11 03:06:16,DXC7486,PC-0060,Logoff
logon,{00000001BE2A-3E531FD4},2010-06-11 20:19:35,DXC7486,PC-0145,Logon
logon,{00000001BE28-0F16FCE3},2010-06-11 21:28:44,DXC7486,PC-0047,Logon
logon,{00000001BE25-29F76C71},2010-06-11 22:02:36,DXC7486,PC-0114,Logon
logon,{00000001BE26-10B70949},2010-06-11 23:14:53,DXC7486,PC-0000,Logon
logon,{00000001BE29-329D01C1},2010-06-11 23:36:00,DXC7486,PC-0103,Logon
logon,{00000001C11C-2AB87E36},2010-06-11 23:56:35,DXC7486,PC-0089,Logoff
logon,{00000001C11A-216599FF},2010-06-12 00:29:44,DXC7486,PC-0055,Logoff
logon,{00000001C118-2B0C4E0F},2010-06-12 00:32:53,DXC7486,PC-0130,Logoff
logon,{00000001C117-29D103D7},2010-06-12 00:39:36,DXC7486,PC-0057,Logoff
logon,{00000001C11B-18A98B90},2010-06-12 02:14:00,DXC7486,PC-0127,Logoff
logon,{00000001BE2C-09C2CB12},2010-06-14 21:38:28,DXC7486,PC-0133,Logon
logon,{00000001BE2B-22D4EBE7},2010-06-14 21:50:22,DXC7486,PC-0146,Logon
logon,{00000001C11E-1D5CF899},2010-06-15 00:00:28,DXC7486,PC-0115,Logoff
logon,{00000001C11D-232CC779},2010-06-15 00:40:22,DXC7486,PC-0005,Logoff
logon,{00000001BE30-279D3D75},2010-06-15 06:40:35,DXC7486,PC-0131,Logon
logon,{00000001C122-09316CD2},2010-06-15 09:57:35,DXC7486,PC-0106,Logoff
logon,{00000001BE31-0C0DDBC0},2010-06-15 18:14:55,DXC7486,PC-0001,Logon
logon,{00000001BE2D-0F952DC1},2010-06-15 18:22:28,DXC7486,PC-0141,Logon
logon,{00000001C123-0241786B},2010-06-15 19:24:55,DXC7486,PC-0052,Logoff
logon,{00000001C11F-0528803C},2010-06-15 19:29:28,DXC7486,PC-0129,Logoff
logon,{00000001BE2F-02EFCD69},2010-06-15 21:24:42,DXC7486,PC-0044,Logon
logon,{00000001BE2E-1EEF4FAF},2010-06-15 22:47:07,DXC7486,PC-0092,Logon
logon,{00000001C121-326211AC},2010-06-15 23:33:42,DXC7486,PC-0081,Logoff
logon,{00000001BE32-3F3BFDE6},2010-06-15 23:54:27,DXC7486,PC-0017,Logon
logon,{00000001C124-1C7DCEEC},2010-06-16 01:08:27,DXC7486,PC-0097,Logoff
logon,{00000001C120-0285CC51},2010-06-16 02:44:07,DXC7486,PC-0141,Logoff
logon,{00000001BE35-05D02149},2010-06-16 06:02:41,DXC7486,PC-0054,Logon
logon,{00000001BE34-1B68CA03},2010-06-16 06:12:15,DXC7486,PC-0018,Logon
logon,{00000001C126-065CB122},2010-06-16 07:57:15,DXC7486,PC-0117,Logoff
logon,{00000001C127-2359CEC5},2010-06-16 09:48:41,DXC7486,PC-0154,Logoff
logon,{00000001BE33-28396C98},2010-06-16 21:16:29,DXC7486,PC-0014,Logon
logon,{00000001BE37-20481331},2010-06-16 21:37:20,DXC7486,PC-0029,Logon
logon,{00000001C125-00AFBE1F},2010-06-16 22:24:29,DXC7486,PC-0157,Logoff
logon,{00000001BE36-0121F991},2010-06-16 23:26:28,DXC7486,PC-0123,Logon
logon,{00000001C129-0AECB29A},2010-06-17 00:49:20,DXC7486,PC-0005,Logoff
logon,{00000001C128-06224055},2010-06-17 01:24:28,DXC7486,PC-0126,Logoff
logon,{00000001BE39-1F82215C},2010-06-17 04:05:44,DXC7486,PC-0019,Logon
logon,{00000001C12B-28DFC485},2010-06-17 05:47:44,DXC7486,PC-0113,Logoff
logon,{00000001BE3A-21E7827D},2010-06-17 21:23:31,DXC7486,PC-0086,Logon
logon,{00000001BE3B-2EA4CF88},2010-06-17 22:21:43,DXC7486,PC-0158,Logon
logon,{00000001C12C-3ABD9E72},2010-06-17 22:39:31,DXC7486,PC-0034,Logoff
logon,{00000001C12D-2F2B8B8D},2010-06-17 23:23:43,DXC7486,PC-0028,Logoff
logon,{00000001BE38-38C9F2E8},2010-06-17 23:28:50,DXC7486,PC-0070,Logon
logon,{00000001C12A-0BC2BE1B},2010-06-18 02:48:50,DXC7486,PC-0013,Logoff
logon,{00000001BE3D-0BF0C31A},2010-06-18 04:00:49,DXC7486,PC-0093,Logon
logon,{00000001C12F-2DD56BDF},2010-06-18 05:20:49,DXC7486,PC-0085,Logoff
logon,{00000001BE43-2A3A4AD4},2010-06-18 18:17:01,DXC7486,PC-0016,Logon
logon,{00000001BE3E-0B70FF2E},2010-06-18 18:43:32,DXC7486,PC-0078,Logon
logon,{00000001C135-37B4E599},2010-06-18 21:14:01,DXC7486,PC-0129,Logoff
logon,{00000001BE3F-263C5B2E},2010-06-18 21:14:42,DXC7486,PC-0043,Logon
logon,{00000001BE3C-01F4B05B},2010-06-18 22:00:18,DXC7486,PC-0154,Logon
logon,{00000001C130-0BBE8C44},2010-06-18 22:18:32,DXC7486,PC-0014,Logoff
logon,{00000001BE42-05039004},2010-06-18 22:21:47,DXC7486,PC-0113,Logon
logon,{00000001BE41-02E5440B},2010-06-18 22:54:15,DXC7486,PC-0084,Logon
logon,{00000001BE40-05A53E02},2010-06-18 23:59:58,DXC7486,PC-0156,Logon
logon,{00000001C131-27D09B4F},2010-06-19 00:09:42,DXC7486,PC-0006,Logoff
logon,{00000001C134-190C2971},2010-06-19 00:46:47,DXC7486,PC-0004,Logoff
logon,{00000001C12E-26556A4C},2010-06-19 01:28:18,DXC7486,PC-0045,Logoff
logon,{00000001C133-07ACDFB6},2010-06-19 02:05:15,DXC7486,PC-0120,Logoff
logon,{00000001C132-057CC3F3},2010-06-19 02:45:58,DXC7486,PC-0142,Logoff
logon,{00000001BE45-317C5404},2010-06-21 06:05:58,DXC7486,PC-0127,Logon
logon,{00000001C137-3F0FB6DC},2010-06-21 09:58:58,DXC7486,PC-0034,Logoff
logon,{00000001BE48-25F621D0},2010-06-21 18:14:04,DXC7486,PC-0101,Logon
logon,{00000001C13A-16222BA1},2010-06-21 19:33:04,DXC7486,PC-0129,Logoff
logon,{00000001BE44-3A3436F9},2010-06-21 19:58:25,DXC7486,PC-0153,Logon
logon,{00000001BE47-071D8B50},2010-06-21 20:29:00,DXC7486,PC-0116,Logon
logon,{00000001C139-28102C30},2010-06-21 22:10:00,DXC7486,PC-0006,Logoff
logon,{00000001C136-30B85B78},2010-06-21 22:56:25,DXC7486,PC-0035,Logoff
logon,{00000001BE46-326363FD},2010-06-21 23:01:53,DXC7486,PC-0069,Logon
logon,{00000001C138-132FB43A},2010-06-22 00:07:53,DXC7486,PC-0000,Logoff
logon,{00000001BE4C-2663F1A8},2010-06-22 18:40:05,DXC7486,PC-0135,Logon
logon,{00000001BE49-06E773B6},2010-06-22 19:42:43,DXC7486,PC-0118,Logon
logon,{00000001BE4D-11ABBE68},2010-06-22 19:51:43,DXC7486,PC-0141,Logon
logon,{00000001C13B-3FBE7AD6},2010-06-22 20:39:43,DXC7486,PC-0111,Logoff
logon,{00000001C13F-02067FA8},2010-06-22 21:09:43,DXC7486,PC-0126,Logoff
logon,{00000001C13E-2ED1C4EA},2010-06-22 21:21:05,DXC7486,PC-0050,Logoff
logon,{00000001BE4B-02ED5BBB},2010-06-22 22:39:27,DXC7486,PC-0157,Logon
logon,{00000001BE4A-062CD2C9},2010-06-22 23:28:15,DXC7486,PC-0005,Logon
logon,{00000001C13D-18293B9F},2010-06-23 01:02:27,DXC7486,PC-0044,Logoff
logon,{00000001BE52-08053937},2010-06-23 02:18:05,DXC7486,PC-0036,Logon
logon,{00000001C13C-283BF1AB},2010-06-23 03:02:15,DXC7486,PC-0028,Logoff
logon,{00000001C144-144F0E9D},2010-06-23 04:33:05,DXC7486,PC-0103,Logoff
logon,{00000001BE53-07A709D5},2010-06-23 06:58:31,DXC7486,PC-0024,Logon
logon,{00000001C145-31607C76},2010-06-23 10:40:31,DXC7486,PC-0153,Logoff
logon,{00000001BE51-1AE7D0E3},2010-06-23 18:23:47,DXC7486,PC-0068,Logon
logon,{00000001BE4F-3F76C61C},2010-06-23 18:39:32,DXC7486,PC-0046,Logon
logon,{00000001C143-26FCB2C5},2010-06-23 20:58:47,DXC7486,PC-0003,Logoff
logon,{00000001C141-1793171C},2010-06-23 21:09:32,DXC7486,PC-0019,Logoff
logon,{00000001BE50-3ADC522E},2010-06-23 22:57:39,DXC7486,PC-0119,Logon
logon,{00000001BE4E-003532AB},2010-06-23 23:57:55,DXC7486,PC-0068,Logon
logon,{00000001C142-3B77D657},2010-06-24 02:35:39,DXC7486,PC-0011,Logoff
logon,{00000001C140-357E91CA},2010-06-24 03:46:55,DXC7486,PC-0095,Logoff
logon,{00000001BE55-38B5FA7E},2010-06-24 18:29:18,DXC7486,PC-0060,Logon
logon,{00000001BE54-19A74337},2010-06-24 19:53:39,DXC7486,PC-0092,Logon
logon,{00000001BE57-11EB50B3},2010-06-24 20:24:11,DXC7486,PC-0097,Logon
logon,{00000001C146-0BD2277E},2010-06-24 21:40:39,DXC7486,PC-0006,Logoff
logon,{00000001C147-144FF67E},2010-06-24 21:53:18,DXC7486,PC-0017,Logoff
logon,{00000001BE56-3906D8DF},2010-06-24 22:57:26,DXC7486,PC-0126,Logon
logon,{00000001C149-341054AB},2010-06-24 23:00:11,DXC7486,PC-0125,Logoff
logon,{00000001C148-109E2236},2010-06-25 00:07:26,DXC7486,PC-0035,Logoff
logon,{00000001BE58-10DBFB32},2010-06-25 00:27:12,DXC7486,PC-0098,Logon
logon,{00000001C14A-053E52E2},2010-06-25 01:12:12,DXC7486,PC-0102,Logoff
logon,{00000001BE5E-0E5F3D32},2010-06-25 05:10:36,DXC7486,PC-0129,Logon
logon,{00000001BE5C-24CBDF16},2010-06-25 05:11:06,DXC7486,PC-0052,Logon
logon,{00000001C150-02DD8238},2010-06-25 06:07:36,DXC7486,PC-0026,Logoff
logon,{00000001C14E-1DFBBC7B},2010-06-25 07:38:06,DXC7486,PC-0095,Logoff
logon,{00000001BE5A-03BB12F7},2010-06-25 19:11:06,DXC7486,PC-0121,Logon
logon,{00000001BE5D-09537413},2010-06-25 19:20:21,DXC7486,PC-0145,Logon
logon,{00000001BE5B-0D727A9D},2010-06-25 19:41:15,DXC7486,PC-0108,Logon
logon,{00000001C14D-0586EDD0},2010-06-25 20:56:15,DXC7486,PC-0157,Logoff
logon,{00000001C14C-2A7085B6},2010-06-25 21:12:06,DXC7486,PC-0062,Logoff
logon,{00000001BE59-37C33630},2010-06-25 22:08:17,DXC7486,PC-0022,Logon
logon,{00000001C14F-12877E8F},2010-06-25 22:37:21,DXC7486,PC-0117,Logoff
logon,{00000001C14B-22003EBC},2010-06-26 01:27:17,DXC7486,PC-0088,Logoff
logon,{00000001BE60-380D5392},2010-06-28 20:03:45,DXC7486,PC-0014,Logon
logon,{00000001C152-0685D744},2010-06-28 22:08:45,DXC7486,PC-0034,Logoff
logon,{00000001BE5F-3FC0C310},2010-06-28 23:02:07,DXC7486,PC-0110,Logon
logon,{00000001C151-24942B61},2010-06-28 23:53:07,DXC7486,PC-0147,Logoff
logon,{00000001BE67-223FC726},2010-06-29 00:05:00,DXC7486,PC-0154,Logon
logon,{00000001BE64-1D87A81D},2010-06-29 01:14:40,DXC7486,PC-0036,Logon
logon,{00000001C159-29074F2A},2010-06-29 03:19:00,DXC7486,PC-0025,Logoff
logon,{00000001BE62-26C1A01B},2010-06-29 03:47:14,DXC7486,PC-0152,Logon
logon,{00000001C156-392444DF},2010-06-29 04:41:40,DXC7486,PC-0077,Logoff
logon,{00000001C154-2C421B2B},2010-06-29 06:15:14,DXC7486,PC-0065,Logoff
logon,{00000001BE68-2880A014},2010-06-29 18:43:56,DXC7486,PC-0101,Logon
logon,{00000001BE66-3B57C7D5},2010-06-29 21:10:45,DXC7486,PC-0076,Logon
logon,{00000001BE65-1377CB2A},2010-06-29 21:41:40,DXC7486,PC-0030,Logon
logon,{00000001C15A-00278BDE},2010-06-29 21:58:56,DXC7486,PC-0112,Logoff
logon,{00000001C157-3812AA28},2010-06-29 22:59:40,DXC7486,PC-0059,Logoff
logon,{00000001BE63-33F39198},2010-06-29 23:54:54,DXC7486,PC-0113,Logon
logon,{00000001BE61-3066C255},2010-06-29 23:59:22,DXC7486,PC-0119,Logon
logon,{00000001C158-15F8B0F0},2010-06-30 00:16:45,DXC7486,PC-0029,Logoff
logon,{00000001C155-0AE0E9E1},2010-06-30 00:54:54,DXC7486,PC-0064,Logoff
logon,{00000001C153-1E7F5373},2010-06-30 01:07:22,DXC7486,PC-0082,Logoff
logon,{00000001BE6C-16985545},2010-06-30 18:51:41,DXC7486,PC-0029,Logon
logon,{00000001BE6B-0589910D},2010-06-30 20:02:53,DXC7486,PC-0151,Logon
logon,{00000001BE6A-187A7866},2010-06-30 20:46:10,DXC7486,PC-0026,Logon
logon,{00000001C15E-04E0DFBB},2010-06-30 21:00:41,DXC7486,PC-0032,Logoff
logon,{00000001C15C-08B628E7},2010-06-30 21:42:10,DXC7486,PC-0051,Logoff
logon,{00000001BE69-12B69C38},2010-06-30 22:07:18,DXC7486,PC-0046,Logon
logon,{00000001C15D-0ECFD4FC},2010-06-30 22:14:53,DXC7486,PC-0148,Logoff
logon,{00000001C15B-00297379},2010-07-01 00:38:18,DXC7486,PC-0110,Logoff
logon,{00000001BE6D-1BEC7AE9},2010-07-01 02:29:07,DXC7486,PC-0125,Logon
logon,{00000001C15F-1A915256},2010-07-01 05:56:07,DXC7486,PC-0042,Logoff
logon,{00000001BE6F-13DB91B7},2010-07-01 06:03:32,DXC7486,PC-0119,Logon
logon,{00000001C161-205823B1},2010-07-01 09:22:32,DXC7486,PC-0055,Logoff
logon,{00000001BE70-03B89573},2010-07-01 19:56:15,DXC7486,PC-0056,Logon
logon,{00000001BE6E-1160FA1B},2010-07-01 20:58:33,DXC7486,PC-0020,Logon
logon,{00000001C162-27AF2E46},2010-07-01 23:13:15,DXC7486,PC-0120,Logoff
logon,{00000001C160-22247543},2010-07-02 00:11:33,DXC7486,PC-0090,Logoff
logon,{00000001BE72-0841CAB9},2010-07-02 04:33:02,DXC7486,PC-0046,Logon
logon,{00000001C164-2201A89A},2010-07-02 07:42:02,DXC7486,PC-0136,Logoff
logon,{00000001BE71-1106821B},2010-07-02 21:21:18,DXC7486,PC-0138,Logon
logon,{00000001BE73-0A823D53},2010-07-02 22:55:20,DXC7486,PC-0139,Logon
logon,{00000001C163-26640DC1},2010-07-02 23:09:18,DXC7486,PC-0159,Logoff
logon,{00000001C165-3461C93C},2010-07-02 23:27:20,DXC7486,PC-0128,Logoff
logon,{00000001BE74-0D5AE3AF},2010-07-05 18:32:14,DXC7486,PC-0155,Logon
logon,{00000001BE75-120D6FDC},2010-07-05 18:42:20,DXC7486,PC-0138,Logon
logon,{00000001C167-041CC139},2010-07-05 22:12:20,DXC7486,PC-0138,Logoff
logon,{00000001C166-3338CC15},2010-07-05 22:24:14,DXC7486,PC-0133,Logoff
logon,{00000001BE76-2E2394D7},2010-07-06 00:16:52,DXC7486,PC-0016,Logon
logon,{00000001C168-247F6C1E},2010-07-06 03:42:52,DXC7486,PC-0157,Logoff
logon,{00000001BE78-28B8B761},2010-07-06 19:59:19,DXC7486,PC-0034,Logon
logon,{00000001BE77-1087BA54},2010-07-06 21:43:24,DXC7486,PC-0127,Logon
logon,{00000001C16A-1FB421AB},2010-07-06 22:14:19,DXC7486,PC-0047,Logoff
logon,{00000001C169-1D99AB36},2010-07-07 00:04:24,DXC7486,PC-0036,Logoff
logon,{00000001BE7D-1DC4C7AE},2010-07-07 02:14:32,DXC7486,PC-0015,Logon
logon,{00000001C16F-2392BCA1},2010-07-07 03:08:32,DXC7486,PC-0139,Logoff
logon,{00000001BE7E-357B7035},2010-07-07 04:57:53,DXC7486,PC-0001,Logon
logon,{00000001BE7C-04528303},2010-07-07 05:03:16,DXC7486,PC-0065,Logon
logon,{00000001C16E-37C43F7D},2010-07-07 06:45:16,DXC7486,PC-0076,Logoff
logon,{00000001C170-1C6D7D6B},2010-07-07 08:47:53,DXC7486,PC-0086,Logoff
logon,{00000001BE7F-01994F56},2010-07-07 19:53:47,DXC7486,PC-0046,Logon
logon,{00000001BE7A-37218FFB},2010-07-07 20:21:50,DXC7486,PC-0065,Logon
logon,{00000001BE79-07C90CA5},2010-07-07 20:36:08,DXC7486,PC-0095,Logon
logon,{00000001C171-29406DE8},2010-07-07 21:22:47,DXC7486,PC-0047,Logoff
logon,{00000001C16C-0E8EF23D},2010-07-07 21:51:50,DXC7486,PC-0019,Logoff
logon,{00000001BE7B-0DE7991F},2010-07-07 22:06:44,DXC7486,PC-0152,Logon
logon,{00000001C16B-115D889D},2010-07-07 22:33:08,DXC7486,PC-0028,Logoff
logon,{00000001C16D-215CF343},2010-07-07 22:36:44,DXC7486,PC-0105,Logoff
device,{00000001EF9D-245EA52E},2010-06-09 07:58:08,DXC7486,PC-0024,Connect
device,{00000001F127-287BF17B},2010-06-09 08:26:08,DXC7486,PC-0024,Disconnect
device,{00000001EF9E-160FA583},2010-06-15 12:38:23,DXC7486,PC-0024,Connect
device,{00000001F128-19F8F558},2010-06-15 12:53:23,DXC7486,PC-0024,Disconnect
device,{00000001EF9F-0549C7B0},2010-06-21 13:57:04,DXC7486,PC-0024,Connect
device,{00000001F129-140A5385},2010-06-21 15:05:04,DXC7486,PC-0024,Disconnect
device,{00000001EFA0-2D71F7BA},2010-06-22 17:04:05,DXC7486,PC-0024,Connect
device,{00000001EFA1-04107E89},2010-06-22 17:54:03,DXC7486,PC-0024,Connect
device,{00000001F12A-1FE773D9},2010-06-22 18:00:05,DXC7486,PC-0024,Disconnect
device,{00000001F12B-2891101B},2010-06-22 18:05:03,DXC7486,PC-0024,Disconnect
device,{00000001EFA2-0819A271},2010-06-25 17:45:14,DXC7486,PC-0024,Connect
device,{00000001F12C-0F16BF32},2010-06-25 17:52:14,DXC7486,PC-0024,Disconnect
device,{00000001EFA3-0AFE4471},2010-06-28 12:48:53,DXC7486,PC-0024,Connect
device,{00000001F12D-1B9D50CD},2010-06-28 13:30:53,DXC7486,PC-0024,Disconnect
device,{00000001EFA4-340D5DC7},2010-07-01 11:29:11,DXC7486,PC-0024,Connect
device,{00000001F12E-15422419},2010-07-01 12:10:11,DXC7486,PC-0024,Disconnect
device,{00000001EFA5-31523BAE},2010-07-07 17:31:42,DXC7486,PC-0024,Connect
device,{00000001F12F-268A66C8},2010-07-07 17:54:42,DXC7486,PC-0024,Disconnect
file,{00000002CB04-20587331},2010-06-08 07:42:14,DXC7486,PC-0024,71D94F.doc,D0-CF-11-E0
file,{00000002CB01-368D50D8},2010-06-08 07:48:38,DXC7486,PC-0024,99632B.txt,D0-CF-11-E0
file,{00000002CB02-3FD6CD3D},2010-06-08 09:06:26,DXC7486,PC-0024,634B74.zip,D0-CF-11-E0
file,{00000002CB05-0A09F5D5},2010-06-08 10:01:33,DXC7486,PC-0024,A10FDE.zip,D0-CF-11-E0
file,{00000002CB03-354BB58D},2010-06-08 10:24:44,DXC7486,PC-0024,901844.pdf,D0-CF-11-E0
file,{00000002CB06-249E1391},2010-06-08 17:51:56,DXC7486,PC-0024,48DE10.pdf,D0-CF-11-E0
file,{00000002CB08-24904CBC},2010-06-09 07:17:53,DXC7486,PC-0024,171ABB.doc,D0-CF-11-E0
file,{00000002CB09-2D72DD08},2010-06-09 08:25:38,DXC7486,PC-0024,9B78C2.jpg,D0-CF-11-E0
file,{00000002CB07-05128909},2010-06-09 14:43:37,DXC7486,PC-0024,045121.pdf,D0-CF-11-E0
file,{00000002CB0B-2726389D},2010-06-10 14:29:38,DXC7486,PC-0024,172014.doc,D0-CF-11-E0
file,{00000002CB0A-07601C13},2010-06-10 14:40:47,DXC7486,PC-0024,2A8A66.txt,D0-CF-11-E0
file,{00000002CB0C-0E3B5EAD},2010-06-11 10:05:57,DXC7486,PC-0024,CD5E52.doc,D0-CF-11-E0
file,{00000002CB0D-2EF6E771},2010-06-11 11:08:42,DXC7486,PC-0024,D7155F.pdf,D0-CF-11-E0
file,{00000002CB0E-12342BC6},2010-06-11 13:49:02,DXC7486,PC-0024,F935CC.zip,D0-CF-11-E0
file,{00000002CB10-32578D5B},2010-06-14 07:29:22,DXC7486,PC-0024,26B4F3.txt,D0-CF-11-E0
file,{00000002CB11-18AF6A15},2010-06-14 08:50:57,DXC7486,PC-0024,B05B9D.pdf,D0-CF-11-E0
file,{00000002CB0F-028827B8},2010-06-14 11:43:05,DXC7486,PC-0024,7195FE.txt,D0-CF-11-E0
file,{00000002CB12-33AA46CC},2010-06-14 13:26:47,DXC7486,PC-0024,A469B4.zip,D0-CF-11-E0
file,{00000002CB16-2F2AD417},2010-06-15 11:12:14,DXC7486,PC-0024,2D91F6.pdf,D0-CF-11-E0
file,{00000002CB15-3D149C3E},2010-06-15 13:16:41,DXC7486,PC-0024,FE3C80.doc,D0-CF-11-E0
file,{00000002CB17-31651314},2010-06-15 14:06:51,DXC7486,PC-0024,0A806D.zip,D0-CF-11-E0
file,{00000002CB14-3C28346B},2010-06-15 14:22:06,DXC7486,PC-0024,F45D62.zip,D0-CF-11-E0
file,{00000002CB13-30520804},2010-06-15 15:55:58,DXC7486,PC-0024,C22F1E.doc,D0-CF-11-E0
file,{00000002CB18-1F2B7E3F},2010-06-15 16:58:05,DXC7486,PC-0024,DC378C.doc,D0-CF-11-E0
file,{00000002CB19-20E03E9C},2010-06-16 16:44:41,DXC7486,PC-0024,BBACBD.doc,D0-CF-11-E0
file,{00000002CB1A-0E6F72BF},2010-06-17 15:55:24,DXC7486,PC-0024,931545.zip,D0-CF-11-E0
file,{00000002CB1B-0689159D},2010-06-17 16:20:38,DXC7486,PC-0024,A059AF.zip,D0-CF-11-E0
file,{00000002CB1C-18F83F51},2010-06-18 07:06:35,DXC7486,PC-0024,5F46C1.pdf,D0-CF-11-E0
file,{00000002CB1D-2F2A9F5D},2010-06-18 16:47:23,DXC7486,PC-0024,7D41BB.pdf,D0-CF-11-E0
file,{00000002CB1E-030BF9E9},2010-06-21 14:41:00,DXC7486,PC-0024,A222ED.pdf,D0-CF-11-E0
file,{00000002CB1F-016A492E},2010-06-22 07:43:08,DXC7486,PC-0024,FDCAE5.pdf,D0-CF-11-E0
file,{00000002CB20-3A62901E},2010-06-22 08:39:03,DXC7486,PC-0024,7DC95E.zip,D0-CF-11-E0
file,{00000002CB23-3006029D},2010-06-24 07:58:46,DXC7486,PC-0024,8F248F.doc,D0-CF-11-E0
file,{00000002CB21-2A7F5ED3},2010-06-24 09:31:26,DXC7486,PC-0024,BC8BE0.doc,D0-CF-11-E0
file,{00000002CB22-127DD232},2010-06-24 13:10:53,DXC7486,PC-0024,87AD10.png,D0-CF-11-E0
file,{00000002CB25-2F866179},2010-06-25 13:18:17,DXC7486,PC-0024,4D1409.zip,D0-CF-11-E0
file,{00000002CB24-1FECECE4},2010-06-25 13:38:47,DXC7486,PC-0024,EC5C37.zip,D0-CF-11-E0
file,{00000002CB27-29A5385F},2010-06-28 07:32:57,DXC7486,PC-0024,12AE89.zip,D0-CF-11-E0
file,{00000002CB26-2431B5B7},2010-06-28 09:04:25,DXC7486,PC-0024,823F97.pdf,D0-CF-11-E0
file,{00000002CB29-1C10495F},2010-06-29 13:05:00,DXC7486,PC-0024,C710A0.doc,D0-CF-11-E0
file,{00000002CB28-32D3EA9F},2010-06-29 16:07:58,DXC7486,PC-0024,C125FD.zip,D0-CF-11-E0
file,{00000002CB2A-0F9EDA3E},2010-06-29 16:42:53,DXC7486,PC-0024,B21800.zip,D0-CF-11-E0
file,{00000002CB2B-3D03B3AC},2010-06-30 09:04:44,DXC7486,PC-0024,9A2F97.doc,D0-CF-11-E0
file,{00000002CB2C-29DBF56E},2010-06-30 09:48:25,DXC7486,PC-0024,234E67.pdf,D0-CF-11-E0
file,{00000002CB2F-2E955E11},2010-06-30 10:05:31,DXC7486,PC-0024,B56E2E.doc,D0-CF-11-E0
file,{00000002CB2D-132C1DA1},2010-06-30 13:14:11,DXC7486,PC-0024,B0AD38.png,D0-CF-11-E0
file,{00000002CB30-35C9D975},2010-06-30 16:05:01,DXC7486,PC-0024,AAEA0D.pdf,D0-CF-11-E0
file,{00000002CB2E-3E902484},2010-06-30 16:51:43,DXC7486,PC-0024,9FEC4E.zip,D0-CF-11-E0
file,{00000002CB32-3BCBA95D},2010-07-01 07:36:13,DXC7486,PC-0024,A574D5.pdf,D0-CF-11-E0
file,{00000002CB34-1D6EB546},2010-07-01 10:34:31,DXC7486,PC-0024,2F31E9.zip,D0-CF-11-E0
file,{00000002CB33-1EE8023C},2010-07-01 11:22:27,DXC7486,PC-0024,C83D80.png,D0-CF-11-E0
file,{00000002CB31-1F4EAB1C},2010-07-01 15:21:24,DXC7486,PC-0024,AEE775.png,D0-CF-11-E0
file,{00000002CB36-31084DF2},2010-07-02 09:27:02,DXC7486,PC-0024,1C7648.zip,D0-CF-11-E0
file,{00000002CB35-3956889C},2010-07-02 11:34:03,DXC7486,PC-0024,6F89A2.doc,D0-CF-11-E0
file,{00000002CB37-0BAAC524},2010-07-02 13:48:42,DXC7486,PC-0024,9BCEB3.pdf,D0-CF-11-E0
file,{00000002CB38-344DAA2B},2010-07-05 09:26:05,DXC7486,PC-0024,DD6726.doc,D0-CF-11-E0
file,{00000002CB3A-22C09240},2010-07-06 14:56:30,DXC7486,PC-0024,D2B5B2.pdf,D0-CF-11-E0
file,{00000002CB39-2826ECEC},2010-07-06 15:41:50,DXC7486,PC-0024,5DE03B.doc,D0-CF-11-E0
file,{00000002CB3F-39E7658A},2010-07-07 07:08:08,DXC7486,PC-0024,477B60.pdf,D0-CF-11-E0
file,{00000002CB3C-1AAE42AE},2010-07-07 07:17:43,DXC7486,PC-0024,C5602B.zip,D0-CF-11-E0
file,{00000002CB3B-2E74069B},2010-07-07 07:19:59,DXC7486,PC-0024,8B23E7.doc,D0-CF-11-E0
file,{00000002CB3D-2ED967D8},2010-07-07 08:40:15,DXC7486,PC-0024,8E6A7B.zip,D0-CF-11-E0
file,{00000002CB3E-069CA359},2010-07-07 17:08:05,DXC7486,PC-0024,42C6E6.doc,D0-CF-11-E0
email,{0000000619FC-2EA97427},2010-06-08 08:27:15,DXC7486,PC-0024,2F561@gmail.com,,,dxc7486@dtaa.com,1297316,7,meeting notes attached
email,{0000000619FD-2DDD3465},2010-06-08 15:42:01,DXC7486,PC-0024,BC2E9@yahoo.com,,,dxc7486@dtaa.com,557424,7,meeting notes attached
email,{0000000619FE-16EC5055},2010-06-09 09:47:19,DXC7486,PC-0024,3A948@aol.com,,,dxc7486@dtaa.com,183893,1,meeting notes attached
email,{000000061A00-36CF3099},2010-06-10 12:38:37,DXC7486,PC-0024,B90BE@aol.com,,,dxc7486@dtaa.com,378977,1,meeting notes attached
email,{0000000619FF-0D77DA46},2010-06-10 14:11:32,DXC7486,PC-0024,6EA4C@gmail.com,,,dxc7486@dtaa.com,236965,1,meeting notes attached
email,{000000061A02-22D862AC},2010-06-11 11:56:12,DXC7486,PC-0024,DB46E@outlook.com,,,dxc7486@dtaa.com,171120,2,meeting notes attached
email,{000000061A01-3EE85487},2010-06-11 12:34:07,DXC7486,PC-0024,138EE@outlook.com,,,dxc7486@dtaa.com,1356057,4,meeting notes attached
email,{000000061A04-0A772FE1},2010-06-14 11:51:14,DXC7486,PC-0024,E9D06@yahoo.com,,,dxc7486@dtaa.com,345655,6,meeting notes attached
email,{000000061A03-2B07B5DE},2010-06-14 11:59:42,DXC7486,PC-0024,54BFE@gmail.com,,,dxc7486@dtaa.com,512607,6,meeting notes attached
email,{000000061A05-064E1F14},2010-06-14 14:08:12,DXC7486,PC-0024,37788@aol.com,,,dxc7486@dtaa.com,933241,3,meeting notes attached
email,{000000061A06-06C67361},2010-06-15 07:38:04,DXC7486,PC-0024,83AEE@hotmail.com,,,dxc7486@dtaa.com,225005,2,meeting notes attached
email,{000000061A07-18D92EE0},2010-06-16 11:37:27,DXC7486,PC-0024,F2769@aol.com,,,dxc7486@dtaa.com,760763,7,meeting notes attached
email,{000000061A08-1511F026},2010-06-17 10:55:52,DXC7486,PC-0024,50F8B@hotmail.com,,,dxc7486@dtaa.com,2571431,7,meeting notes attached
email,{000000061A09-2FF9F734},2010-06-18 08:17:04,DXC7486,PC-0024,D109E@hotmail.com,,,dxc7486@dtaa.com,645187,2,meeting notes attached
email,{000000061A0A-34384702},2010-06-18 11:24:17,DXC7486,PC-0024,A581E@gmail.com,,,dxc7486@dtaa.com,622991,5,meeting notes attached
email,{000000061A0C-0C868A8A},2010-06-21 09:16:41,DXC7486,PC-0024,C5663@yahoo.com,,,dxc7486@dtaa.com,713673,3,meeting notes attached
email,{000000061A0B-221924EC},2010-06-21 15:05:57,DXC7486,PC-0024,49A5E@gmail.com,,,dxc7486@dtaa.com,205824,1,meeting notes attached
email,{000000061A0D-09A1F938},2010-06-22 14:00:10,DXC7486,PC-0024,omu2669@dtaa.com,,,dxc7486@dtaa.com,1487200,7,meeting notes attached
email,{000000061A0E-1BF74CF4},2010-06-22 14:47:08,DXC7486,PC-0024,32BF0@outlook.com,,,dxc7486@dtaa.com,1223862,5,meeting notes attached
email,{000000061A0F-38A56BE0},2010-06-23 12:42:25,DXC7486,PC-0024,C6AEC@gmail.com,,,dxc7486@dtaa.com,1233932,5,meeting notes attached
email,{000000061A10-1693C57B},2010-06-23 16:49:27,DXC7486,PC-0024,A65CE@hotmail.com,,,dxc7486@dtaa.com,191323,1,meeting notes attached
email,{000000061A13-2C99E752},2010-06-24 08:56:00,DXC7486,PC-0024,CF71B@aol.com,,,dxc7486@dtaa.com,827161,6,meeting notes attached
email,{000000061A11-28D3B2B0},2010-06-24 09:48:35,DXC7486,PC-0024,5598E@aol.com,,,dxc7486@dtaa.com,1920929,6,meeting notes attached
email,{000000061A12-1A48F1FC},2010-06-24 15:24:35,DXC7486,PC-0024,BAC73@gmail.com,,,dxc7486@dtaa.com,1313432,5,meeting notes attached
email,{000000061A14-3A10A3F6},2010-06-25 14:32:04,DXC7486,PC-0024,00324@outlook.com,,,dxc7486@dtaa.com,2067687,7,meeting notes attached
email,{000000061A15-31E2BC5F},2010-06-28 12:57:38,DXC7486,PC-0024,6579A@hotmail.com,,,dxc7486@dtaa.com,331835,1,meeting notes attached
email,{000000061A16-1C7ADAD4},2010-06-29 11:35:18,DXC7486,PC-0024,3283C@hotmail.com,,,dxc7486@dtaa.com,599441,7,meeting notes attached
email,{000000061A18-178E4362},2010-06-30 11:12:56,DXC7486,PC-0024,6DFAE@yahoo.com,,,dxc7486@dtaa.com,222218,3,meeting notes attached
email,{000000061A19-24326659},2010-06-30 15:24:09,DXC7486,PC-0024,F6986@hotmail.com,,,dxc7486@dtaa.com,1498399,5,meeting notes attached
email,{000000061A17-1972F9FE},2010-06-30 16:51:53,DXC7486,PC-0024,35D1F@outlook.com,,,dxc7486@dtaa.com,351889,1,meeting notes attached
email,{000000061A1A-2183FD11},2010-07-01 09:54:36,DXC7486,PC-0024,B6A05@yahoo.com,,,dxc7486@dtaa.com,1195323,4,meeting notes attached
email,{000000061A1B-2399CF56},2010-07-01 16:49:29,DXC7486,PC-0024,0CA79@hotmail.com,,,dxc7486@dtaa.com,726509,4,meeting notes attached
email,{000000061A1C-2557A916},2010-07-02 07:34:15,DXC7486,PC-0024,87BE3@hotmail.com,,,dxc7486@dtaa.com,1492916,6,meeting notes attached
email,{000000061A20-15165453},2010-07-02 09:02:05,DXC7486,PC-0024,2DE5D@aol.com,,,dxc7486@dtaa.com,766586,3,meeting notes attached
email,{000000061A1E-25FC2EE4},2010-07-02 09:07:42,DXC7486,PC-0024,DD82D@yahoo.com,,,dxc7486@dtaa.com,821447,6,meeting notes attached
email,{000000061A1F-299B6EC8},2010-07-02 16:17:39,DXC7486,PC-0024,B1CBD@gmail.com,,,dxc7486@dtaa.com,333088,6,meeting notes attached
email,{000000061A1D-3FA04B91},2010-07-02 16:54:56,DXC7486,PC-0024,E4441@gmail.com,,,dxc7486@dtaa.com,365638,2,meeting notes attached
email,{000000061A21-0288D764},2010-07-05 12:45:50,DXC7486,PC-0024,E95D6@outlook.com,,,dxc7486@dtaa.com,538698,2,meeting notes attached
email,{000000061A22-021149E2},2010-07-05 13:33:38,DXC7486,PC-0024,53807@gmail.com,,,dxc7486@dtaa.com,1121027,3,meeting notes attached
email,{000000061A24-3A56733F},2010-07-07 07:46:34,DXC7486,PC-0024,06C48@hotmail.com,,,dxc7486@dtaa.com,694873,5,meeting notes attached
email,{000000061A23-2CDB244C},2010-07-07 14:54:47,DXC7486,PC-0024,0ADC2@yahoo.com,,,dxc7486@dtaa.com,257775,1,meeting notes attached
http,{0000002489D2-158170F7},2010-06-08 07:15:25,DXC7486,PC-0024,http://www.monster.com/21C7EB,page text
http,{0000002489D1-3407E045},2010-06-08 13:48:56,DXC7486,PC-0024,http://www.wikipedia.org/1B1375,page text
http,{0000002489D3-1C10B979},2010-06-08 16:19:32,DXC7486,PC-0024,http://www.wikipedia.org/37A451,page text
http,{0000002489D7-3CF47E68},2010-06-09 07:13:14,DXC7486,PC-0024,http://www.drive.google.com/261209,page text
http,{0000002489D5-3C32BB9A},2010-06-09 08:57:07,DXC7486,PC-0024,http://www.dropbox.com/260980,page text
http,{0000002489D8-1F2C7638},2010-06-09 09:56:50,DXC7486,PC-0024,http://www.drive.google.com/0CF229,page text
http,{0000002489D4-00CDBF1F},2010-06-09 15:55:49,DXC7486,PC-0024,http://www.linkedin.com/366599,page text
http,{0000002489D6-3641B871},2010-06-09 17:04:20,DXC7486,PC-0024,http://www.linkedin.com/0C0E93,page text
http,{0000002489DD-1C7F3C52},2010-06-10 07:51:11,DXC7486,PC-0024,http://www.cnn.com/04AA8D,page text
http,{0000002489DB-35FA9800},2010-06-10 10:00:40,DXC7486,PC-0024,http://www.drive.google.com/0B7ACA,page text
http,{0000002489DA-3F31E950},2010-06-10 12:10:58,DXC7486,PC-0024,http://www.dropbox.com/38E4A4,page text
http,{0000002489DC-03C0B8CA},2010-06-10 14:08:39,DXC7486,PC-0024,http://www.linkedin.com/36B369,page text
http,{0000002489DE-3D22E62D},2010-06-10 16:14:05,DXC7486,PC-0024,http://www.drive.google.com/0BC937,page text
http,{0000002489D9-19184BF2},2010-06-10 16:36:40,DXC7486,PC-0024,http://www.stackoverflow.com/38736E,page text
http,{0000002489DF-2804F1E6},2010-06-11 16:02:06,DXC7486,PC-0024,http://www.dropbox.com/3C0B13,page text
http,{0000002489E0-361735A9},2010-06-11 16:06:22,DXC7486,PC-0024,http://www.monster.com/3FA2BF,page text
http,{0000002489E3-3658491C},2010-06-14 07:21:43,DXC7486,PC-0024,http://www.drive.google.com/335419,page text
http,{0000002489E1-31A0000B},2010-06-14 12:02:34,DXC7486,PC-0024,http://www.monster.com/2BEB80,page text
http,{0000002489E4-3EB9001E},2010-06-14 12:56:05,DXC7486,PC-0024,http://www.monster.com/10B824,page text
http,{0000002489E2-35E0B616},2010-06-14 17:39:04,DXC7486,PC-0024,http://www.dropbox.com/06DC56,page text
http,{0000002489E5-281F7AAE},2010-06-15 08:03:30,DXC7486,PC-0024,http://www.linkedin.com/063D20,page text
http,{0000002489E6-3134FCBD},2010-06-15 10:17:51,DXC7486,PC-0024,http://www.monster.com/1F4A63,page text
http,{0000002489EA-2193478E},2010-06-16 07:53:59,DXC7486,PC-0024,http://www.dropbox.com/33B8AD,page text
http,{0000002489E7-1FA30E13},2010-06-16 10:12:19,DXC7486,PC-0024,http://www.yahoo.com/1E1BB6,page text
http,{0000002489E9-3410722E},2010-06-16 12:36:08,DXC7486,PC-0024,http://www.stackoverflow.com/355715,page text
http,{0000002489E8-1F848C17},2010-06-16 13:47:48,DXC7486,PC-0024,http://www.amazon.com/1F2575,page text
http,{0000002489ED-04C433BA},2010-06-17 07:20:01,DXC7486,PC-0024,http://www.linkedin.com/3347AB,page text
http,{0000002489EC-08A01020},2010-06-17 08:03:25,DXC7486,PC-0024,http://www.monster.com/3501EC,page text
http,{0000002489EB-0E276974},2010-06-17 12:23:49,DXC7486,PC-0024,http://www.reddit.com/28A358,page text
http,{0000002489EE-311821F4},2010-06-18 08:48:46,DXC7486,PC-0024,http://www.monster.com/179298,page text
http,{0000002489F4-05D297D0},2010-06-18 12:07:18,DXC7486,PC-0024,http://www.monster.com/0D488D,page text
http,{0000002489F0-174F16FB},2010-06-18 12:30:28,DXC7486,PC-0024,http://www.wikipedia.org/2A04C6,page text
http,{0000002489F6-397F8B8B},2010-06-18 12:52:27,DXC7486,PC-0024,http://www.drive.google.com/047194,page text
http,{0000002489F5-040B6F40},2010-06-18 13:30:55,DXC7486,PC-0024,http://www.drive.google.com/1B7182,page text
http,{0000002489F2-0DA96BCA},2010-06-18 13:38:11,DXC7486,PC-0024,http://www.cnn.com/02C35B,page text
http,{0000002489F1-0A4E6D4B},2010-06-18 15:09:42,DXC7486,PC-0024,http://www.linkedin.com/216278,page text
http,{0000002489EF-0EC2FC23},2010-06-18 15:34:37,DXC7486,PC-0024,http://www.amazon.com/06CE4E,page text
http,{0000002489F3-3C9AEFB7},2010-06-18 16:05:51,DXC7486,PC-0024,http://www.monster.com/07AB46,page text
http,{0000002489F9-3A316C32},2010-06-21 08:41:41,DXC7486,PC-0024,http://www.drive.google.com/1CED97,page text
http,{0000002489FA-0E2479D7},2010-06-21 12:39:12,DXC7486,PC-0024,http://www.dropbox.com/2AEEB8,page text
http,{0000002489F8-3495EA8B},2010-06-21 16:07:32,DXC7486,PC-0024,http://www.monster.com/3E7C9B,page text
http,{0000002489F7-0919EC90},2010-06-21 17:22:58,DXC7486,PC-0024,http://www.linkedin.com/0C82A6,page text
http,{0000002489FC-07FEAC27},2010-06-22 09:15:30,DXC7486,PC-0024,http://www.dropbox.com/06049F,page text
http,{0000002489FB-35807EFA},2010-06-22 10:36:58,DXC7486,PC-0024,http://www.drive.google.com/154005,page text
http,{0000002489FD-351951C1},2010-06-22 15:22:04,DXC7486,PC-0024,http://www.drive.google.com/3DE903,page text
http,{0000002489FF-2A5CF2EE},2010-06-23 07:01:58,DXC7486,PC-0024,http://www.monster.com/39F6B9,page text
http,{0000002489FE-2150E15E},2010-06-23 09:14:47,DXC7486,PC-0024,http://www.weather.com/37CC83,page text
http,{000000248A00-09B471C8},2010-06-23 10:44:56,DXC7486,PC-0024,http://www.drive.google.com/2F45D2,page text
http,{000000248A02-39C5517E},2010-06-24 11:25:32,DXC7486,PC-0024,http://www.monster.com/2B0F51,page text
http,{000000248A01-171770EE},2010-06-24 14:15:20,DXC7486,PC-0024,http://www.linkedin.com/23F7DB,page text
http,{000000248A06-0FEEB2E6},2010-06-25 08:10:50,DXC7486,PC-0024,http://www.dropbox.com/142041,page text
http,{000000248A03-3EAA944D},2010-06-25 12:23:55,DXC7486,PC-0024,http://www.linkedin.com/3958B1,page text
http,{000000248A04-065B23C0},2010-06-25 15:36:48,DXC7486,PC-0024,http://www.nytimes.com/0EA9A9,page text
http,{000000248A05-3305CDD8},2010-06-25 17:33:57,DXC7486,PC-0024,http://www.dropbox.com/2B9B1B,page text
http,{000000248A07-23320FCE},2010-06-28 09:18:18,DXC7486,PC-0024,http://www.reddit.com/29C09F,page text
http,{000000248A0C-327F383A},2010-06-28 09:54:56,DXC7486,PC-0024,http://www.dropbox.com/2B232D,page text
http,{000000248A0A-13DE1580},2010-06-28 10:06:05,DXC7486,PC-0024,http://www.stackoverflow.com/1942AE,page text
http,{000000248A0B-38C53BBD},2010-06-28 12:01:34,DXC7486,PC-0024,http://www.drive.google.com/2B9568,page text
http,{000000248A08-1C062321},2010-06-28 13:47:49,DXC7486,PC-0024,http://www.linkedin.com/0CB11E,page text
http,{000000248A09-1946C58A},2010-06-28 15:42:40,DXC7486,PC-0024,http://www.yahoo.com/13EDE5,page text
http,{000000248A10-3D4DB355},2010-06-29 07:40:13,DXC7486,PC-0024,http://www.dropbox.com/274026,page text
http,{000000248A0E-2071EF84},2010-06-29 08:27:42,DXC7486,PC-0024,http://www.nytimes.com/1C92BE,page text
http,{000000248A11-3D04AE4E},2010-06-29 09:26:34,DXC7486,PC-0024,http://www.monster.com/32898F,page text
http,{000000248A0F-3597ABF7},2010-06-29 14:21:41,DXC7486,PC-0024,http://www.linkedin.com/2268F8,page text
http,{000000248A0D-07D78D11},2010-06-29 15:47:59,DXC7486,PC-0024,http://www.reddit.com/35C044,page text
http,{000000248A13-0C6F0D04},2010-06-30 07:46:24,DXC7486,PC-0024,http://www.github.com/35A8C5,page text
http,{000000248A12-2646C130},2010-06-30 09:34:15,DXC7486,PC-0024,http://www.linkedin.com/057C69,page text
http,{000000248A14-2493DDB2},2010-06-30 13:25:39,DXC7486,PC-0024,http://www.cnn.com/100D11,page text
http,{000000248A19-1D15A516},2010-07-01 07:12:27,DXC7486,PC-0024,http://www.linkedin.com/0341DC,page text
http,{000000248A17-0C157A14},2010-07-01 09:38:40,DXC7486,PC-0024,http://www.stackoverflow.com/0F1C89,page text
http,{000000248A15-06B602BA},2010-07-01 11:08:39,DXC7486,PC-0024,http://www.monster.com/359EBA,page text
http,{000000248A18-38A80432},2010-07-01 11:46:56,DXC7486,PC-0024,http://www.monster.com/3AF767,page text
http,{000000248A16-1CB81B74},2010-07-01 12:14:35,DXC7486,PC-0024,http://www.stackoverflow.com/270748,page text
http,{000000248A1A-2FF9377E},2010-07-01 17:34:07,DXC7486,PC-0024,http://www.dropbox.com/066848,page text
http,{000000248A1E-13858050},2010-07-02 12:06:40,DXC7486,PC-0024,http://www.github.com/3E0535,page text
http,{000000248A1D-1A484389},2010-07-02 12:29:26,DXC7486,PC-0024,http://www.cnn.com/12FA26,page text
http,{000000248A1C-035F186F},2010-07-02 12:54:05,DXC7486,PC-0024,http://www.drive.google.com/32F04C,page text
http,{000000248A1B-0CEE4676},2010-07-02 15:58:14,DXC7486,PC-0024,http://www.monster.com/099D75,page text
http,{000000248A1F-0E04C97F},2010-07-05 08:30:47,DXC7486,PC-0024,http://www.github.com/10DD30,page text
http,{000000248A21-09E0C5A1},2010-07-05 09:30:04,DXC7486,PC-0024,http://www.linkedin.com/106BE6,page text
http,{000000248A20-2FF8E9C9},2010-07-05 14:02:42,DXC7486,PC-0024,http://www.linkedin.com/346FFD,page text
http,{000000248A24-179D290B},2010-07-06 08:05:29,DXC7486,PC-0024,http://www.monster.com/2C9D39,page text
http,{000000248A23-18970D4B},2010-07-06 12:24:46,DXC7486,PC-0024,http://www.dropbox.com/30EEC5,page text
http,{000000248A26-0148A126},2010-07-06 13:34:56,DXC7486,PC-0024,http://www.stackoverflow.com/23ED79,page text
http,{000000248A22-02AF845D},2010-07-06 15:59:29,DXC7486,PC-0024,http://www.dropbox.com/2BFC7A,page text
http,{000000248A25-37F19F74},2010-07-06 16:19:41,DXC7486,PC-0024,http://www.drive.google.com/099BA7,page text
http,{000000248A28-00D940F4},2010-07-07 08:51:01,DXC7486,PC-0024,http://www.drive.google.com/2CA16F,page text
http,{000000248A29-3954DA11},2010-07-07 13:27:37,DXC7486,PC-0024,http://www.espn.com/098767,page text
http,{000000248A27-155C9B17},2010-07-07 14:53:02,DXC7486,PC-0024,http://www.dropbox.com/04EE81,page text
