logon,{00000001BF57-2CBE1AE8},2010-01-29 06:36:30,QSC3123,PC-0100,Logon
logon,{00000001C249-16B7F663},2010-01-29 09:30:30,QSC3123,PC-0100,Logoff
logon,{00000001BF56-301411A4},2010-01-29 18:55:28,QSC3123,PC-0100,Logon
logon,{00000001BF58-10FAAAE1},2010-01-29 20:03:15,QSC3123,PC-0100,Logon
logon,{00000001C248-205FD1EC},2010-01-29 22:22:28,QSC3123,PC-0100,Logoff
logon,{00000001C24A-2A08EBDA},2010-01-29 22:31:15,QSC3123,PC-0100,Logoff
logon,{00000001BF55-0DE5A801},2010-01-29 23:24:29,QSC3123,PC-0100,Logon
logon,{00000001C247-24143FC1},2010-01-30 02:14:29,QSC3123,PC-0100,Logoff
logon,{00000001BF59-37CF4E2B},2010-02-01 05:33:17,QSC3123,PC-0100,Logon
logon,{00000001C24B-16AFA51E},2010-02-01 08:33:17,QSC3123,PC-0100,Logoff
logon,{00000001BF5A-3CD5D9E7},2010-02-01 22:56:36,QSC3123,PC-0100,Logon
logon,{00000001C24C-05775859},2010-02-02 02:05:36,QSC3123,PC-0100,Logoff
logon,{00000001BF5C-31098369},2010-02-02 18:13:06,QSC3123,PC-0100,Logon
logon,{00000001C24E-01E23577},2010-02-02 21:00:06,QSC3123,PC-0100,Logoff
logon,{00000001BF5B-03190E6E},2010-02-02 21:41:41,QSC3123,PC-0100,Logon
logon,{00000001C24D-35A82EA8},2010-02-02 23:45:41,QSC3123,PC-0100,Logoff
logon,{00000001BF5D-2E3E38EF},2010-02-03 20:23:34,QSC3123,PC-0039,Logon
logon,{00000001BF5E-021CE195},2010-02-03 20:57:37,QSC3123,PC-0100,Logon
logon,{00000001C250-308DFA74},2010-02-03 21:45:37,QSC3123,PC-0100,Logoff
logon,{00000001C24F-3AC1DDFD},2010-02-03 22:11:34,QSC3123,PC-0100,Logoff
logon,{00000001BF5F-0CDA7A68},2010-02-05 01:12:44,QSC3123,PC-0030,Logon
logon,{00000001C251-03BEDFE4},2010-02-05 03:33:44,QSC3123,PC-0100,Logoff
logon,{00000001BF60-262917CF},2010-02-05 22:54:36,QSC3123,PC-0100,Logon
logon,{00000001C252-3EEEEFFF},2010-02-06 01:03:36,QSC3123,PC-0100,Logoff
logon,{00000001BF64-0D63459A},2010-02-08 02:43:23,QSC3123,PC-0100,Logon
logon,{00000001C256-3A9B040C},2010-02-08 03:22:23,QSC3123,PC-0100,Logoff
logon,{00000001BF63-118C5883},2010-02-08 19:51:52,QSC3123,PC-0100,Logon
logon,{00000001BF61-33FC7C83},2010-02-08 20:54:02,QSC3123,PC-0100,Logon
logon,{00000001BF62-0FC541F5},2010-02-08 22:28:04,QSC3123,PC-0100,Logon
logon,{00000001C255-2014F775},2010-02-08 22:48:52,QSC3123,PC-0072,Logoff
logon,{00000001C253-25471EA5},2010-02-08 23:22:02,QSC3123,PC-0100,Logoff
logon,{00000001C254-05A52B4A},2010-02-08 23:24:04,QSC3123,PC-0054,Logoff
logon,{00000001BF66-0824B1B8},2010-02-09 03:45:01,QSC3123,PC-0100,Logon
logon,{00000001C258-35369309},2010-02-09 04:51:01,QSC3123,PC-0100,Logoff
logon,{00000001BF65-0DB40E16},2010-02-09 20:34:01,QSC3123,PC-0073,Logon
logon,{00000001C257-3BF16031},2010-02-09 21:41:01,QSC3123,PC-0100,Logoff
logon,{00000001BF6B-016635C8},2010-02-10 03:18:08,QSC3123,PC-0100,Logon
logon,{00000001BF6A-039005A2},2010-02-10 05:40:29,QSC3123,PC-0100,Logon
logon,{00000001C25C-1D692129},2010-02-10 06:11:29,QSC3123,PC-0079,Logoff
logon,{00000001C25D-3F5FE032},2010-02-10 06:16:08,QSC3123,PC-0109,Logoff
logon,{00000001BF68-362F8E40},2010-02-10 18:38:56,QSC3123,PC-0100,Logon
logon,{00000001C25A-30FFC118},2010-02-10 20:14:56,QSC3123,PC-0100,Logoff
logon,{00000001BF69-1C36F744},2010-02-10 20:43:51,QSC3123,PC-0100,Logon
logon,{00000001BF67-0B0B9CAD},2010-02-10 23:07:24,QSC3123,PC-0100,Logon
logon,{00000001C25B-2658C33E},2010-02-11 00:07:51,QSC3123,PC-0100,Logoff
logon,{00000001C259-3C93D8F1},2010-02-11 02:06:24,QSC3123,PC-0100,Logoff
logon,{00000001BF6D-03DBEE96},2010-02-11 20:41:20,QSC3123,PC-0100,Logon
logon,{00000001C25F-01816B51},2010-02-11 22:09:20,QSC3123,PC-0100,Logoff
logon,{00000001BF6C-3800DCDE},2010-02-11 22:38:54,QSC3123,PC-0100,Logon
logon,{00000001C25E-3221ED38},2010-02-11 23:18:54,QSC3123,PC-0100,Logoff
logon,{00000001BF70-3B8F22B2},2010-02-12 03:45:32,QSC3123,PC-0100,Logon
logon,{00000001C262-1B942604},2010-02-12 05:13:32,QSC3123,PC-0065,Logoff
logon,{00000001BF6E-3492C21B},2010-02-12 20:55:10,QSC3123,PC-0100,Logon
logon,{00000001BF6F-2B193F78},2010-02-12 20:55:22,QSC3123,PC-0100,Logon
logon,{00000001C261-0D970708},2010-02-12 22:37:22,QSC3123,PC-0100,Logoff
logon,{00000001C260-1C318436},2010-02-13 00:31:10,QSC3123,PC-0100,Logoff
logon,{00000001BF71-31DB6D4D},2010-02-15 06:01:00,QSC3123,PC-0100,Logon
logon,{00000001C263-08F9E3E3},2010-02-15 09:40:00,QSC3123,PC-0100,Logoff
logon,{00000001BF74-31A78440},2010-02-16 23:09:57,QSC3123,PC-0100,Logon
logon,{00000001BF73-3836F83F},2010-02-16 23:23:36,QSC3123,PC-0100,Logon
logon,{00000001BF72-2F09955B},2010-02-16 23:35:04,QSC3123,PC-0100,Logon
logon,{00000001C266-08807D6F},2010-02-17 00:10:57,QSC3123,PC-0100,Logoff
logon,{00000001C264-16F5B1BB},2010-02-17 00:45:04,QSC3123,PC-0100,Logoff
logon,{00000001C265-360917D6},2010-02-17 02:32:36,QSC3123,PC-0100,Logoff
logon,{00000001BF77-2273A50B},2010-02-18 00:28:53,QSC3123,PC-0100,Logon
logon,{00000001C269-09754EC1},2010-02-18 01:58:53,QSC3123,PC-0036,Logoff
logon,{00000001BF76-3891C743},2010-02-18 06:02:05,QSC3123,PC-0100,Logon
logon,{00000001C268-296BE8E2},2010-02-18 06:41:05,QSC3123,PC-0100,Logoff
logon,{00000001BF78-295CC673},2010-02-18 18:16:59,QSC3123,PC-0100,Logon
logon,{00000001C26A-350ACE40},2010-02-18 20:12:59,QSC3123,PC-0100,Logoff
logon,{00000001BF75-18911E93},2010-02-18 21:04:17,QSC3123,PC-0100,Logon
logon,{00000001C267-285291F8},2010-02-18 22:37:17,QSC3123,PC-0100,Logoff
logon,{00000001BF7B-0F6B87BC},2010-02-19 04:59:35,QSC3123,PC-0100,Logon
logon,{00000001C26D-09FF7D37},2010-02-19 07:35:35,QSC3123,PC-0100,Logoff
logon,{00000001BF7A-0302A6EE},2010-02-19 18:22:53,QSC3123,PC-0100,Logon
logon,{00000001C26C-079CFE89},2010-02-19 19:19:53,QSC3123,PC-0100,Logoff
logon,{00000001BF79-0740E2F1},2010-02-19 21:25:03,QSC3123,PC-0100,Logon
logon,{00000001C26B-39D9E359},2010-02-19 23:27:03,QSC3123,PC-0100,Logoff
device,{00000001EFD1-115BC511},2010-01-29 12:26:21,QSC3123,PC-0100,Connect
device,{00000001EFD5-3EB11009},2010-01-29 12:28:45,QSC3123,PC-0100,Connect
device,{00000001F15B-1BA4D623},2010-01-29 13:09:21,QSC3123,PC-0100,Disconnect
device,{00000001F15F-27095EB1},2010-01-29 13:32:45,QSC3123,PC-0100,Disconnect
device,{00000001EFD3-1AD68BF3},2010-01-29 17:02:24,QSC3123,PC-0100,Connect
device,{00000001F15D-2E80502A},2010-01-29 17:06:24,QSC3123,PC-0100,Disconnect
device,{00000001EFD4-394FD827},2010-01-29 17:13:40,QSC3123,PC-0100,Connect
device,{00000001F15E-1EA17936},2010-01-29 17:20:40,QSC3123,PC-0100,Disconnect
device,{00000001EFD2-1C425B47},2010-01-29 17:52:20,QSC3123,PC-0100,Connect
device,{00000001F15C-098B93AB},2010-01-29 17:58:20,QSC3123,PC-0100,Disconnect
device,{00000001F299-1DBFA56C},2010-01-29 19:35:12,QSC3123,PC-0100,Connect
device,{00000001F362-2E00AF7F},2010-01-29 20:25:12,QSC3123,PC-0100,Disconnect
device,{00000001F298-3A86584C},2010-01-29 21:11:33,QSC3123,PC-0100,Connect
device,{00000001F361-2EB8EC55},2010-01-29 22:09:33,QSC3123,PC-0100,Disconnect
device,{00000001EFD6-0207E2B6},2010-02-01 08:06:25,QSC3123,PC-0100,Connect
device,{00000001F160-250EE31A},2010-02-01 09:19:25,QSC3123,PC-0100,Disconnect
device,{00000001EFD7-3F339421},2010-02-01 17:05:48,QSC3123,PC-0100,Connect
device,{00000001F161-1AAFDCEB},2010-02-01 17:27:48,QSC3123,PC-0100,Disconnect
device,{00000001F29A-3FE35B14},2010-02-01 21:41:49,QSC3123,PC-0100,Connect
device,{00000001F363-305A3FA3},2010-02-01 22:19:49,QSC3123,PC-0100,Disconnect
device,{00000001EFDA-2790C0E7},2010-02-02 07:06:26,QSC3123,PC-0100,Connect
device,{00000001F164-04C2DD88},2010-02-02 07:56:26,QSC3123,PC-0100,Disconnect
device,{00000001EFD8-0E1A036E},2010-02-02 09:49:51,QSC3123,PC-0100,Connect
device,{00000001F162-3B7C38D5},2010-02-02 10:31:51,QSC3123,PC-0100,Disconnect
device,{00000001EFD9-21CF5DB4},2010-02-02 12:20:11,QSC3123,PC-0100,Connect
device,{00000001F163-14C2EA56},2010-02-02 13:20:11,QSC3123,PC-0100,Disconnect
device,{00000001EFDB-3D92085C},2010-02-02 15:47:34,QSC3123,PC-0100,Connect
device,{00000001F165-2EBF84EE},2010-02-02 16:01:34,QSC3123,PC-0100,Disconnect
device,{00000001EFDC-162B335E},2010-02-03 07:14:25,QSC3123,PC-0100,Connect
device,{00000001F166-1FF8C7B0},2010-02-03 07:46:25,QSC3123,PC-0100,Disconnect
device,{00000001EFDD-170B6C38},2010-02-03 08:30:33,QSC3123,PC-0100,Connect
device,{00000001F167-21B6409C},2010-02-03 08:58:33,QSC3123,PC-0100,Disconnect
device,{00000001EFDF-350D71EF},2010-02-03 09:36:58,QSC3123,PC-0100,Connect
device,{00000001F169-3AB2DDE8},2010-02-03 10:55:58,QSC3123,PC-0100,Disconnect
device,{00000001EFDE-0F21AAE2},2010-02-03 13:46:29,QSC3123,PC-0100,Connect
device,{00000001F168-04D97CB7},2010-02-03 14:55:29,QSC3123,PC-0100,Disconnect
device,{00000001EFE0-16D6E304},2010-02-03 17:35:40,QSC3123,PC-0100,Connect
device,{00000001F16A-3F0AB709},2010-02-03 18:03:40,QSC3123,PC-0100,Disconnect
device,{00000001F29B-2CFB09FA},2010-02-03 20:26:27,QSC3123,PC-0100,Connect
device,{00000001F364-260B5F99},2010-02-03 21:16:27,QSC3123,PC-0100,Disconnect
device,{00000001F29C-1F0B6C9B},2010-02-04 04:46:11,QSC3123,PC-0100,Connect
device,{00000001F365-21C6793D},2010-02-04 05:07:11,QSC3123,PC-0100,Disconnect
device,{00000001EFE1-23C289F9},2010-02-04 08:05:13,QSC3123,PC-0100,Connect
device,{00000001F16B-3C626EA9},2010-02-04 08:59:13,QSC3123,PC-0100,Disconnect
device,{00000001EFE3-296D9141},2010-02-04 09:24:38,QSC3123,PC-0100,Connect
device,{00000001F16D-08611479},2010-02-04 10:04:38,QSC3123,PC-0100,Disconnect
device,{00000001EFE2-101CEE43},2010-02-04 11:25:37,QSC3123,PC-0100,Connect
device,{00000001F16C-1658733E},2010-02-04 11:29:37,QSC3123,PC-0100,Disconnect
device,{00000001F29D-22FEFB57},2010-02-04 19:19:11,QSC3123,PC-0100,Connect
device,{00000001F366-3BB952CB},2010-02-04 19:56:11,QSC3123,PC-0100,Disconnect
device,{00000001EFE4-2E14B40C},2010-02-05 08:51:02,QSC3123,PC-0100,Connect
device,{00000001F16E-16F4ED13},2010-02-05 09:26:02,QSC3123,PC-0100,Disconnect
device,{00000001EFE5-03552311},2010-02-05 16:59:09,QSC3123,PC-0100,Connect
device,{00000001F16F-362FAFF6},2010-02-05 17:08:09,QSC3123,PC-0100,Disconnect
device,{00000001F29E-2DDCFC97},2010-02-05 23:43:32,QSC3123,PC-0100,Connect
device,{00000001F367-005D6AC2},2010-02-06 00:44:32,QSC3123,PC-0100,Disconnect
device,{00000001EFE9-177B7088},2010-02-08 08:46:15,QSC3123,PC-0100,Connect
device,{00000001F173-20530EE3},2010-02-08 09:57:15,QSC3123,PC-0100,Disconnect
device,{00000001EFE6-3CD29832},2010-02-08 11:29:05,QSC3123,PC-0100,Connect
device,{00000001F170-0B1CDD3C},2010-02-08 11:47:05,QSC3123,PC-0100,Disconnect
device,{00000001EFE7-2C6F86C8},2010-02-08 17:45:00,QSC3123,PC-0100,Connect
device,{00000001EFE8-0517A02D},2010-02-08 17:52:55,QSC3123,PC-0100,Connect
device,{00000001F171-0BA6CE43},2010-02-08 18:00:00,QSC3123,PC-0100,Disconnect
device,{00000001F29F-2378283E},2010-02-08 18:11:19,QSC3123,PC-0100,Connect
device,{00000001F172-21EB27AC},2010-02-08 18:30:55,QSC3123,PC-0100,Disconnect
device,{00000001F368-1234CEDD},2010-02-08 19:28:19,QSC3123,PC-0100,Disconnect
device,{00000001EFEA-1B47FD8B},2010-02-09 07:13:05,QSC3123,PC-0100,Connect
device,{00000001EFEB-3048A495},2010-02-09 07:20:24,QSC3123,PC-0100,Connect
device,{00000001F175-2F27B050},2010-02-09 08:03:24,QSC3123,PC-0100,Disconnect
device,{00000001F174-10364B80},2010-02-09 08:12:05,QSC3123,PC-0100,Disconnect
device,{00000001F2A0-3C31C867},2010-02-09 18:19:00,QSC3123,PC-0100,Connect
device,{00000001F369-24C275A6},2010-02-09 19:05:00,QSC3123,PC-0100,Disconnect
device,{00000001F2A1-18D9CB51},2010-02-09 23:51:37,QSC3123,PC-0100,Connect
device,{00000001F36A-26103F7A},2010-02-10 00:51:37,QSC3123,PC-0100,Disconnect
device,{00000001EFEF-2DCD4BB9},2010-02-10 10:23:07,QSC3123,PC-0100,Connect
device,{00000001EFEC-25A395BE},2010-02-10 10:51:52,QSC3123,PC-0100,Connect
device,{00000001F176-1AC32E34},2010-02-10 11:00:52,QSC3123,PC-0100,Disconnect
device,{00000001F179-2AC43180},2010-02-10 11:35:07,QSC3123,PC-0100,Disconnect
device,{00000001EFEE-3C6EF576},2010-02-10 13:40:54,QSC3123,PC-0100,Connect
device,{00000001F178-147DC995},2010-02-10 14:22:54,QSC3123,PC-0100,Disconnect
device,{00000001EFED-35B17E48},2010-02-10 15:39:58,QSC3123,PC-0100,Connect
device,{00000001F177-343D0107},2010-02-10 16:25:58,QSC3123,PC-0100,Disconnect
device,{00000001F2A2-174B9E82},2010-02-10 21:28:38,QSC3123,PC-0100,Connect
device,{00000001F36B-165E1F39},2010-02-10 22:20:38,QSC3123,PC-0100,Disconnect
device,{00000001EFF3-0EA6619D},2010-02-11 07:36:22,QSC3123,PC-0100,Connect
device,{00000001F17D-2AA512F8},2010-02-11 07:46:22,QSC3123,PC-0100,Disconnect
device,{00000001EFF2-36EC2557},2010-02-11 12:00:48,QSC3123,PC-0100,Connect
device,{00000001F17C-3F214F7D},2010-02-11 12:14:48,QSC3123,PC-0100,Disconnect
device,{00000001EFF0-258DC06A},2010-02-11 12:44:50,QSC3123,PC-0100,Connect
device,{00000001EFF1-2F1DAD60},2010-02-11 12:50:01,QSC3123,PC-0100,Connect
device,{00000001F17A-0941C15C},2010-02-11 13:02:50,QSC3123,PC-0100,Disconnect
device,{00000001F17B-0C1F5ED7},2010-02-11 13:54:01,QSC3123,PC-0100,Disconnect
device,{00000001F2A3-18BAC3A2},2010-02-11 18:20:27,QSC3123,PC-0100,Connect
device,{00000001F36C-130D4DC0},2010-02-11 19:48:27,QSC3123,PC-0100,Disconnect
device,{00000001F2A4-375B3386},2010-02-11 23:32:23,QSC3123,PC-0100,Connect
device,{00000001F36D-1095E868},2010-02-12 00:14:23,QSC3123,PC-0100,Disconnect
device,{00000001EFF4-07CB7261},2010-02-12 13:01:38,QSC3123,PC-0100,Connect
device,{00000001F17E-202E5D8E},2010-02-12 14:17:38,QSC3123,PC-0100,Disconnect
device,{00000001EFF5-175736CB},2010-02-12 16:46:09,QSC3123,PC-0100,Connect
device,{00000001F17F-14AADE7C},2010-02-12 17:32:09,QSC3123,PC-0100,Disconnect
device,{00000001F2A5-2E28F4FA},2010-02-12 21:28:12,QSC3123,PC-0100,Connect
device,{00000001F36E-0D0DD2D0},2010-02-12 22:07:12,QSC3123,PC-0100,Disconnect
device,{00000001EFF6-31407888},2010-02-15 10:36:54,QSC3123,PC-0100,Connect
device,{00000001F180-3A6F70B4},2010-02-15 11:07:54,QSC3123,PC-0100,Disconnect
device,{00000001EFF9-3342AB94},2010-02-15 11:13:23,QSC3123,PC-0100,Connect
device,{00000001F183-1DD1F7EF},2010-02-15 12:17:23,QSC3123,PC-0100,Disconnect
device,{00000001EFF8-07110C53},2010-02-15 12:31:39,QSC3123,PC-0100,Connect
device,{00000001EFF7-05EA75D3},2010-02-15 13:01:30,QSC3123,PC-0100,Connect
device,{00000001F182-2FFD1ADC},2010-02-15 13:30:39,QSC3123,PC-0100,Disconnect
device,{00000001F181-1E30EFF9},2010-02-15 13:57:30,QSC3123,PC-0100,Disconnect
device,{00000001F2A6-34A89295},2010-02-15 19:02:46,QSC3123,PC-0100,Connect
device,{00000001F36F-245776BC},2010-02-15 19:12:46,QSC3123,PC-0100,Disconnect
device,{00000001F2A8-1683B799},2010-02-15 19:52:56,QSC3123,PC-0100,Connect
device,{00000001F371-3F2D3AC9},2010-02-15 19:54:56,QSC3123,PC-0100,Disconnect
device,{00000001F2A7-24742052},2010-02-15 22:40:37,QSC3123,PC-0100,Connect
device,{00000001F370-1DE22544},2010-02-15 23:10:37,QSC3123,PC-0100,Disconnect
device,{00000001F2A9-13E47199},2010-02-16 03:03:18,QSC3123,PC-0100,Connect
device,{00000001F372-0D998B08},2010-02-16 03:35:18,QSC3123,PC-0100,Disconnect
device,{00000001F2AA-04C56C6B},2010-02-16 05:27:55,QSC3123,PC-0100,Connect
device,{00000001F373-34E6152B},2010-02-16 06:07:55,QSC3123,PC-0100,Disconnect
device,{00000001EFFA-30AD0B17},2010-02-16 13:39:40,QSC3123,PC-0100,Connect
device,{00000001F184-0B5684A4},2010-02-16 14:18:40,QSC3123,PC-0100,Disconnect
device,{00000001F2AB-19DA8A5E},2010-02-17 00:16:14,QSC3123,PC-0100,Connect
device,{00000001F374-26E8E06B},2010-02-17 00:36:14,QSC3123,PC-0100,Disconnect
device,{00000001EFFB-1EE74BCF},2010-02-17 16:33:24,QSC3123,PC-0100,Connect
device,{00000001F185-1B63EF5E},2010-02-17 17:27:24,QSC3123,PC-0100,Disconnect
device,{00000001F2AD-10A55030},2010-02-17 18:52:14,QSC3123,PC-0100,Connect
device,{00000001F376-248618FE},2010-02-17 19:43:14,QSC3123,PC-0100,Disconnect
device,{00000001F2AC-3B283201},2010-02-17 20:02:41,QSC3123,PC-0100,Connect
device,{00000001F375-07C4D5DF},2010-02-17 20:29:41,QSC3123,PC-0100,Disconnect
device,{00000001EFFC-34E5957F},2010-02-18 09:07:24,QSC3123,PC-0100,Connect
device,{00000001F186-1EE2E905},2010-02-18 09:14:24,QSC3123,PC-0100,Disconnect
device,{00000001EFFD-09BD3C27},2010-02-18 10:29:37,QSC3123,PC-0100,Connect
device,{00000001F187-363C6F39},2010-02-18 10:44:37,QSC3123,PC-0100,Disconnect
device,{00000001EFFE-2B4ECF5F},2010-02-18 16:59:19,QSC3123,PC-0100,Connect
device,{00000001F188-352346EC},2010-02-18 17:16:19,QSC3123,PC-0100,Disconnect
device,{00000001F2AE-01C82889},2010-02-18 18:53:40,QSC3123,PC-0100,Connect
device,{00000001F377-1D232FD0},2010-02-18 19:11:40,QSC3123,PC-0100,Disconnect
device,{00000001F000-14529D4B},2010-02-19 07:59:49,QSC3123,PC-0100,Connect
device,{00000001F18A-04C07A98},2010-02-19 08:01:49,QSC3123,PC-0100,Disconnect
device,{00000001EFFF-029D4086},2010-02-19 11:55:14,QSC3123,PC-0100,Connect
device,{00000001F004-2A151A9A},2010-02-19 12:12:20,QSC3123,PC-0100,Connect
device,{00000001F189-3279AA75},2010-02-19 12:24:14,QSC3123,PC-0100,Disconnect
device,{00000001F003-2F6D11EE},2010-02-19 12:59:07,QSC3123,PC-0100,Connect
device,{00000001F18D-10173E6C},2010-02-19 13:09:07,QSC3123,PC-0100,Disconnect
device,{00000001F18E-1102C5F0},2010-02-19 13:38:20,QSC3123,PC-0100,Disconnect
device,{00000001F001-1C44177B},2010-02-19 13:50:31,QSC3123,PC-0100,Connect
device,{00000001F18B-0F0C2FF0},2010-02-19 14:17:31,QSC3123,PC-0100,Disconnect
device,{00000001F002-2BE2BDAA},2010-02-19 15:22:42,QSC3123,PC-0100,Connect
device,{00000001F18C-049EFC9B},2010-02-19 15:36:42,QSC3123,PC-0100,Disconnect
device,{00000001F005-220EEB7A},2010-02-19 16:40:31,QSC3123,PC-0100,Connect
device,{00000001F18F-072750B6},2010-02-19 18:03:31,QSC3123,PC-0100,Disconnect
device,{00000001F2B0-3CE6AB73},2010-02-19 20:19:10,QSC3123,PC-0100,Connect
device,{00000001F379-3D9DC144},2010-02-19 20:53:10,QSC3123,PC-0100,Disconnect
device,{00000001F2AF-0AC92525},2010-02-19 22:54:49,QSC3123,PC-0100,Connect
device,{00000001F378-01BBE330},2010-02-19 23:36:49,QSC3123,PC-0100,Disconnect
file,{00000002CC72-049394E2},2010-01-29 07:16:07,QSC3123,PC-0100,E03891.pdf,D0-CF-11-E0
file,{00000002CC66-268C2C0C},2010-01-29 07:44:35,QSC3123,PC-0100,1F9C1A.doc,D0-CF-11-E0
file,{00000002CC77-06BBFEE1},2010-01-29 07:50:19,QSC3123,PC-0100,228F05.doc,D0-CF-11-E0
file,{00000002CC74-14751ACB},2010-01-29 08:40:39,QSC3123,PC-0100,48A291.jpg,D0-CF-11-E0
file,{00000002CC67-132DA7D5},2010-01-29 09:12:08,QSC3123,PC-0100,3C63AF.pdf,D0-CF-11-E0
file,{00000002CC70-2871B3CC},2010-01-29 09:32:36,QSC3123,PC-0100,A9E11D.zip,D0-CF-11-E0
file,{00000002CC65-12EC7AF0},2010-01-29 09:59:41,QSC3123,PC-0100,01656A.doc,D0-CF-11-E0
file,{00000002CC76-3D1A6378},2010-01-29 10:48:27,QSC3123,PC-0100,EBE311.pdf,D0-CF-11-E0
file,{00000002CC75-1CBB7776},2010-01-29 11:19:50,QSC3123,PC-0100,308131.doc,D0-CF-11-E0
file,{00000002CC6A-38C9A41C},2010-01-29 11:36:58,QSC3123,PC-0100,742688.doc,D0-CF-11-E0
file,{00000002CC69-03D98BAB},2010-01-29 12:18:20,QSC3123,PC-0100,FC6DCC.pdf,D0-CF-11-E0
file,{00000002CC6F-23A9BCD2},2010-01-29 12:26:17,QSC3123,PC-0100,AAD704.jpg,D0-CF-11-E0
file,{00000002CC68-2F9FB4FB},2010-01-29 13:05:50,QSC3123,PC-0100,4F60D0.zip,D0-CF-11-E0
file,{00000002CC73-389E37C6},2010-01-29 14:19:17,QSC3123,PC-0100,C95E30.pdf,D0-CF-11-E0
file,{00000002CC6E-0CFC6C07},2010-01-29 14:29:36,QSC3123,PC-0100,498898.doc,D0-CF-11-E0
file,{00000002CC71-29B820D3},2010-01-29 14:39:19,QSC3123,PC-0100,DC03D8.zip,D0-CF-11-E0
file,{00000002CC6C-190B8C50},2010-01-29 16:34:21,QSC3123,PC-0100,95CF02.pdf,D0-CF-11-E0
file,{00000002CC6B-238E504E},2010-01-29 16:43:11,QSC3123,PC-0100,CCB132.txt,D0-CF-11-E0
file,{00000002CC6D-313D9189},2010-01-29 17:54:11,QSC3123,PC-0100,72C083.zip,D0-CF-11-E0
file,{00000002CC7A-20E313B7},2010-02-01 07:07:17,QSC3123,PC-0100,170A7E.txt,D0-CF-11-E0
file,{00000002CC85-1E626A7B},2010-02-01 07:07:32,QSC3123,PC-0100,E80C4F.zip,D0-CF-11-E0
file,{00000002CC87-2B9BD01E},2010-02-01 07:51:38,QSC3123,PC-0100,70E1F3.pdf,D0-CF-11-E0
file,{00000002CC88-3076B703},2010-02-01 08:51:50,QSC3123,PC-0100,F59FE0.pdf,D0-CF-11-E0
file,{00000002CC84-22E595E9},2010-02-01 09:52:54,QSC3123,PC-0100,DF62A7.zip,D0-CF-11-E0
file,{00000002CC82-1C2AC176},2010-02-01 09:56:37,QSC3123,PC-0100,38A1CD.zip,D0-CF-11-E0
file,{00000002CC86-1B6A11AC},2010-02-01 10:20:20,QSC3123,PC-0100,B97234.pdf,D0-CF-11-E0
file,{00000002CC7B-31567401},2010-02-01 10:47:54,QSC3123,PC-0100,519AC5.doc,D0-CF-11-E0
file,{00000002CC79-2DE93A0E},2010-02-01 10:54:12,QSC3123,PC-0100,8427AD.zip,D0-CF-11-E0
file,{00000002CC89-1B60229F},2010-02-01 11:21:15,QSC3123,PC-0100,B16B8F.zip,D0-CF-11-E0
file,{00000002CC7F-10446882},2010-02-01 11:32:58,QSC3123,PC-0100,CA903E.pdf,D0-CF-11-E0
file,{00000002CC81-3177C54D},2010-02-01 12:18:43,QSC3123,PC-0100,67270A.png,D0-CF-11-E0
file,{00000002CC7C-31BC0BE1},2010-02-01 14:41:13,QSC3123,PC-0100,FEA4AE.doc,D0-CF-11-E0
file,{00000002CC78-1AED1954},2010-02-01 15:24:46,QSC3123,PC-0100,582BF9.doc,D0-CF-11-E0
file,{00000002CC7E-20D94631},2010-02-01 17:29:12,QSC3123,PC-0100,931ADA.doc,D0-CF-11-E0
file,{00000002CC80-29BB839C},2010-02-01 17:31:00,QSC3123,PC-0100,B4374A.zip,D0-CF-11-E0
file,{00000002CC7D-04DD81E2},2010-02-01 17:33:23,QSC3123,PC-0100,A53AFD.pdf,D0-CF-11-E0
file,{00000002CC83-13554C0C},2010-02-01 17:49:42,QSC3123,PC-0100,A66657.pdf,D0-CF-11-E0
file,{00000002CC9C-172A75F7},2010-02-02 07:29:55,QSC3123,PC-0100,B8C875.pdf,D0-CF-11-E0
file,{00000002CC92-2ECE4116},2010-02-02 08:03:04,QSC3123,PC-0100,13CD44.zip,D0-CF-11-E0
file,{00000002CC8A-284CDF8D},2010-02-02 09:02:43,QSC3123,PC-0100,9490C8.zip,D0-CF-11-E0
file,{00000002CC9F-26107CB2},2010-02-02 09:02:52,QSC3123,PC-0100,8A00D3.pdf,D0-CF-11-E0
file,{00000002CC99-359388E1},2010-02-02 10:47:46,QSC3123,PC-0100,7C6776.jpg,D0-CF-11-E0
file,{00000002CC93-3F717A9F},2010-02-02 10:56:00,QSC3123,PC-0100,BE7BDA.zip,D0-CF-11-E0
file,{00000002CC95-1047DD0B},2010-02-02 11:18:35,QSC3123,PC-0100,4D72ED.doc,D0-CF-11-E0
file,{00000002CC8D-1BA47013},2010-02-02 12:02:46,QSC3123,PC-0100,5C4A31.zip,D0-CF-11-E0
file,{00000002CC91-37B31F46},2010-02-02 12:29:30,QSC3123,PC-0100,7B0EEB.doc,D0-CF-11-E0
file,{00000002CC9B-2B2BEBB4},2010-02-02 14:05:11,QSC3123,PC-0100,486231.pdf,D0-CF-11-E0
file,{00000002CCA0-1E4AE12A},2010-02-02 14:05:57,QSC3123,PC-0100,CA8799.pdf,D0-CF-11-E0
file,{00000002CC90-10884235},2010-02-02 14:21:38,QSC3123,PC-0100,00E913.pdf,D0-CF-11-E0
file,{00000002CC8E-158FC7CE},2010-02-02 14:49:17,QSC3123,PC-0100,2BA2DA.zip,D0-CF-11-E0
file,{00000002CC9D-1EC92DC1},2010-02-02 15:21:35,QSC3123,PC-0100,CD706E.doc,D0-CF-11-E0
file,{00000002CC8B-21A16555},2010-02-02 15:24:06,QSC3123,PC-0100,8805DB.zip,D0-CF-11-E0
file,{00000002CC9E-0E6D0E65},2010-02-02 15:56:58,QSC3123,PC-0100,C44204.pdf,D0-CF-11-E0
file,{00000002CC8C-2916CB57},2010-02-02 16:11:47,QSC3123,PC-0100,431909.zip,D0-CF-11-E0
file,{00000002CC98-28D6F7EB},2010-02-02 16:18:05,QSC3123,PC-0100,5DFC81.zip,D0-CF-11-E0
file,{00000002CC9A-3CEFE9CF},2010-02-02 16:59:51,QSC3123,PC-0100,2FA566.txt,D0-CF-11-E0
file,{00000002CC8F-0C1AF1F9},2010-02-02 17:01:33,QSC3123,PC-0100,653E14.zip,D0-CF-11-E0
file,{00000002CC97-13570600},2010-02-02 17:07:56,QSC3123,PC-0100,5D254B.pdf,D0-CF-11-E0
file,{00000002CC96-09C90752},2010-02-02 17:28:50,QSC3123,PC-0100,F9A800.zip,D0-CF-11-E0
file,{00000002CC94-320BED54},2010-02-02 17:46:09,QSC3123,PC-0100,4B67B2.pdf,D0-CF-11-E0
file,{00000002CCA5-05507D77},2010-02-03 07:04:53,QSC3123,PC-0100,951443.zip,D0-CF-11-E0
file,{00000002CCAE-2367910C},2010-02-03 07:41:00,QSC3123,PC-0100,FDFC7B.zip,D0-CF-11-E0
file,{00000002CCA3-24B2C2C1},2010-02-03 07:54:38,QSC3123,PC-0100,A6BCB9.pdf,D0-CF-11-E0
file,{00000002CCA7-3117075F},2010-02-03 08:06:15,QSC3123,PC-0100,D81939.doc,D0-CF-11-E0
file,{00000002CCAB-39F313D8},2010-02-03 09:18:51,QSC3123,PC-0100,6FC6E9.zip,D0-CF-11-E0
file,{00000002CCA9-2C58E174},2010-02-03 11:04:11,QSC3123,PC-0100,546374.doc,D0-CF-11-E0
file,{00000002CCAF-1D7650CB},2010-02-03 11:19:39,QSC3123,PC-0100,1D63D8.doc,D0-CF-11-E0
file,{00000002CCB0-1FC0356A},2010-02-03 11:32:49,QSC3123,PC-0100,EAAD00.doc,D0-CF-11-E0
file,{00000002CCAA-1B48462C},2010-02-03 12:56:55,QSC3123,PC-0100,5795C0.doc,D0-CF-11-E0
file,{00000002CCA6-2CD6659D},2010-02-03 14:44:25,QSC3123,PC-0100,42A1A0.zip,D0-CF-11-E0
file,{00000002CCA8-1BBB1C92},2010-02-03 14:57:16,QSC3123,PC-0100,0BF6FC.doc,D0-CF-11-E0
file,{00000002CCAC-1B6A8BDA},2010-02-03 15:36:37,QSC3123,PC-0100,EA1D5B.zip,D0-CF-11-E0
file,{00000002CCA1-1512C966},2010-02-03 15:47:54,QSC3123,PC-0100,C4799B.doc,D0-CF-11-E0
file,{00000002CCB1-2FD1CA6E},2010-02-03 16:19:30,QSC3123,PC-0100,C22DAA.zip,D0-CF-11-E0
file,{00000002CCAD-2BCBE474},2010-02-03 16:23:44,QSC3123,PC-0100,3AA194.zip,D0-CF-11-E0
file,{00000002CCA4-19C128E4},2010-02-03 16:58:02,QSC3123,PC-0100,94F9D5.pdf,D0-CF-11-E0
file,{00000002CCA2-3377440B},2010-02-03 17:58:13,QSC3123,PC-0100,FCDE9F.txt,D0-CF-11-E0
file,{00000002CCC2-117F5AE7},2010-02-04 07:54:36,QSC3123,PC-0100,1005F9.pdf,D0-CF-11-E0
file,{00000002CCBA-1DDCC1D9},2010-02-04 08:10:22,QSC3123,PC-0100,322ECD.doc,D0-CF-11-E0
file,{00000002CCBB-1052E58D},2010-02-04 08:26:20,QSC3123,PC-0100,2BC82F.doc,D0-CF-11-E0
file,{00000002CCB2-34C2DD23},2010-02-04 09:10:56,QSC3123,PC-0100,C5E80D.doc,D0-CF-11-E0
file,{00000002CCBD-125A0361},2010-02-04 09:12:17,QSC3123,PC-0100,A5831B.doc,D0-CF-11-E0
file,{00000002CCB7-00E69AF3},2010-02-04 09:43:07,QSC3123,PC-0100,56C952.doc,D0-CF-11-E0
file,{00000002CCC1-0F1B78F5},2010-02-04 10:27:06,QSC3123,PC-0100,030097.zip,D0-CF-11-E0
file,{00000002CCB4-3E48D6E0},2010-02-04 10:47:11,QSC3123,PC-0100,BD658F.zip,D0-CF-11-E0
file,{00000002CCBC-2C6B025B},2010-02-04 10:59:16,QSC3123,PC-0100,F9EA4A.txt,D0-CF-11-E0
file,{00000002CCBE-1A66ECF3},2010-02-04 11:39:56,QSC3123,PC-0100,3BFE1B.doc,D0-CF-11-E0
file,{00000002CCB5-1A2F5AAE},2010-02-04 11:47:51,QSC3123,PC-0100,755CF8.jpg,D0-CF-11-E0
file,{00000002CCBF-26C1D2DE},2010-02-04 14:31:19,QSC3123,PC-0100,7EAC1C.zip,D0-CF-11-E0
file,{00000002CCB6-0F28EFA0},2010-02-04 15:30:10,QSC3123,PC-0100,595488.pdf,D0-CF-11-E0
file,{00000002CCB8-0376EDFB},2010-02-04 15:42:13,QSC3123,PC-0100,823594.doc,D0-CF-11-E0
file,{00000002CCB3-196D5BA4},2010-02-04 15:43:53,QSC3123,PC-0100,A9EF10.doc,D0-CF-11-E0
file,{00000002CCC0-08B89259},2010-02-04 16:14:59,QSC3123,PC-0100,5C0062.pdf,D0-CF-11-E0
file,{00000002CCB9-130515B5},2010-02-04 17:21:40,QSC3123,PC-0100,302F1B.jpg,D0-CF-11-E0
file,{00000002CCD3-134D4240},2010-02-05 07:04:38,QSC3123,PC-0100,41A8B3.zip,D0-CF-11-E0
file,{00000002CCCD-39C4DACA},2010-02-05 07:30:47,QSC3123,PC-0100,C11EA2.zip,D0-CF-11-E0
file,{00000002CCC8-19BEBAD8},2010-02-05 07:32:36,QSC3123,PC-0100,87F964.zip,D0-CF-11-E0
file,{00000002CCCC-12BF3AD9},2010-02-05 08:24:28,QSC3123,PC-0100,16F21A.doc,D0-CF-11-E0
file,{00000002CCD1-2FF9A3B2},2010-02-05 08:25:35,QSC3123,PC-0100,B08DBD.doc,D0-CF-11-E0
file,{00000002CCCB-25F3885E},2010-02-05 09:06:48,QSC3123,PC-0100,1C9852.zip,D0-CF-11-E0
file,{00000002CCCA-2F554630},2010-02-05 09:07:59,QSC3123,PC-0100,3C86E4.doc,D0-CF-11-E0
file,{00000002CCC3-324D944F},2010-02-05 09:11:05,QSC3123,PC-0100,3A48E6.doc,D0-CF-11-E0
file,{00000002CCC5-1CE5EB55},2010-02-05 09:29:05,QSC3123,PC-0100,32DC21.zip,D0-CF-11-E0
file,{00000002CCD0-3323E422},2010-02-05 10:10:12,QSC3123,PC-0100,EFB9A1.doc,D0-CF-11-E0
file,{00000002CCC4-2B4FE3F8},2010-02-05 10:43:20,QSC3123,PC-0100,709614.zip,D0-CF-11-E0
file,{00000002CCC7-04A860D2},2010-02-05 12:33:58,QSC3123,PC-0100,B51B13.pdf,D0-CF-11-E0
file,{00000002CCCE-04A5E0B6},2010-02-05 12:55:15,QSC3123,PC-0100,6F4D06.doc,D0-CF-11-E0
file,{00000002CCCF-08FBF581},2010-02-05 13:20:21,QSC3123,PC-0100,D8FA15.jpg,D0-CF-11-E0
file,{00000002CCC9-32B452D5},2010-02-05 14:13:12,QSC3123,PC-0100,B574E1.doc,D0-CF-11-E0
file,{00000002CCC6-3CAF5BAD},2010-02-05 15:10:16,QSC3123,PC-0100,A44FD3.pdf,D0-CF-11-E0
file,{00000002CCD2-162017CD},2010-02-05 17:51:08,QSC3123,PC-0100,92BEB2.zip,D0-CF-11-E0
file,{00000002CCDD-23436383},2010-02-08 07:15:24,QSC3123,PC-0100,4D9DB3.txt,D0-CF-11-E0
file,{00000002CCD8-3088A894},2010-02-08 08:38:45,QSC3123,PC-0100,2AF3DD.png,D0-CF-11-E0
file,{00000002CCE0-2DC38311},2010-02-08 08:52:40,QSC3123,PC-0100,FD172E.zip,D0-CF-11-E0
file,{00000002CCDC-36237D8C},2010-02-08 09:53:12,QSC3123,PC-0100,2AF3BA.zip,D0-CF-11-E0
file,{00000002CCD9-148443FA},2010-02-08 10:07:04,QSC3123,PC-0100,808A4C.doc,D0-CF-11-E0
file,{00000002CCD4-35DC4A6C},2010-02-08 11:05:10,QSC3123,PC-0100,431BF8.doc,D0-CF-11-E0
file,{00000002CCDB-0EC218E6},2010-02-08 12:05:33,QSC3123,PC-0100,8E084F.doc,D0-CF-11-E0
file,{00000002CCDE-091FB686},2010-02-08 13:12:49,QSC3123,PC-0100,A006A8.pdf,D0-CF-11-E0
file,{00000002CCD7-145B6BCD},2010-02-08 13:52:23,QSC3123,PC-0100,7AF6BF.doc,D0-CF-11-E0
file,{00000002CCD6-2B6C358F},2010-02-08 13:56:29,QSC3123,PC-0100,9EEE0B.doc,D0-CF-11-E0
file,{00000002CCD5-35119C8F},2010-02-08 14:24:52,QSC3123,PC-0100,D89F1F.zip,D0-CF-11-E0
file,{00000002CCDA-32395A41},2010-02-08 17:31:06,QSC3123,PC-0100,DCA5CF.zip,D0-CF-11-E0
file,{00000002CCDF-112D199A},2010-02-08 17:32:35,QSC3123,PC-0100,73AE42.pdf,D0-CF-11-E0
file,{00000002CCE9-05642BA6},2010-02-09 07:08:19,QSC3123,PC-0100,E8D370.zip,D0-CF-11-E0
file,{00000002CCEC-3746C95F},2010-02-09 07:24:38,QSC3123,PC-0100,C439EC.zip,D0-CF-11-E0
file,{00000002CCEB-0D2775ED},2010-02-09 08:06:32,QSC3123,PC-0100,1FB7B3.zip,D0-CF-11-E0
file,{00000002CCE2-063A669F},2010-02-09 09:31:45,QSC3123,PC-0100,2091F1.zip,D0-CF-11-E0
file,{00000002CCE3-14FC8FF4},2010-02-09 10:52:44,QSC3123,PC-0100,E2D6F5.zip,D0-CF-11-E0
file,{00000002CCE8-35E14B78},2010-02-09 12:44:13,QSC3123,PC-0100,E30C06.zip,D0-CF-11-E0
file,{00000002CCE4-0E06EBA2},2010-02-09 13:45:52,QSC3123,PC-0100,A222A8.doc,D0-CF-11-E0
file,{00000002CCE6-10362FBE},2010-02-09 14:52:51,QSC3123,PC-0100,190086.pdf,D0-CF-11-E0
file,{00000002CCED-108B60C0},2010-02-09 15:22:09,QSC3123,PC-0100,97249C.pdf,D0-CF-11-E0
file,{00000002CCE7-1A93D0F2},2010-02-09 15:42:54,QSC3123,PC-0100,EFBA38.pdf,D0-CF-11-E0
file,{00000002CCEA-182D60DD},2010-02-09 15:57:47,QSC3123,PC-0100,9CF42E.doc,D0-CF-11-E0
file,{00000002CCE1-0E2140FB},2010-02-09 17:06:12,QSC3123,PC-0100,CF8944.doc,D0-CF-11-E0
file,{00000002CCE5-01EDDCFB},2010-02-09 17:28:19,QSC3123,PC-0100,40D34A.txt,D0-CF-11-E0
file,{00000002CCEE-269618C4},2010-02-09 17:34:42,QSC3123,PC-0100,6A53AE.jpg,D0-CF-11-E0
file,{00000002CCF1-1234D14C},2010-02-10 07:16:58,QSC3123,PC-0100,AF2CDE.zip,D0-CF-11-E0
file,{00000002CCFA-0BC95D99},2010-02-10 08:23:55,QSC3123,PC-0100,88C455.txt,D0-CF-11-E0
file,{00000002CCF5-0B1FFE27},2010-02-10 09:16:56,QSC3123,PC-0100,306F02.doc,D0-CF-11-E0
file,{00000002CCF2-27FF6B12},2010-02-10 09:34:02,QSC3123,PC-0100,737856.zip,D0-CF-11-E0
file,{00000002CCF0-05E109A4},2010-02-10 09:48:11,QSC3123,PC-0100,A00970.pdf,D0-CF-11-E0
file,{00000002CCFD-3FB31B9D},2010-02-10 11:13:33,QSC3123,PC-0100,D6293D.zip,D0-CF-11-E0
file,{00000002CCFB-0AABE59E},2010-02-10 11:17:00,QSC3123,PC-0100,1DFEEC.doc,D0-CF-11-E0
file,{00000002CCF3-3D7C7A0F},2010-02-10 12:57:26,QSC3123,PC-0100,99EEF9.doc,D0-CF-11-E0
file,{00000002CCF8-2ED05674},2010-02-10 13:10:05,QSC3123,PC-0100,346D0A.zip,D0-CF-11-E0
file,{00000002CCF4-05B13527},2010-02-10 14:06:56,QSC3123,PC-0100,96FA53.doc,D0-CF-11-E0
file,{00000002CCFF-2493DDB4},2010-02-10 15:17:07,QSC3123,PC-0100,A45DEE.zip,D0-CF-11-E0
file,{00000002CCFC-2565A531},2010-02-10 15:39:01,QSC3123,PC-0100,684E19.zip,D0-CF-11-E0
file,{00000002CCF7-19F05A01},2010-02-10 15:45:02,QSC3123,PC-0100,297E56.zip,D0-CF-11-E0
file,{00000002CCEF-03FE5E2A},2010-02-10 15:52:07,QSC3123,PC-0100,3E087B.doc,D0-CF-11-E0
file,{00000002CCF9-042EE47E},2010-02-10 16:26:10,QSC3123,PC-0100,05F27A.doc,D0-CF-11-E0
file,{00000002CCF6-3B5FAFA1},2010-02-10 16:57:34,QSC3123,PC-0100,F4C229.doc,D0-CF-11-E0
file,{00000002CCFE-1D030CC3},2010-02-10 17:11:21,QSC3123,PC-0100,E5E598.jpg,D0-CF-11-E0
file,{00000002CD0B-3C86CD62},2010-02-11 07:48:19,QSC3123,PC-0100,67DA55.doc,D0-CF-11-E0
file,{00000002CD09-328F04B3},2010-02-11 08:21:39,QSC3123,PC-0100,DC3DD6.pdf,D0-CF-11-E0
file,{00000002CD07-3878E8F9},2010-02-11 09:12:58,QSC3123,PC-0100,7C736F.doc,D0-CF-11-E0
file,{00000002CD06-3778A081},2010-02-11 10:18:24,QSC3123,PC-0100,F1D13E.doc,D0-CF-11-E0
file,{00000002CD03-0C0EE486},2010-02-11 11:32:12,QSC3123,PC-0100,A2352C.jpg,D0-CF-11-E0
file,{00000002CD11-3839D49F},2010-02-11 11:39:26,QSC3123,PC-0100,3A372F.pdf,D0-CF-11-E0
file,{00000002CD08-01C9F143},2010-02-11 11:48:20,QSC3123,PC-0100,FF56AD.doc,D0-CF-11-E0
file,{00000002CD05-08A3E21E},2010-02-11 12:35:14,QSC3123,PC-0100,57619B.doc,D0-CF-11-E0
file,{00000002CD0E-148E3604},2010-02-11 12:36:26,QSC3123,PC-0100,C5E0CA.doc,D0-CF-11-E0
file,{00000002CD01-0E4C859B},2010-02-11 12:38:54,QSC3123,PC-0100,82B0C4.doc,D0-CF-11-E0
file,{00000002CD0A-20DEA6D2},2010-02-11 12:47:52,QSC3123,PC-0100,4D5DC8.zip,D0-CF-11-E0
file,{00000002CD04-1A988BBA},2010-02-11 13:10:23,QSC3123,PC-0100,670E0F.doc,D0-CF-11-E0
file,{00000002CD00-17E0E08B},2010-02-11 13:17:04,QSC3123,PC-0100,B1E0A5.zip,D0-CF-11-E0
file,{00000002CD10-07D62158},2010-02-11 14:29:44,QSC3123,PC-0100,C5DD65.zip,D0-CF-11-E0
file,{00000002CD0D-1E078EBC},2010-02-11 14:49:05,QSC3123,PC-0100,B4AE21.doc,D0-CF-11-E0
file,{00000002CD0C-36F58614},2010-02-11 15:56:13,QSC3123,PC-0100,FCFC57.doc,D0-CF-11-E0
file,{00000002CD0F-1BFC3942},2010-02-11 15:58:53,QSC3123,PC-0100,A7A63C.doc,D0-CF-11-E0
file,{00000002CD02-26C5C09E},2010-02-11 17:38:48,QSC3123,PC-0100,93AB27.doc,D0-CF-11-E0
file,{00000002CD1B-3C493EC2},2010-02-12 07:13:03,QSC3123,PC-0100,0199B8.pdf,D0-CF-11-E0
file,{00000002CD17-06959718},2010-02-12 07:28:16,QSC3123,PC-0100,B0C16B.txt,D0-CF-11-E0
file,{00000002CD1A-29C2E456},2010-02-12 11:03:51,QSC3123,PC-0100,BD9B0D.zip,D0-CF-11-E0
file,{00000002CD16-2A1F652D},2010-02-12 11:07:15,QSC3123,PC-0100,3E7156.pdf,D0-CF-11-E0
file,{00000002CD15-36A7580E},2010-02-12 12:55:21,QSC3123,PC-0100,1082F8.pdf,D0-CF-11-E0
file,{00000002CD12-1B189BA6},2010-02-12 13:06:36,QSC3123,PC-0100,48C3C8.txt,D0-CF-11-E0
file,{00000002CD19-28B05C67},2010-02-12 13:19:17,QSC3123,PC-0100,FBBFCF.zip,D0-CF-11-E0
file,{00000002CD18-223AB728},2010-02-12 15:03:01,QSC3123,PC-0100,BF2348.pdf,D0-CF-11-E0
file,{00000002CD14-0E1C1406},2010-02-12 16:12:11,QSC3123,PC-0100,EE9011.pdf,D0-CF-11-E0
file,{00000002CD13-1108795E},2010-02-12 17:47:42,QSC3123,PC-0100,C7817C.pdf,D0-CF-11-E0
file,{00000002CD1E-02971C24},2010-02-15 07:08:40,QSC3123,PC-0100,72C53D.pdf,D0-CF-11-E0
file,{00000002CD24-029CB213},2010-02-15 09:41:21,QSC3123,PC-0100,A84818.pdf,D0-CF-11-E0
file,{00000002CD1C-0F42DA3B},2010-02-15 10:25:08,QSC3123,PC-0100,274277.zip,D0-CF-11-E0
file,{00000002CD1D-1A3AB935},2010-02-15 10:40:41,QSC3123,PC-0100,1E1B97.zip,D0-CF-11-E0
file,{00000002CD22-2B05BDEB},2010-02-15 11:10:40,QSC3123,PC-0100,D679B7.doc,D0-CF-11-E0
file,{00000002CD1F-1E8CB70B},2010-02-15 12:15:16,QSC3123,PC-0100,20676B.pdf,D0-CF-11-E0
file,{00000002CD20-105CC078},2010-02-15 14:49:15,QSC3123,PC-0100,C66921.zip,D0-CF-11-E0
file,{00000002CD23-32991C99},2010-02-15 16:57:42,QSC3123,PC-0100,49D142.doc,D0-CF-11-E0
file,{00000002CD25-1E292CE3},2010-02-15 17:41:00,QSC3123,PC-0100,6708C3.zip,D0-CF-11-E0
file,{00000002CD21-3C9A2016},2010-02-15 17:50:06,QSC3123,PC-0100,46B34D.zip,D0-CF-11-E0
file,{00000002CD2D-383DB686},2010-02-16 07:09:15,QSC3123,PC-0100,145629.pdf,D0-CF-11-E0
file,{00000002CD2B-08B30463},2010-02-16 08:03:29,QSC3123,PC-0100,0B2D9A.pdf,D0-CF-11-E0
file,{00000002CD29-2D5292E3},2010-02-16 08:41:40,QSC3123,PC-0100,A5EEA5.zip,D0-CF-11-E0
file,{00000002CD26-17A88D7B},2010-02-16 09:55:36,QSC3123,PC-0100,E46473.pdf,D0-CF-11-E0
file,{00000002CD2A-04212632},2010-02-16 12:33:25,QSC3123,PC-0100,041E67.doc,D0-CF-11-E0
file,{00000002CD2C-096B6214},2010-02-16 12:34:49,QSC3123,PC-0100,41E5F1.doc,D0-CF-11-E0
file,{00000002CD30-2F56F1A2},2010-02-16 13:10:56,QSC3123,PC-0100,C10AC0.doc,D0-CF-11-E0
file,{00000002CD35-0262BDE9},2010-02-16 13:23:52,QSC3123,PC-0100,871E10.pdf,D0-CF-11-E0
file,{00000002CD31-15ECFF04},2010-02-16 13:31:50,QSC3123,PC-0100,FC0D45.txt,D0-CF-11-E0
file,{00000002CD33-203CD807},2010-02-16 13:33:39,QSC3123,PC-0100,CCB3A3.doc,D0-CF-11-E0
file,{00000002CD2E-053CF566},2010-02-16 13:36:49,QSC3123,PC-0100,A921A2.doc,D0-CF-11-E0
file,{00000002CD27-0A3B6E2D},2010-02-16 14:24:50,QSC3123,PC-0100,80B915.doc,D0-CF-11-E0
file,{00000002CD34-3E9ECF83},2010-02-16 14:27:20,QSC3123,PC-0100,27A752.doc,D0-CF-11-E0
file,{00000002CD32-12E192A0},2010-02-16 15:41:14,QSC3123,PC-0100,BA425B.doc,D0-CF-11-E0
file,{00000002CD28-3B125C22},2010-02-16 17:00:03,QSC3123,PC-0100,44911C.png,D0-CF-11-E0
file,{00000002CD2F-30BE03A4},2010-02-16 17:20:13,QSC3123,PC-0100,4A62A9.doc,D0-CF-11-E0
file,{00000002CD42-22F29A5B},2010-02-17 07:29:29,QSC3123,PC-0100,07BC8B.zip,D0-CF-11-E0
file,{00000002CD40-381601DC},2010-02-17 08:26:41,QSC3123,PC-0100,B1D38E.txt,D0-CF-11-E0
file,{00000002CD4B-1546496C},2010-02-17 08:29:37,QSC3123,PC-0100,5AF457.doc,D0-CF-11-E0
file,{00000002CD3A-399B430F},2010-02-17 08:36:48,QSC3123,PC-0100,865571.pdf,D0-CF-11-E0
file,{00000002CD3E-1010829B},2010-02-17 08:52:56,QSC3123,PC-0100,37E974.zip,D0-CF-11-E0
file,{00000002CD36-32CB9694},2010-02-17 09:16:35,QSC3123,PC-0100,4D4E81.pdf,D0-CF-11-E0
file,{00000002CD37-171FD73E},2010-02-17 09:38:22,QSC3123,PC-0100,9C0E5B.doc,D0-CF-11-E0
file,{00000002CD43-22C98F38},2010-02-17 10:23:28,QSC3123,PC-0100,271AB7.doc,D0-CF-11-E0
file,{00000002CD44-3E29A696},2010-02-17 11:07:03,QSC3123,PC-0100,B1A2F6.pdf,D0-CF-11-E0
file,{00000002CD46-308B1765},2010-02-17 11:32:02,QSC3123,PC-0100,4E0DEF.pdf,D0-CF-11-E0
file,{00000002CD3C-3D251C78},2010-02-17 12:45:36,QSC3123,PC-0100,100E0A.zip,D0-CF-11-E0
file,{00000002CD3F-34CFF994},2010-02-17 13:27:50,QSC3123,PC-0100,6EA8FC.zip,D0-CF-11-E0
file,{00000002CD4A-075A759F},2010-02-17 13:55:42,QSC3123,PC-0100,BC9CB0.doc,D0-CF-11-E0
file,{00000002CD4C-26DE067B},2010-02-17 14:08:14,QSC3123,PC-0100,75E250.zip,D0-CF-11-E0
file,{00000002CD41-30E3FA83},2010-02-17 14:21:22,QSC3123,PC-0100,317588.pdf,D0-CF-11-E0
file,{00000002CD39-1EF05884},2010-02-17 14:21:45,QSC3123,PC-0100,56E55D.doc,D0-CF-11-E0
file,{00000002CD48-2AAB2F04},2010-02-17 15:08:37,QSC3123,PC-0100,64F22C.zip,D0-CF-11-E0
file,{00000002CD3B-38C901B8},2010-02-17 15:35:08,QSC3123,PC-0100,338B95.doc,D0-CF-11-E0
file,{00000002CD3D-15B0B8A5},2010-02-17 16:27:49,QSC3123,PC-0100,694D2F.zip,D0-CF-11-E0
file,{00000002CD38-2F5CB54F},2010-02-17 16:39:55,QSC3123,PC-0100,26AFA3.pdf,D0-CF-11-E0
file,{00000002CD49-24CD1796},2010-02-17 17:51:20,QSC3123,PC-0100,F4B963.pdf,D0-CF-11-E0
file,{00000002CD45-16797065},2010-02-17 17:51:37,QSC3123,PC-0100,1B5158.zip,D0-CF-11-E0
file,{00000002CD47-263587CD},2010-02-17 17:56:14,QSC3123,PC-0100,EE3A83.pdf,D0-CF-11-E0
file,{00000002CD4F-07F901A7},2010-02-18 07:00:18,QSC3123,PC-0100,054BA0.zip,D0-CF-11-E0
file,{00000002CD50-1A003510},2010-02-18 07:55:58,QSC3123,PC-0100,8A4FB9.doc,D0-CF-11-E0
file,{00000002CD5E-0848F09D},2010-02-18 08:29:53,QSC3123,PC-0100,F83B7F.png,D0-CF-11-E0
file,{00000002CD58-12948374},2010-02-18 09:12:05,QSC3123,PC-0100,A7C2EB.doc,D0-CF-11-E0
file,{00000002CD5A-3DB20743},2010-02-18 09:12:24,QSC3123,PC-0100,7D6E9A.pdf,D0-CF-11-E0
file,{00000002CD51-38888006},2010-02-18 09:14:20,QSC3123,PC-0100,18943B.pdf,D0-CF-11-E0
file,{00000002CD5D-3E4FBF8B},2010-02-18 09:27:53,QSC3123,PC-0100,0563CA.doc,D0-CF-11-E0
file,{00000002CD59-3139EC58},2010-02-18 09:28:35,QSC3123,PC-0100,2E518A.pdf,D0-CF-11-E0
file,{00000002CD4D-2FCF3432},2010-02-18 09:46:27,QSC3123,PC-0100,1C3124.txt,D0-CF-11-E0
file,{00000002CD5C-3A6B26DA},2010-02-18 09:58:44,QSC3123,PC-0100,893C55.doc,D0-CF-11-E0
file,{00000002CD53-19ED7C88},2010-02-18 10:56:19,QSC3123,PC-0100,9309CF.doc,D0-CF-11-E0
file,{00000002CD56-09DE395A},2010-02-18 11:11:52,QSC3123,PC-0100,CCF32D.zip,D0-CF-11-E0
file,{00000002CD4E-1097D7C7},2010-02-18 12:56:59,QSC3123,PC-0100,A76A57.zip,D0-CF-11-E0
file,{00000002CD61-336EF1DF},2010-02-18 14:09:57,QSC3123,PC-0100,42282B.png,D0-CF-11-E0
file,{00000002CD52-1DABD371},2010-02-18 14:13:15,QSC3123,PC-0100,7201FB.pdf,D0-CF-11-E0
file,{00000002CD54-007AEBE2},2010-02-18 14:20:44,QSC3123,PC-0100,345EA1.png,D0-CF-11-E0
file,{00000002CD60-13C2E820},2010-02-18 14:23:19,QSC3123,PC-0100,B2AAE5.zip,D0-CF-11-E0
file,{00000002CD5F-2A0B26BD},2010-02-18 15:09:12,QSC3123,PC-0100,175558.zip,D0-CF-11-E0
file,{00000002CD5B-25F31261},2010-02-18 17:22:00,QSC3123,PC-0100,D75F73.pdf,D0-CF-11-E0
file,{00000002CD62-330EB197},2010-02-18 17:24:23,QSC3123,PC-0100,5C35F3.pdf,D0-CF-11-E0
file,{00000002CD55-379E140F},2010-02-18 17:29:00,QSC3123,PC-0100,74CDAF.pdf,D0-CF-11-E0
file,{00000002CD57-1294C306},2010-02-18 17:53:57,QSC3123,PC-0100,36B8A0.pdf,D0-CF-11-E0
file,{00000002CD6E-17E1044E},2010-02-19 07:24:16,QSC3123,PC-0100,F931EC.pdf,D0-CF-11-E0
file,{00000002CD70-28B5ABB7},2010-02-19 07:26:31,QSC3123,PC-0100,C2E68D.zip,D0-CF-11-E0
file,{00000002CD74-3302960F},2010-02-19 08:16:16,QSC3123,PC-0100,E6BD95.doc,D0-CF-11-E0
file,{00000002CD72-02276AEC},2010-02-19 09:16:19,QSC3123,PC-0100,FFCD2A.zip,D0-CF-11-E0
file,{00000002CD67-11DF3B6C},2010-02-19 09:35:13,QSC3123,PC-0100,E493BE.zip,D0-CF-11-E0
file,{00000002CD69-23B64EF6},2010-02-19 10:10:45,QSC3123,PC-0100,CE6227.doc,D0-CF-11-E0
file,{00000002CD64-03773CDA},2010-02-19 10:14:13,QSC3123,PC-0100,045566.doc,D0-CF-11-E0
file,{00000002CD6A-13C3B8B7},2010-02-19 11:00:19,QSC3123,PC-0100,77F27E.zip,D0-CF-11-E0
file,{00000002CD65-0B4D269C},2010-02-19 11:04:43,QSC3123,PC-0100,AB65DB.pdf,D0-CF-11-E0
file,{00000002CD6B-32285CB3},2010-02-19 11:29:49,QSC3123,PC-0100,D8059F.jpg,D0-CF-11-E0
file,{00000002CD6C-28364A0C},2010-02-19 11:45:33,QSC3123,PC-0100,287C67.pdf,D0-CF-11-E0
file,{00000002CD66-0471850E},2010-02-19 12:23:33,QSC3123,PC-0100,D0BAF3.zip,D0-CF-11-E0
file,{00000002CD6F-3A96BEDE},2010-02-19 12:44:00,QSC3123,PC-0100,2D88A3.pdf,D0-CF-11-E0
file,{00000002CD6D-0DD72639},2010-02-19 14:40:30,QSC3123,PC-0100,E6F1F5.pdf,D0-CF-11-E0
file,{00000002CD71-0521DBB5},2010-02-19 15:23:24,QSC3123,PC-0100,06BA98.doc,D0-CF-11-E0
file,{00000002CD63-2A024CBC},2010-02-19 16:40:43,QSC3123,PC-0100,1B394B.txt,D0-CF-11-E0
file,{00000002CD73-2930B586},2010-02-19 16:42:22,QSC3123,PC-0100,20ED0F.pdf,D0-CF-11-E0
file,{00000002CD68-19E87FF4},2010-02-19 17:20:32,QSC3123,PC-0100,257068.doc,D0-CF-11-E0
email,{000000061AD1-10AB8321},2010-01-29 08:19:45,QSC3123,PC-0100,BBC07@hotmail.com,,,qsc3123@dtaa.com,155058,1,meeting notes attached
email,{000000061AD0-3132CC54},2010-01-29 13:53:27,QSC3123,PC-0100,00E39@hotmail.com,,,qsc3123@dtaa.com,1797229,6,meeting notes attached
email,{000000061AD2-19C2B602},2010-02-02 12:52:33,QSC3123,PC-0100,BF68A@hotmail.com,,,qsc3123@dtaa.com,696663,5,meeting notes attached
email,{000000061AD3-351C522E},2010-02-02 15:04:21,QSC3123,PC-0100,8A20F@outlook.com,,,qsc3123@dtaa.com,658531,2,meeting notes attached
email,{000000061AD4-165D6A6F},2010-02-03 12:04:49,QSC3123,PC-0100,8C19D@yahoo.com,,,qsc3123@dtaa.com,1701096,6,meeting notes attached
email,{000000061AD5-04FA50DA},2010-02-03 14:31:28,QSC3123,PC-0100,B6629@outlook.com,,,qsc3123@dtaa.com,550699,6,meeting notes attached
email,{000000061AD7-335FEE92},2010-02-04 10:27:06,QSC3123,PC-0100,BDC33@outlook.com,,,qsc3123@dtaa.com,239996,1,meeting notes attached
email,{000000061AD8-0E3CFA9B},2010-02-04 13:30:49,QSC3123,PC-0100,3B341@outlook.com,,,qsc3123@dtaa.com,610259,2,meeting notes attached
email,{000000061AD6-263AB1BE},2010-02-04 16:34:36,QSC3123,PC-0100,19127@aol.com,,,qsc3123@dtaa.com,485843,6,meeting notes attached
email,{000000061AD9-3DDD1F81},2010-02-05 14:27:00,QSC3123,PC-0100,66429@outlook.com,,,qsc3123@dtaa.com,780424,6,meeting notes attached
email,{000000061ADA-17A77268},2010-02-08 10:11:24,QSC3123,PC-0100,88CCB@hotmail.com,,,qsc3123@dtaa.com,277071,1,meeting notes attached
email,{000000061ADB-1D23FC50},2010-02-09 07:06:55,QSC3123,PC-0100,90924@yahoo.com,,,qsc3123@dtaa.com,1485577,4,meeting notes attached
email,{000000061ADC-2D69931F},2010-02-09 08:23:01,QSC3123,PC-0100,E92AF@aol.com,,,qsc3123@dtaa.com,639225,4,meeting notes attached
email,{000000061ADD-0047A683},2010-02-09 10:28:41,QSC3123,PC-0100,E3145@yahoo.com,,,qsc3123@dtaa.com,1535793,7,meeting notes attached
email,{000000061AE0-19ED2034},2010-02-10 10:33:16,QSC3123,PC-0100,E3B41@aol.com,,,qsc3123@dtaa.com,947269,6,meeting notes attached
email,{000000061ADE-398AD011},2010-02-10 11:45:13,QSC3123,PC-0100,19501@hotmail.com,,,qsc3123@dtaa.com,429282,6,meeting notes attached
email,{000000061AE1-2B6792B8},2010-02-10 13:39:00,QSC3123,PC-0100,B7C98@aol.com,,,qsc3123@dtaa.com,515454,7,meeting notes attached
email,{000000061ADF-10D5C195},2010-02-10 14:01:06,QSC3123,PC-0100,8F6A5@aol.com,,,qsc3123@dtaa.com,919534,4,meeting notes attached
email,{000000061AE2-16B90FBD},2010-02-12 07:28:54,QSC3123,PC-0100,kfw8041@dtaa.com,,,qsc3123@dtaa.com,678205,2,meeting notes attached
email,{000000061AE3-3D92DFA3},2010-02-12 13:13:44,QSC3123,PC-0100,530E5@gmail.com,,,qsc3123@dtaa.com,315995,4,meeting notes attached
email,{000000061AE7-37206857},2010-02-15 09:11:23,QSC3123,PC-0100,5CFCF@gmail.com,,,qsc3123@dtaa.com,695649,3,meeting notes attached
email,{000000061AE5-21C84264},2010-02-15 10:27:26,QSC3123,PC-0100,32C83@outlook.com,,,qsc3123@dtaa.com,264839,4,meeting notes attached
email,{000000061AE6-03B85FA7},2010-02-15 12:56:06,QSC3123,PC-0100,24038@outlook.com,,,qsc3123@dtaa.com,196151,1,meeting notes attached
email,{000000061AE4-23D05BBD},2010-02-15 13:09:03,QSC3123,PC-0100,B24DD@gmail.com,,,qsc3123@dtaa.com,505736,3,meeting notes attached
email,{000000061AE8-0CE85FC0},2010-02-15 15:17:35,QSC3123,PC-0100,06323@hotmail.com,,,qsc3123@dtaa.com,1224375,4,meeting notes attached
email,{000000061AEA-3CE57D32},2010-02-16 11:08:49,QSC3123,PC-0100,jmm0438@dtaa.com,,,qsc3123@dtaa.com,2299779,7,meeting notes attached
email,{000000061AE9-03E12687},2010-02-16 15:16:51,QSC3123,PC-0100,E4417@aol.com,,,qsc3123@dtaa.com,1429573,7,meeting notes attached
email,{000000061AEC-1E271A32},2010-02-17 08:50:41,QSC3123,PC-0100,89935@aol.com,,,qsc3123@dtaa.com,796321,3,meeting notes attached
email,{000000061AEB-2AB6845E},2010-02-17 14:02:36,QSC3123,PC-0100,kjx0944@dtaa.com,,,qsc3123@dtaa.com,110501,1,meeting notes attached
email,{000000061AED-3DD5BD6B},2010-02-18 13:39:14,QSC3123,PC-0100,2DEE5@outlook.com,,,qsc3123@dtaa.com,2020906,7,meeting notes attached
email,{000000061AEE-307B5D6C},2010-02-18 17:27:01,QSC3123,PC-0100,4FD1A@aol.com,,,qsc3123@dtaa.com,1480835,4,meeting notes attached
http,{000000248BA3-06B63E6F},2010-01-29 10:10:24,QSC3123,PC-0100,http://www.drive.google.com/1C6EA5,page text
http,{000000248BA2-32ABA146},2010-01-29 11:04:58,QSC3123,PC-0100,http://www.dropbox.com/2748A4,page text
http,{000000248BA4-3C619E40},2010-01-29 16:56:05,QSC3123,PC-0100,http://www.linkedin.com/19AA1F,page text
http,{000000248BA5-231E0B27},2010-01-29 17:38:58,QSC3123,PC-0100,http://www.drive.google.com/015E02,page text
http,{000000248BA9-01A7F0CF},2010-02-01 07:02:27,QSC3123,PC-0100,http://www.linkedin.com/275364,page text
http,{000000248BA6-1F3B2290},2010-02-01 09:22:27,QSC3123,PC-0100,http://www.github.com/01D50E,page text
http,{000000248BAB-13D517F2},2010-02-01 09:22:57,QSC3123,PC-0100,http://www.drive.google.com/02EB65,page text
http,{000000248BAA-0FB135FB},2010-02-01 11:23:46,QSC3123,PC-0100,http://www.drive.google.com/26794A,page text
http,{000000248BA7-16FC53A4},2010-02-01 16:12:12,QSC3123,PC-0100,http://www.github.com/01A866,page text
http,{000000248BA8-2618D1CE},2010-02-01 16:46:13,QSC3123,PC-0100,http://www.amazon.com/27FCB8,page text
http,{000000248BAD-1FDD53D9},2010-02-02 07:05:18,QSC3123,PC-0100,http://www.drive.google.com/3E9942,page text
http,{000000248BB0-05C05CE2},2010-02-02 11:00:51,QSC3123,PC-0100,http://www.dropbox.com/2C7F8F,page text
http,{000000248BAF-09D6E6E5},2010-02-02 11:28:32,QSC3123,PC-0100,http://www.dropbox.com/305DA1,page text
http,{000000248BAC-12B99136},2010-02-02 16:40:08,QSC3123,PC-0100,http://www.drive.google.com/0101EF,page text
http,{000000248BAE-08B08904},2010-02-02 17:20:58,QSC3123,PC-0100,http://www.monster.com/0FBA42,page text
http,{000000248BB3-2624C747},2010-02-03 09:17:12,QSC3123,PC-0100,http://www.monster.com/1B173F,page text
http,{000000248BB4-0D6E5989},2010-02-03 10:45:45,QSC3123,PC-0100,http://www.amazon.com/273CF7,page text
http,{000000248BB2-37908759},2010-02-03 11:56:42,QSC3123,PC-0100,http://www.github.com/37700D,page text
http,{000000248BB1-1373232B},2010-02-03 16:18:33,QSC3123,PC-0100,http://www.nytimes.com/0BB4AA,page text
http,{000000248BB5-3E661C26},2010-02-03 16:47:02,QSC3123,PC-0100,http://www.linkedin.com/2EF71B,page text
http,{000000248BB9-0C368A09},2010-02-04 09:32:01,QSC3123,PC-0100,http://www.dropbox.com/283E41,page text
http,{000000248BB8-0AA2D6D6},2010-02-04 10:52:05,QSC3123,PC-0100,http://www.linkedin.com/05D1F9,page text
http,{000000248BBB-33A59D1A},2010-02-04 14:18:00,QSC3123,PC-0100,http://www.linkedin.com/282B96,page text
http,{000000248BBA-1D3963FF},2010-02-04 14:52:57,QSC3123,PC-0100,http://www.dropbox.com/0B043E,page text
http,{000000248BB6-10311DA9},2010-02-04 16:00:48,QSC3123,PC-0100,http://www.nytimes.com/2EFC44,page text
http,{000000248BB7-0690D076},2010-02-04 16:52:25,QSC3123,PC-0100,http://www.monster.com/21D0DD,page text
http,{000000248BC0-01E01443},2010-02-05 09:03:17,QSC3123,PC-0100,http://www.monster.com/03456D,page text
http,{000000248BBD-35FF73CD},2010-02-05 12:01:35,QSC3123,PC-0100,http://www.drive.google.com/0C9B76,page text
http,{000000248BBF-0BD3BDCD},2010-02-05 14:42:25,QSC3123,PC-0100,http://www.linkedin.com/172C8C,page text
http,{000000248BBC-1174A49B},2010-02-05 16:15:12,QSC3123,PC-0100,http://www.drive.google.com/1139C9,page text
http,{000000248BBE-26E0EBFE},2010-02-05 16:38:32,QSC3123,PC-0100,http://www.dropbox.com/147D1C,page text
http,{000000248BC2-331916F5},2010-02-08 08:34:14,QSC3123,PC-0100,http://www.dropbox.com/20DAE0,page text
http,{000000248BC5-210AA961},2010-02-08 09:46:15,QSC3123,PC-0100,http://www.drive.google.com/39A836,page text
http,{000000248BC4-08DEEE55},2010-02-08 11:06:42,QSC3123,PC-0100,http://www.dropbox.com/18635C,page text
http,{000000248BC1-109C1516},2010-02-08 13:58:19,QSC3123,PC-0100,http://www.drive.google.com/258929,page text
http,{000000248BC3-28B7AC88},2010-02-08 15:05:35,QSC3123,PC-0100,http://www.linkedin.com/29568A,page text
http,{000000248BC6-13DC545F},2010-02-09 12:29:16,QSC3123,PC-0100,http://www.monster.com/10627E,page text
http,{000000248BC9-0FA2D8DF},2010-02-09 12:36:10,QSC3123,PC-0100,http://www.dropbox.com/0393F3,page text
http,{000000248BC8-3D369573},2010-02-09 15:15:32,QSC3123,PC-0100,http://www.monster.com/1B08F1,page text
http,{000000248BC7-06AFDB19},2010-02-09 16:55:12,QSC3123,PC-0100,http://www.drive.google.com/3D4A2E,page text
http,{000000248BCA-0FA17C49},2010-02-10 13:48:47,QSC3123,PC-0100,http://www.dropbox.com/23CDD0,page text
http,{000000248BCB-2EF12DCF},2010-02-10 14:04:39,QSC3123,PC-0100,http://www.drive.google.com/2DFC3A,page text
http,{000000248BCC-11A5B40B},2010-02-10 14:18:27,QSC3123,PC-0100,http://www.linkedin.com/3E3B0C,page text
http,{000000248BCD-1AB32EE9},2010-02-12 09:42:41,QSC3123,PC-0100,http://www.espn.com/19493B,page text
http,{000000248BCE-06AF3DE1},2010-02-12 11:10:30,QSC3123,PC-0100,http://www.drive.google.com/0F1CBD,page text
http,{000000248BCF-039C3A2D},2010-02-12 14:22:46,QSC3123,PC-0100,http://www.drive.google.com/1D208C,page text
http,{000000248BD0-013BB6E1},2010-02-12 17:58:42,QSC3123,PC-0100,http://www.reddit.com/3BCFD3,page text
http,{000000248BD2-0C8591C2},2010-02-15 10:22:35,QSC3123,PC-0100,http://www.wikipedia.org/3B596C,page text
http,{000000248BD6-1FB60369},2010-02-15 10:38:39,QSC3123,PC-0100,http://www.monster.com/3282C7,page text
http,{000000248BD5-0DC38C5B},2010-02-15 11:33:46,QSC3123,PC-0100,http://www.monster.com/0B4B06,page text
http,{000000248BD4-20719CB7},2010-02-15 13:31:20,QSC3123,PC-0100,http://www.github.com/1DDBA1,page text
http,{000000248BD1-3079A247},2010-02-15 13:46:23,QSC3123,PC-0100,http://www.monster.com/2C5783,page text
http,{000000248BD3-3E32127C},2010-02-15 17:50:53,QSC3123,PC-0100,http://www.drive.google.com/13778E,page text
http,{000000248BD8-15BE7F80},2010-02-16 14:40:24,QSC3123,PC-0100,http://www.linkedin.com/145027,page text
http,{000000248BD7-0E328FD3},2010-02-16 17:31:29,QSC3123,PC-0100,http://www.monster.com/3B1DB9,page text
http,{000000248BDB-35FBE129},2010-02-17 07:46:12,QSC3123,PC-0100,http://www.monster.com/2E0045,page text
http,{000000248BDC-1DB9AEED},2010-02-17 10:59:43,QSC3123,PC-0100,http://www.dropbox.com/0B0E8F,page text
http,{000000248BD9-03D89E79},2010-02-17 13:30:16,QSC3123,PC-0100,http://www.drive.google.com/02FC45,page text
http,{000000248BDA-395629AF},2010-02-17 15:50:56,QSC3123,PC-0100,http://www.drive.google.com/2D472C,page text
http,{000000248BDD-3A95A900},2010-02-17 17:19:47,QSC3123,PC-0100,http://www.dropbox.com/267AD7,page text
http,{000000248BE0-17DD764B},2010-02-18 11:31:35,QSC3123,PC-0100,http://www.drive.google.com/153725,page text
http,{000000248BDE-26ADA6FB},2010-02-18 12:41:14,QSC3123,PC-0100,http://www.monster.com/143E7C,page text
http,{000000248BE1-1FAC69B5},2010-02-18 13:16:45,QSC3123,PC-0100,http://www.linkedin.com/3422FA,page text
http,{000000248BDF-08BE3CEB},2010-02-18 15:31:13,QSC3123,PC-0100,http://www.dropbox.com/0AD385,page text
http,{000000248BE6-263DD220},2010-02-19 07:26:01,QSC3123,PC-0100,http://www.drive.google.com/18C217,page text
http,{000000248BE3-03C04F9C},2010-02-19 11:55:46,QSC3123,PC-0100,http://www.drive.google.com/13294E,page text
http,{000000248BE7-00EF82FA},2010-02-19 12:34:25,QSC3123,PC-0100,http://www.nytimes.com/21A2EA,page text
http,{000000248BE4-26CA6854},2010-02-19 16:02:26,QSC3123,PC-0100,http://www.linkedin.com/0148E2,page text
http,{000000248BE2-28BEDBF8},2010-02-19 16:18:19,QSC3123,PC-0100,http://www.linkedin.com/3D9C36,page text
http,{000000248BE5-03A2320A},2010-02-19 17:38:19,QSC3123,PC-0100,http://www.linkedin.com/04A4EB,page text
