logon,{00000001BFF4-123D9779},2010-05-17 23:16:22,VBW2813,PC-0124,Logon
logon,{00000001BFF3-38E02A5E},2010-05-17 23:58:00,VBW2813,PC-0124,Logon
logon,{00000001BFF6-2001EB4D},2010-05-18 00:25:36,VBW2813,PC-0124,Logon
logon,{00000001C2E5-19EA0E7B},2010-05-18 00:39:00,VBW2813,PC-0124,Logoff
logon,{00000001C2E6-265FB390},2010-05-18 01:45:22,VBW2813,PC-0124,Logoff
logon,{00000001C2E8-2C47A9C2},2010-05-18 02:45:36,VBW2813,PC-0124,Logoff
logon,{00000001BFF5-3ECBD484},2010-05-18 19:14:37,VBW2813,PC-0124,Logon
logon,{00000001C2E7-03F8EAE0},2010-05-18 21:54:37,VBW2813,PC-0124,Logoff
logon,{00000001BFF7-3A9D200A},2010-05-18 23:01:21,VBW2813,PC-0124,Logon
logon,{00000001C2E9-1725AACA},2010-05-19 00:57:21,VBW2813,PC-0124,Logoff
logon,{00000001BFFA-02456C67},2010-05-19 05:13:36,VBW2813,PC-0124,Logon
logon,{00000001C2EC-134A0893},2010-05-19 09:08:36,VBW2813,PC-0124,Logoff
logon,{00000001BFF8-2F9063EE},2010-05-19 18:28:25,VBW2813,PC-0124,Logon
logon,{00000001BFFD-1A8A05BB},2010-05-19 18:40:32,VBW2813,PC-0124,Logon
logon,{00000001BFFB-1B32EEE4},2010-05-19 19:03:06,VBW2813,PC-0124,Logon
logon,{00000001BFF9-3D699F88},2010-05-19 20:58:13,VBW2813,PC-0124,Logon
logon,{00000001BFFC-0CDF0AC4},2010-05-19 21:11:54,VBW2813,PC-0124,Logon
logon,{00000001C2EF-12A17737},2010-05-19 21:12:32,VBW2813,PC-0124,Logoff
logon,{00000001C2EA-3F64ADDD},2010-05-19 21:42:25,VBW2813,PC-0124,Logoff
logon,{00000001C2ED-342E82E2},2010-05-19 22:27:06,VBW2813,PC-0124,Logoff
logon,{00000001C2EE-0D6D010A},2010-05-19 23:09:54,VBW2813,PC-0124,Logoff
logon,{00000001C2EB-08419ABE},2010-05-20 00:56:13,VBW2813,PC-0124,Logoff
logon,{00000001C002-21354A13},2010-05-20 05:22:50,VBW2813,PC-0124,Logon
logon,{00000001C2F4-3D369E10},2010-05-20 06:44:50,VBW2813,PC-0124,Logoff
logon,{00000001C003-05C7B946},2010-05-20 18:14:37,VBW2813,PC-0124,Logon
logon,{00000001BFFF-1D84E9EF},2010-05-20 19:03:16,VBW2813,PC-0124,Logon
logon,{00000001C2F5-2BE6FC77},2010-05-20 19:33:37,VBW2813,PC-0124,Logoff
logon,{00000001BFFE-06B5815D},2010-05-20 20:04:07,VBW2813,PC-0124,Logon
logon,{00000001C000-325D55CD},2010-05-20 20:29:47,VBW2813,PC-0124,Logon
logon,{00000001C004-3C32809C},2010-05-20 21:08:26,VBW2813,PC-0124,Logon
logon,{00000001C001-2884CE99},2010-05-20 21:24:00,VBW2813,PC-0124,Logon
logon,{00000001C2F0-1AE9AFCB},2010-05-20 21:47:07,VBW2813,PC-0124,Logoff
logon,{00000001C2F1-20A2F1FB},2010-05-20 22:35:16,VBW2813,PC-0124,Logoff
logon,{00000001C2F6-11E84192},2010-05-20 23:23:26,VBW2813,PC-0043,Logoff
logon,{00000001C2F2-025AB11C},2010-05-21 00:21:47,VBW2813,PC-0124,Logoff
logon,{00000001C2F3-2E6F61C5},2010-05-21 01:14:00,VBW2813,PC-0071,Logoff
logon,{00000001C005-3D3421A6},2010-05-21 20:42:33,VBW2813,PC-0124,Logon
logon,{00000001C006-0FD6C9AA},2010-05-21 21:46:31,VBW2813,PC-0124,Logon
logon,{00000001C2F8-078A6B36},2010-05-21 22:18:31,VBW2813,PC-0026,Logoff
logon,{00000001C2F7-0547F082},2010-05-21 23:22:33,VBW2813,PC-0124,Logoff
logon,{00000001C007-2A65C7E1},2010-05-24 21:18:21,VBW2813,PC-0124,Logon
logon,{00000001C2F9-3EA9DB4B},2010-05-24 23:47:21,VBW2813,PC-0124,Logoff
logon,{00000001C009-1E609065},2010-05-25 05:46:49,VBW2813,PC-0124,Logon
logon,{00000001C2FB-1290C9B5},2010-05-25 07:24:49,VBW2813,PC-0124,Logoff
logon,{00000001C00A-2A1B82FE},2010-05-25 18:38:14,VBW2813,PC-0124,Logon
logon,{00000001C2FC-1A9F4E00},2010-05-25 20:58:14,VBW2813,PC-0124,Logoff
logon,{00000001C008-0201B5BE},2010-05-25 21:35:43,VBW2813,PC-0124,Logon
logon,{00000001C00B-25D0F784},2010-05-26 01:15:47,VBW2813,PC-0124,Logon
logon,{00000001C2FA-1E4F0F04},2010-05-26 01:28:43,VBW2813,PC-0124,Logoff
logon,{00000001C00E-1511EDA7},2010-05-26 01:54:45,VBW2813,PC-0124,Logon
logon,{00000001C2FD-1645CADF},2010-05-26 02:41:47,VBW2813,PC-0124,Logoff
logon,{00000001C300-3C0656D0},2010-05-26 05:31:45,VBW2813,PC-0124,Logoff
logon,{00000001C010-281327F5},2010-05-26 18:58:27,VBW2813,PC-0124,Logon
logon,{00000001C00D-1C1D4143},2010-05-26 20:12:35,VBW2813,PC-0124,Logon
logon,{00000001C00C-0F25ABE9},2010-05-26 20:51:01,VBW2813,PC-0124,Logon
logon,{00000001C302-11BAF08D},2010-05-26 20:55:27,VBW2813,PC-0124,Logoff
logon,{00000001C00F-1825367B},2010-05-26 22:32:54,VBW2813,PC-0124,Logon
logon,{00000001C2FE-10F2D513},2010-05-26 23:04:01,VBW2813,PC-0124,Logoff
logon,{00000001C301-28307839},2010-05-26 23:07:54,VBW2813,PC-0124,Logoff
logon,{00000001C2FF-2795FB83},2010-05-26 23:49:35,VBW2813,PC-0124,Logoff
logon,{00000001C011-32ED8D5A},2010-05-27 23:10:31,VBW2813,PC-0082,Logon
logon,{00000001C303-0443A152},2010-05-28 00:45:31,VBW2813,PC-0124,Logoff
logon,{00000001C013-1281036C},2010-05-28 04:26:10,VBW2813,PC-0124,Logon
logon,{00000001C305-07F84964},2010-05-28 05:08:10,VBW2813,PC-0124,Logoff
logon,{00000001C012-1A9DF8EB},2010-05-28 20:34:15,VBW2813,PC-0124,Logon
logon,{00000001C304-36135B8D},2010-05-28 22:03:15,VBW2813,PC-0124,Logoff
logon,{00000001C014-2920C2BE},2010-05-31 03:54:54,VBW2813,PC-0124,Logon
logon,{00000001C306-390347C1},2010-05-31 06:34:54,VBW2813,PC-0124,Logoff
logon,{00000001C015-14EDE226},2010-05-31 18:13:24,VBW2813,PC-0124,Logon
logon,{00000001C307-23DDD649},2010-05-31 20:33:24,VBW2813,PC-0124,Logoff
logon,{00000001C016-15ABAE9F},2010-05-31 23:25:56,VBW2813,PC-0124,Logon
logon,{00000001C308-097924CB},2010-06-01 03:13:56,VBW2813,PC-0124,Logoff
logon,{00000001C017-15B10D7E},2010-06-01 22:33:16,VBW2813,PC-0124,Logon
logon,{00000001C309-00393D91},2010-06-02 00:31:16,VBW2813,PC-0124,Logoff
logon,{00000001C018-0B890418},2010-06-02 18:17:01,VBW2813,PC-0124,Logon
logon,{00000001C30A-0A4C78C3},2010-06-02 21:37:01,VBW2813,PC-0124,Logoff
logon,{00000001C019-0197B247},2010-06-03 19:33:07,VBW2813,PC-0124,Logon
logon,{00000001C30B-0B4868D5},2010-06-03 22:35:07,VBW2813,PC-0124,Logoff
logon,{00000001C01B-0D44D1D1},2010-06-04 19:05:56,VBW2813,PC-0124,Logon
logon,{00000001C01A-0D2292E9},2010-06-04 20:27:20,VBW2813,PC-0124,Logon
logon,{00000001C30D-205AF4DE},2010-06-04 22:05:56,VBW2813,PC-0124,Logoff
logon,{00000001C30C-1DEC1CB3},2010-06-04 23:13:20,VBW2813,PC-0124,Logoff
logon,{00000001C01C-0331BDAB},2010-06-08 02:17:52,VBW2813,PC-0124,Logon
logon,{00000001C30E-2059A912},2010-06-08 03:16:52,VBW2813,PC-0124,Logoff
logon,{00000001C01D-17FC692F},2010-06-08 21:02:17,VBW2813,PC-0124,Logon
logon,{00000001C01E-0AF4BDC3},2010-06-08 21:45:35,VBW2813,PC-0124,Logon
logon,{00000001C310-1F64A4F0},2010-06-08 22:36:35,VBW2813,PC-0098,Logoff
logon,{00000001C30F-08FDD194},2010-06-08 23:18:17,VBW2813,PC-0124,Logoff
logon,{00000001C01F-375B83EE},2010-06-09 02:17:14,VBW2813,PC-0124,Logon
logon,{00000001C020-0A217E99},2010-06-09 03:02:59,VBW2813,PC-0124,Logon
logon,{00000001C022-0CA4282D},2010-06-09 03:18:08,VBW2813,PC-0124,Logon
logon,{00000001C314-2D803C08},2010-06-09 05:15:08,VBW2813,PC-0139,Logoff
logon,{00000001C311-0E7BB0BB},2010-06-09 05:35:14,VBW2813,PC-0124,Logoff
logon,{00000001C312-33B92A01},2010-06-09 07:00:59,VBW2813,PC-0124,Logoff
logon,{00000001C021-35C75564},2010-06-09 18:58:58,VBW2813,PC-0124,Logon
logon,{00000001C313-1FF8B6C1},2010-06-09 22:28:58,VBW2813,PC-0124,Logoff
logon,{00000001C025-28B6E408},2010-06-10 05:44:44,VBW2813,PC-0124,Logon
logon,{00000001C317-09BC8694},2010-06-10 06:45:44,VBW2813,PC-0124,Logoff
logon,{00000001C024-018B9982},2010-06-10 18:19:38,VBW2813,PC-0124,Logon
logon,{00000001C023-00A2768E},2010-06-10 18:55:56,VBW2813,PC-0124,Logon
logon,{00000001C316-0FF0ABF3},2010-06-10 19:53:38,VBW2813,PC-0124,Logoff
logon,{00000001C315-1446DA59},2010-06-10 20:14:56,VBW2813,PC-0124,Logoff
logon,{00000001C028-284D1BFC},2010-06-11 00:19:12,VBW2813,PC-0124,Logon
logon,{00000001C31A-19566764},2010-06-11 00:53:12,VBW2813,PC-0124,Logoff
logon,{00000001C026-2B2E0F1C},2010-06-11 21:26:22,VBW2813,PC-0124,Logon
logon,{00000001C027-0736EA35},2010-06-11 22:02:53,VBW2813,PC-0124,Logon
logon,{00000001C319-2829EF4A},2010-06-12 00:32:53,VBW2813,PC-0124,Logoff
logon,{00000001C318-1D995E8B},2010-06-12 00:41:22,VBW2813,PC-0124,Logoff
logon,{00000001C02A-0208FF08},2010-06-14 01:59:55,VBW2813,PC-0124,Logon
logon,{00000001C31C-19502E92},2010-06-14 05:47:55,VBW2813,PC-0124,Logoff
logon,{00000001C029-31837505},2010-06-14 19:54:54,VBW2813,PC-0010,Logon
logon,{00000001C31B-1A8D6017},2010-06-14 20:45:54,VBW2813,PC-0124,Logoff
logon,{00000001C02B-2BB1D538},2010-06-14 21:34:52,VBW2813,PC-0124,Logon
logon,{00000001C31D-1BC4E46B},2010-06-15 00:00:52,VBW2813,PC-0124,Logoff
logon,{00000001C02C-396B3C4C},2010-06-15 19:02:32,VBW2813,PC-0106,Logon
logon,{00000001C02D-25D7FC05},2010-06-15 22:42:33,VBW2813,PC-0124,Logon
logon,{00000001C31E-09023647},2010-06-15 22:49:32,VBW2813,PC-0124,Logoff
logon,{00000001C31F-2DD5DCA5},2010-06-16 01:00:33,VBW2813,PC-0124,Logoff
logon,{00000001C02E-136D35EA},2010-06-16 02:06:12,VBW2813,PC-0124,Logon
logon,{00000001C320-165B7741},2010-06-16 05:23:12,VBW2813,PC-0124,Logoff
logon,{00000001C02F-20B3B3BC},2010-06-16 23:03:03,VBW2813,PC-0124,Logon
logon,{00000001C030-1FCCF857},2010-06-16 23:26:20,VBW2813,PC-0124,Logon
logon,{00000001C321-10FE71D0},2010-06-17 00:55:03,VBW2813,PC-0124,Logoff
logon,{00000001C322-27EFAD37},2010-06-17 02:09:20,VBW2813,PC-0124,Logoff
logon,{00000001C033-066765AE},2010-06-17 05:08:58,VBW2813,PC-0124,Logon
logon,{00000001C034-0F23ABA2},2010-06-17 06:31:55,VBW2813,PC-0124,Logon
logon,{00000001C325-173BB372},2010-06-17 07:01:58,VBW2813,PC-0124,Logoff
logon,{00000001C326-3C4A149F},2010-06-17 08:05:55,VBW2813,PC-0124,Logoff
logon,{00000001C032-0C589D5A},2010-06-17 18:12:07,VBW2813,PC-0124,Logon
logon,{00000001C031-1FFD7007},2010-06-17 18:56:18,VBW2813,PC-0124,Logon
logon,{00000001C035-12487741},2010-06-17 20:43:32,VBW2813,PC-0040,Logon
logon,{00000001C324-35D12DFE},2010-06-17 20:44:07,VBW2813,PC-0124,Logoff
logon,{00000001C323-33A52A31},2010-06-17 21:36:18,VBW2813,PC-0124,Logoff
logon,{00000001C327-39766068},2010-06-17 23:53:32,VBW2813,PC-0124,Logoff
device,{00000001F058-29CE02FF},2010-05-17 08:04:09,VBW2813,PC-0124,Connect
device,{00000001F1E2-2A875001},2010-05-17 09:24:09,VBW2813,PC-0124,Disconnect
device,{00000001F05C-09CA1029},2010-05-17 11:01:18,VBW2813,PC-0124,Connect
device,{00000001F05B-3C4198A7},2010-05-17 11:10:47,VBW2813,PC-0124,Connect
device,{00000001F1E5-138C32E1},2010-05-17 11:28:47,VBW2813,PC-0124,Disconnect
device,{00000001F1E6-20C50B51},2010-05-17 11:50:18,VBW2813,PC-0124,Disconnect
device,{00000001F057-32C2EBAE},2010-05-17 13:19:04,VBW2813,PC-0124,Connect
device,{00000001F1E1-121C6F82},2010-05-17 13:36:04,VBW2813,PC-0124,Disconnect
device,{00000001F05A-3F577A60},2010-05-17 14:40:33,VBW2813,PC-0124,Connect
device,{00000001F1E4-24371A22},2010-05-17 15:33:33,VBW2813,PC-0124,Disconnect
device,{00000001F059-3ED24A6B},2010-05-17 15:39:15,VBW2813,PC-0124,Connect
device,{00000001F1E3-3B34C2EE},2010-05-17 16:01:15,VBW2813,PC-0124,Disconnect
device,{00000001F2ED-32BBAE99},2010-05-17 18:05:54,VBW2813,PC-0124,Connect
device,{00000001F3B6-12ACE607},2010-05-17 18:15:54,VBW2813,PC-0124,Disconnect
device,{00000001F2EE-0DF6D2DE},2010-05-17 18:25:37,VBW2813,PC-0124,Connect
device,{00000001F2EA-24BF38B6},2010-05-17 18:25:57,VBW2813,PC-0124,Connect
device,{00000001F2E8-2F196222},2010-05-17 18:46:41,VBW2813,PC-0124,Connect
device,{00000001F3B7-0037B9C4},2010-05-17 19:19:37,VBW2813,PC-0124,Disconnect
device,{00000001F3B1-06C5C1DA},2010-05-17 19:27:41,VBW2813,PC-0124,Disconnect
device,{00000001F2E9-030E1099},2010-05-17 19:48:43,VBW2813,PC-0124,Connect
device,{00000001F3B3-13C4668B},2010-05-17 19:52:57,VBW2813,PC-0124,Disconnect
device,{00000001F3B2-3B57F74A},2010-05-17 21:00:43,VBW2813,PC-0124,Disconnect
device,{00000001F2EC-2F67D2D9},2010-05-17 21:35:25,VBW2813,PC-0124,Connect
device,{00000001F3B5-29C738FD},2010-05-17 22:06:25,VBW2813,PC-0124,Disconnect
device,{00000001F2EB-2EFF9EB3},2010-05-17 23:11:28,VBW2813,PC-0124,Connect
device,{00000001F3B4-2242D27F},2010-05-17 23:30:28,VBW2813,PC-0124,Disconnect
device,{00000001F05D-1E7B8F83},2010-05-19 13:42:55,VBW2813,PC-0124,Connect
device,{00000001F1E7-21903F69},2010-05-19 14:29:55,VBW2813,PC-0124,Disconnect
device,{00000001F05E-1D0AE530},2010-05-19 17:16:12,VBW2813,PC-0124,Connect
device,{00000001F1E8-0449D431},2010-05-19 18:06:12,VBW2813,PC-0124,Disconnect
device,{00000001F2EF-3AC0BF70},2010-05-19 20:51:28,VBW2813,PC-0124,Connect
device,{00000001F3B8-187DB229},2010-05-19 21:06:28,VBW2813,PC-0124,Disconnect
device,{00000001F2F0-0847BCCA},2010-05-19 21:22:46,VBW2813,PC-0124,Connect
device,{00000001F3B9-0C8AA557},2010-05-19 22:50:46,VBW2813,PC-0124,Disconnect
device,{00000001F05F-212B77B8},2010-05-20 08:55:59,VBW2813,PC-0124,Connect
device,{00000001F1E9-3553AE95},2010-05-20 09:04:59,VBW2813,PC-0124,Disconnect
device,{00000001F2F1-17E5F851},2010-05-21 18:26:33,VBW2813,PC-0124,Connect
device,{00000001F3BA-3FB3B5F9},2010-05-21 19:39:33,VBW2813,PC-0124,Disconnect
device,{00000001F2F2-1C3890F4},2010-05-21 21:00:38,VBW2813,PC-0124,Connect
device,{00000001F3BB-171239F0},2010-05-21 21:38:38,VBW2813,PC-0124,Disconnect
device,{00000001F2F3-34FC7887},2010-05-24 02:43:05,VBW2813,PC-0124,Connect
device,{00000001F3BC-3A7AEE42},2010-05-24 04:07:05,VBW2813,PC-0124,Disconnect
device,{00000001F060-082F328D},2010-05-24 07:07:22,VBW2813,PC-0124,Connect
device,{00000001F1EA-08669123},2010-05-24 07:56:22,VBW2813,PC-0124,Disconnect
device,{00000001F2F4-1D994081},2010-05-24 21:50:22,VBW2813,PC-0124,Connect
device,{00000001F3BD-224F6982},2010-05-24 22:22:22,VBW2813,PC-0124,Disconnect
device,{00000001F063-06F8006F},2010-05-25 07:54:36,VBW2813,PC-0124,Connect
device,{00000001F1ED-35CB5020},2010-05-25 08:55:36,VBW2813,PC-0124,Disconnect
device,{00000001F061-15DB54BA},2010-05-25 10:15:40,VBW2813,PC-0124,Connect
device,{00000001F1EB-33FAA00B},2010-05-25 11:29:40,VBW2813,PC-0124,Disconnect
device,{00000001F064-2C6F5D8D},2010-05-25 14:48:04,VBW2813,PC-0124,Connect
device,{00000001F1EE-2A0291EB},2010-05-25 15:16:04,VBW2813,PC-0124,Disconnect
device,{00000001F062-315C0C1A},2010-05-25 16:38:24,VBW2813,PC-0124,Connect
device,{00000001F1EC-2B40643A},2010-05-25 17:50:24,VBW2813,PC-0124,Disconnect
device,{00000001F2F5-125C15A7},2010-05-25 21:11:22,VBW2813,PC-0124,Connect
device,{00000001F3BE-3145626E},2010-05-25 21:18:22,VBW2813,PC-0124,Disconnect
device,{00000001F2F6-2EEC87A2},2010-05-26 00:24:48,VBW2813,PC-0124,Connect
device,{00000001F3BF-104940E2},2010-05-26 01:37:48,VBW2813,PC-0124,Disconnect
device,{00000001F066-222135D4},2010-05-26 13:42:42,VBW2813,PC-0124,Connect
device,{00000001F1F0-29C9576C},2010-05-26 13:46:42,VBW2813,PC-0124,Disconnect
device,{00000001F065-17EAE9C3},2010-05-26 15:40:36,VBW2813,PC-0124,Connect
device,{00000001F1EF-3FD8F372},2010-05-26 16:10:36,VBW2813,PC-0124,Disconnect
device,{00000001F067-132E8E14},2010-05-26 17:35:25,VBW2813,PC-0124,Connect
device,{00000001F1F1-15C282FF},2010-05-26 18:20:25,VBW2813,PC-0124,Disconnect
device,{00000001F2F7-31A3B2DA},2010-05-26 18:56:53,VBW2813,PC-0124,Connect
device,{00000001F3C0-0B51D27B},2010-05-26 19:57:53,VBW2813,PC-0124,Disconnect
device,{00000001F2F8-03918ADB},2010-05-26 23:32:43,VBW2813,PC-0124,Connect
device,{00000001F3C1-076C0965},2010-05-27 00:00:43,VBW2813,PC-0124,Disconnect
device,{00000001F2F9-047CFF7D},2010-05-27 02:12:38,VBW2813,PC-0124,Connect
device,{00000001F3C2-19BD9DB2},2010-05-27 02:52:38,VBW2813,PC-0124,Disconnect
device,{00000001F068-2E208DD0},2010-05-27 13:15:51,VBW2813,PC-0124,Connect
device,{00000001F1F2-3A618FEA},2010-05-27 14:40:51,VBW2813,PC-0124,Disconnect
device,{00000001F2FB-097D411D},2010-05-27 18:48:30,VBW2813,PC-0124,Connect
device,{00000001F3C4-0E3E91DB},2010-05-27 19:58:30,VBW2813,PC-0124,Disconnect
device,{00000001F2FA-38BFAD90},2010-05-27 21:44:13,VBW2813,PC-0124,Connect
device,{00000001F3C3-350233B5},2010-05-27 22:36:13,VBW2813,PC-0124,Disconnect
device,{00000001F2FD-3ACAF793},2010-05-28 04:50:30,VBW2813,PC-0124,Connect
device,{00000001F3C6-3AAEAF43},2010-05-28 05:15:30,VBW2813,PC-0124,Disconnect
device,{00000001F069-0D3E4486},2010-05-28 07:22:15,VBW2813,PC-0124,Connect
device,{00000001F1F3-0B3DE994},2010-05-28 07:40:15,VBW2813,PC-0124,Disconnect
device,{00000001F06A-2CB20070},2010-05-28 11:47:41,VBW2813,PC-0124,Connect
device,{00000001F1F4-1A3AC3AA},2010-05-28 12:34:41,VBW2813,PC-0124,Disconnect
device,{00000001F2FC-3441DF1F},2010-05-28 22:10:40,VBW2813,PC-0124,Connect
device,{00000001F3C5-13947449},2010-05-28 22:48:40,VBW2813,PC-0124,Disconnect
device,{00000001F06B-0AEB28E1},2010-05-31 08:38:57,VBW2813,PC-0124,Connect
device,{00000001F1F5-26B0E628},2010-05-31 09:03:57,VBW2813,PC-0124,Disconnect
device,{00000001F06C-107B639B},2010-05-31 12:04:51,VBW2813,PC-0124,Connect
device,{00000001F1F6-1CFE38D3},2010-05-31 13:15:51,VBW2813,PC-0124,Disconnect
device,{00000001F301-0072855B},2010-06-01 02:11:03,VBW2813,PC-0124,Connect
device,{00000001F3CA-0AD2574D},2010-06-01 02:36:03,VBW2813,PC-0124,Disconnect
device,{00000001F06D-369C8678},2010-06-01 07:26:55,VBW2813,PC-0124,Connect
device,{00000001F1F7-058520E2},2010-06-01 07:36:55,VBW2813,PC-0124,Disconnect
device,{00000001F06E-2ADF3050},2010-06-01 08:57:41,VBW2813,PC-0124,Connect
device,{00000001F1F8-21D0F911},2010-06-01 10:25:41,VBW2813,PC-0124,Disconnect
device,{00000001F2FF-37D3393A},2010-06-01 18:01:34,VBW2813,PC-0124,Connect
device,{00000001F3C8-28CE0ED1},2010-06-01 18:07:34,VBW2813,PC-0124,Disconnect
device,{00000001F300-375C72A8},2010-06-01 19:26:37,VBW2813,PC-0124,Connect
device,{00000001F2FE-3F0BD0F5},2010-06-01 20:02:15,VBW2813,PC-0124,Connect
device,{00000001F3C7-12840C56},2010-06-01 20:28:15,VBW2813,PC-0124,Disconnect
device,{00000001F3C9-0B074C44},2010-06-01 20:37:37,VBW2813,PC-0124,Disconnect
device,{00000001F071-36610CB1},2010-06-02 07:28:04,VBW2813,PC-0124,Connect
device,{00000001F1FB-22C38646},2010-06-02 08:41:04,VBW2813,PC-0124,Disconnect
device,{00000001F06F-2D08C902},2010-06-02 08:48:58,VBW2813,PC-0124,Connect
device,{00000001F1F9-1C341F61},2010-06-02 09:47:58,VBW2813,PC-0124,Disconnect
device,{00000001F070-1631B89E},2010-06-02 10:11:40,VBW2813,PC-0124,Connect
device,{00000001F1FA-0A0CE008},2010-06-02 10:25:40,VBW2813,PC-0124,Disconnect
device,{00000001F072-129294DD},2010-06-02 12:24:43,VBW2813,PC-0124,Connect
device,{00000001F1FC-09814433},2010-06-02 13:40:43,VBW2813,PC-0124,Disconnect
device,{00000001F073-0C74D25F},2010-06-02 16:47:06,VBW2813,PC-0124,Connect
device,{00000001F1FD-310CB88F},2010-06-02 17:54:06,VBW2813,PC-0124,Disconnect
device,{00000001F302-1318BF13},2010-06-02 18:00:41,VBW2813,PC-0124,Connect
device,{00000001F303-358A1ACE},2010-06-02 18:10:30,VBW2813,PC-0124,Connect
device,{00000001F3CB-3A5D6F39},2010-06-02 18:35:41,VBW2813,PC-0124,Disconnect
device,{00000001F3CC-245DA588},2010-06-02 19:03:30,VBW2813,PC-0124,Disconnect
device,{00000001F305-225DDAE9},2010-06-03 02:21:15,VBW2813,PC-0124,Connect
device,{00000001F3CE-10842B28},2010-06-03 02:49:15,VBW2813,PC-0124,Disconnect
device,{00000001F074-0D650A5C},2010-06-03 11:30:48,VBW2813,PC-0124,Connect
device,{00000001F1FE-3261E695},2010-06-03 11:54:48,VBW2813,PC-0124,Disconnect
device,{00000001F075-2BD28EF3},2010-06-03 14:41:34,VBW2813,PC-0124,Connect
device,{00000001F1FF-106F47FF},2010-06-03 15:45:34,VBW2813,PC-0124,Disconnect
device,{00000001F304-37822BBF},2010-06-03 21:36:00,VBW2813,PC-0124,Connect
device,{00000001F3CD-003CFCF3},2010-06-03 21:58:00,VBW2813,PC-0124,Disconnect
device,{00000001F306-05F5299A},2010-06-03 23:29:26,VBW2813,PC-0124,Connect
device,{00000001F3CF-11E89120},2010-06-04 00:53:26,VBW2813,PC-0124,Disconnect
device,{00000001F307-17174ABB},2010-06-04 03:18:23,VBW2813,PC-0124,Connect
device,{00000001F3D0-2B0B64ED},2010-06-04 04:39:23,VBW2813,PC-0124,Disconnect
device,{00000001F078-1BB0EFBD},2010-06-04 10:09:15,VBW2813,PC-0124,Connect
device,{00000001F077-0C587327},2010-06-04 10:28:47,VBW2813,PC-0124,Connect
device,{00000001F202-06963BCD},2010-06-04 10:53:15,VBW2813,PC-0124,Disconnect
device,{00000001F201-08C57442},2010-06-04 11:02:47,VBW2813,PC-0124,Disconnect
device,{00000001F076-0D617306},2010-06-04 12:33:51,VBW2813,PC-0124,Connect
device,{00000001F200-35952B54},2010-06-04 13:28:51,VBW2813,PC-0124,Disconnect
device,{00000001F079-16B7F1DB},2010-06-04 14:32:30,VBW2813,PC-0124,Connect
device,{00000001F203-314D2E32},2010-06-04 15:37:30,VBW2813,PC-0124,Disconnect
device,{00000001F308-0F9B8256},2010-06-07 00:11:50,VBW2813,PC-0124,Connect
device,{00000001F3D1-30861F6D},2010-06-07 01:03:50,VBW2813,PC-0124,Disconnect
device,{00000001F07A-0F19B0DA},2010-06-07 07:23:57,VBW2813,PC-0124,Connect
device,{00000001F204-2C793B06},2010-06-07 07:29:57,VBW2813,PC-0124,Disconnect
device,{00000001F07B-3614CD1E},2010-06-07 12:51:53,VBW2813,PC-0124,Connect
device,{00000001F205-17D88A95},2010-06-07 13:35:53,VBW2813,PC-0124,Disconnect
device,{00000001F30A-32D68865},2010-06-08 06:18:40,VBW2813,PC-0124,Connect
device,{00000001F3D3-1633382F},2010-06-08 06:30:40,VBW2813,PC-0124,Disconnect
device,{00000001F07E-1C8FBD53},2010-06-08 08:46:43,VBW2813,PC-0124,Connect
device,{00000001F208-0CC4A2CA},2010-06-08 09:05:43,VBW2813,PC-0124,Disconnect
device,{00000001F07F-08AB0B51},2010-06-08 09:13:43,VBW2813,PC-0124,Connect
device,{00000001F209-338F683B},2010-06-08 09:25:43,VBW2813,PC-0124,Disconnect
device,{00000001F07C-36949906},2010-06-08 10:26:00,VBW2813,PC-0124,Connect
device,{00000001F206-34BB67CE},2010-06-08 11:11:00,VBW2813,PC-0124,Disconnect
device,{00000001F080-2A5B124F},2010-06-08 12:43:51,VBW2813,PC-0124,Connect
device,{00000001F20A-3FE5507E},2010-06-08 14:04:51,VBW2813,PC-0124,Disconnect
device,{00000001F07D-06D32EB0},2010-06-08 15:46:59,VBW2813,PC-0124,Connect
device,{00000001F207-1A3F8325},2010-06-08 16:57:59,VBW2813,PC-0124,Disconnect
device,{00000001F309-10D93334},2010-06-08 21:39:29,VBW2813,PC-0124,Connect
device,{00000001F3D2-2A2E1FD5},2010-06-08 22:29:29,VBW2813,PC-0124,Disconnect
device,{00000001F081-01387E4F},2010-06-09 12:26:14,VBW2813,PC-0124,Connect
device,{00000001F082-328A6C85},2010-06-09 13:06:51,VBW2813,PC-0124,Connect
device,{00000001F20B-11C03C39},2010-06-09 13:16:14,VBW2813,PC-0124,Disconnect
device,{00000001F20C-17DE65D6},2010-06-09 14:14:51,VBW2813,PC-0124,Disconnect
device,{00000001F083-3A5ADDA3},2010-06-09 17:27:08,VBW2813,PC-0124,Connect
device,{00000001F20D-2F083F74},2010-06-09 18:14:08,VBW2813,PC-0124,Disconnect
device,{00000001F30B-3D9BB228},2010-06-09 21:57:52,VBW2813,PC-0124,Connect
device,{00000001F3D4-329E764C},2010-06-09 23:22:52,VBW2813,PC-0124,Disconnect
device,{00000001F087-234106DD},2010-06-10 08:24:40,VBW2813,PC-0124,Connect
device,{00000001F211-1FB7C1AE},2010-06-10 09:18:40,VBW2813,PC-0124,Disconnect
device,{00000001F085-1E117A9B},2010-06-10 14:07:14,VBW2813,PC-0124,Connect
device,{00000001F20F-2079ED39},2010-06-10 15:13:14,VBW2813,PC-0124,Disconnect
device,{00000001F088-319B9B0E},2010-06-10 16:46:09,VBW2813,PC-0124,Connect
device,{00000001F212-395E2D7F},2010-06-10 16:49:09,VBW2813,PC-0124,Disconnect
device,{00000001F084-1F385C65},2010-06-10 16:53:44,VBW2813,PC-0124,Connect
device,{00000001F086-0A50744A},2010-06-10 17:39:00,VBW2813,PC-0124,Connect
device,{00000001F210-0CBA47CB},2010-06-10 17:41:00,VBW2813,PC-0124,Disconnect
device,{00000001F20E-28929BCB},2010-06-10 18:04:44,VBW2813,PC-0124,Disconnect
device,{00000001F30C-3E325AEE},2010-06-10 23:43:30,VBW2813,PC-0124,Connect
device,{00000001F3D5-29F18781},2010-06-11 01:06:30,VBW2813,PC-0124,Disconnect
device,{00000001F30F-1AA58285},2010-06-11 01:49:46,VBW2813,PC-0124,Connect
device,{00000001F3D8-08A58D53},2010-06-11 03:07:46,VBW2813,PC-0124,Disconnect
device,{00000001F30E-305E6221},2010-06-11 03:47:38,VBW2813,PC-0124,Connect
device,{00000001F3D7-2B424D6C},2010-06-11 03:53:38,VBW2813,PC-0124,Disconnect
device,{00000001F08A-32FAF96B},2010-06-11 14:20:05,VBW2813,PC-0124,Connect
device,{00000001F214-0C5FB497},2010-06-11 15:17:05,VBW2813,PC-0124,Disconnect
device,{00000001F089-30A6705F},2010-06-11 16:23:04,VBW2813,PC-0124,Connect
device,{00000001F213-11BACD59},2010-06-11 17:51:04,VBW2813,PC-0124,Disconnect
device,{00000001F30D-33D4CC3B},2010-06-11 18:52:43,VBW2813,PC-0124,Connect
device,{00000001F3D6-19C97D0D},2010-06-11 19:23:43,VBW2813,PC-0124,Disconnect
device,{00000001F08D-1E17FE61},2010-06-14 09:30:33,VBW2813,PC-0124,Connect
device,{00000001F217-3F04C215},2010-06-14 10:49:33,VBW2813,PC-0124,Disconnect
device,{00000001F08B-1B9C1A88},2010-06-14 13:24:02,VBW2813,PC-0124,Connect
device,{00000001F215-313F5952},2010-06-14 14:09:02,VBW2813,PC-0124,Disconnect
device,{00000001F08C-00C190C1},2010-06-14 16:21:18,VBW2813,PC-0124,Connect
device,{00000001F216-0CFEEB95},2010-06-14 16:44:18,VBW2813,PC-0124,Disconnect
device,{00000001F310-3A03DE56},2010-06-14 21:43:27,VBW2813,PC-0124,Connect
device,{00000001F3D9-2C7406B2},2010-06-14 22:16:27,VBW2813,PC-0124,Disconnect
device,{00000001F08E-2DAB056F},2010-06-15 12:45:08,VBW2813,PC-0124,Connect
device,{00000001F218-0ECE342E},2010-06-15 13:59:08,VBW2813,PC-0124,Disconnect
device,{00000001F08F-327A8A8E},2010-06-15 14:39:59,VBW2813,PC-0124,Connect
device,{00000001F219-3FD94D55},2010-06-15 15:50:59,VBW2813,PC-0124,Disconnect
device,{00000001F311-0F3B4D30},2010-06-15 21:01:29,VBW2813,PC-0124,Connect
device,{00000001F3DA-001BEB42},2010-06-15 21:07:29,VBW2813,PC-0124,Disconnect
device,{00000001F312-285F9EBD},2010-06-15 23:36:32,VBW2813,PC-0124,Connect
device,{00000001F313-257A51B8},2010-06-15 23:58:52,VBW2813,PC-0124,Connect
device,{00000001F3DC-1F2CB67E},2010-06-16 00:06:52,VBW2813,PC-0124,Disconnect
device,{00000001F3DB-163152FA},2010-06-16 00:20:32,VBW2813,PC-0124,Disconnect
device,{00000001F090-29591A55},2010-06-16 10:14:27,VBW2813,PC-0124,Connect
device,{00000001F21A-115DFF41},2010-06-16 11:12:27,VBW2813,PC-0124,Disconnect
device,{00000001F091-22851393},2010-06-16 13:49:35,VBW2813,PC-0124,Connect
device,{00000001F21B-22E46854},2010-06-16 13:57:35,VBW2813,PC-0124,Disconnect
device,{00000001F314-0FB09BBA},2010-06-16 20:57:02,VBW2813,PC-0124,Connect
device,{00000001F3DD-2D0939D6},2010-06-16 22:11:02,VBW2813,PC-0124,Disconnect
device,{00000001F093-22975940},2010-06-17 09:06:25,VBW2813,PC-0124,Connect
device,{00000001F094-0C0DB967},2010-06-17 09:15:11,VBW2813,PC-0124,Connect
device,{00000001F21E-2C78D71B},2010-06-17 09:35:11,VBW2813,PC-0124,Disconnect
device,{00000001F092-0BF5B63B},2010-06-17 09:48:49,VBW2813,PC-0124,Connect
device,{00000001F21D-17013532},2010-06-17 10:21:25,VBW2813,PC-0124,Disconnect
device,{00000001F21C-0CEF31D9},2010-06-17 10:22:49,VBW2813,PC-0124,Disconnect
device,{00000001F315-133E813A},2010-06-17 23:20:20,VBW2813,PC-0124,Connect
device,{00000001F3DE-3205DAD9},2010-06-17 23:55:20,VBW2813,PC-0124,Disconnect
file,{00000002CF49-24A1D9D3},2010-05-17 07:18:54,VBW2813,PC-0124,D3B9B4.doc,D0-CF-11-E0
file,{00000002CF4F-1BA5EB74},2010-05-17 08:12:14,VBW2813,PC-0124,BB5CEA.zip,D0-CF-11-E0
file,{00000002CF50-39FAF033},2010-05-17 08:27:20,VBW2813,PC-0124,BCCB61.zip,D0-CF-11-E0
file,{00000002CF4B-0A91751B},2010-05-17 08:42:30,VBW2813,PC-0124,AF7D0F.txt,D0-CF-11-E0
file,{00000002CF56-3034F0E5},2010-05-17 08:43:20,VBW2813,PC-0124,425B8F.zip,D0-CF-11-E0
file,{00000002CF4C-092C122E},2010-05-17 08:46:30,VBW2813,PC-0124,B36BFB.pdf,D0-CF-11-E0
file,{00000002CF4E-0B6D31A7},2010-05-17 08:54:46,VBW2813,PC-0124,608ADE.doc,D0-CF-11-E0
file,{00000002CF54-173947AC},2010-05-17 10:55:33,VBW2813,PC-0124,43E587.jpg,D0-CF-11-E0
file,{00000002CF47-1509909F},2010-05-17 11:07:09,VBW2813,PC-0124,2448DA.pdf,D0-CF-11-E0
file,{00000002CF48-14DA953F},2010-05-17 11:25:30,VBW2813,PC-0124,2433C5.doc,D0-CF-11-E0
file,{00000002CF4A-3D057DC9},2010-05-17 11:49:53,VBW2813,PC-0124,22173F.doc,D0-CF-11-E0
file,{00000002CF45-1B465551},2010-05-17 12:01:02,VBW2813,PC-0124,C946BD.doc,D0-CF-11-E0
file,{00000002CF57-1E25DB98},2010-05-17 14:00:24,VBW2813,PC-0124,D9F866.zip,D0-CF-11-E0
file,{00000002CF53-10734EF1},2010-05-17 14:34:10,VBW2813,PC-0124,83B026.zip,D0-CF-11-E0
file,{00000002CF46-30BE36F9},2010-05-17 15:30:35,VBW2813,PC-0124,AB6BA3.doc,D0-CF-11-E0
file,{00000002CF52-3B082909},2010-05-17 15:48:01,VBW2813,PC-0124,C4EDAB.zip,D0-CF-11-E0
file,{00000002CF43-2D144AAF},2010-05-17 16:25:31,VBW2813,PC-0124,2167FD.jpg,D0-CF-11-E0
file,{00000002CF55-276928DF},2010-05-17 16:57:57,VBW2813,PC-0124,E23BFD.doc,D0-CF-11-E0
file,{00000002CF51-21AFE6EE},2010-05-17 17:01:14,VBW2813,PC-0124,18A4FD.jpg,D0-CF-11-E0
file,{00000002CF4D-209C04C1},2010-05-17 17:06:16,VBW2813,PC-0124,1900F7.pdf,D0-CF-11-E0
file,{00000002CF44-31DE3F21},2010-05-17 17:50:47,VBW2813,PC-0124,DF101C.pdf,D0-CF-11-E0
file,{00000002CF68-333D63BE},2010-05-18 08:14:16,VBW2813,PC-0124,847C96.zip,D0-CF-11-E0
file,{00000002CF5C-0F47D591},2010-05-18 08:19:38,VBW2813,PC-0124,1F8F7A.zip,D0-CF-11-E0
file,{00000002CF5D-343A43D8},2010-05-18 08:44:37,VBW2813,PC-0124,C2EF70.jpg,D0-CF-11-E0
file,{00000002CF62-1B1B36E4},2010-05-18 08:52:05,VBW2813,PC-0124,82A71C.doc,D0-CF-11-E0
file,{00000002CF69-2CC34E00},2010-05-18 11:24:44,VBW2813,PC-0124,CD8D8B.doc,D0-CF-11-E0
file,{00000002CF59-08145142},2010-05-18 11:54:43,VBW2813,PC-0124,1E815B.doc,D0-CF-11-E0
file,{00000002CF65-08A7681B},2010-05-18 12:22:41,VBW2813,PC-0124,746B7F.doc,D0-CF-11-E0
file,{00000002CF5E-182E6139},2010-05-18 12:30:30,VBW2813,PC-0124,7699D3.doc,D0-CF-11-E0
file,{00000002CF5B-1024D78F},2010-05-18 12:51:10,VBW2813,PC-0124,228FE9.zip,D0-CF-11-E0
file,{00000002CF5F-0B5B3E1C},2010-05-18 13:45:52,VBW2813,PC-0124,BF80C6.doc,D0-CF-11-E0
file,{00000002CF63-132C825D},2010-05-18 13:47:30,VBW2813,PC-0124,4E6A21.pdf,D0-CF-11-E0
file,{00000002CF67-185C919D},2010-05-18 14:23:29,VBW2813,PC-0124,2EFB82.zip,D0-CF-11-E0
file,{00000002CF64-3C73A953},2010-05-18 14:29:11,VBW2813,PC-0124,1303FF.doc,D0-CF-11-E0
file,{00000002CF5A-2932D462},2010-05-18 15:42:29,VBW2813,PC-0124,1A6EF5.zip,D0-CF-11-E0
file,{00000002CF6A-055F48E6},2010-05-18 15:49:16,VBW2813,PC-0124,33A514.pdf,D0-CF-11-E0
file,{00000002CF66-0ECDB748},2010-05-18 16:43:46,VBW2813,PC-0124,4C23F4.pdf,D0-CF-11-E0
file,{00000002CF60-39E9154D},2010-05-18 16:47:22,VBW2813,PC-0124,BE53E8.doc,D0-CF-11-E0
file,{00000002CF58-2A8132F1},2010-05-18 16:54:15,VBW2813,PC-0124,84F940.doc,D0-CF-11-E0
file,{00000002CF61-31558BE7},2010-05-18 16:59:48,VBW2813,PC-0124,093F1B.zip,D0-CF-11-E0
file,{00000002CF6B-38D0B1DA},2010-05-19 07:46:27,VBW2813,PC-0124,1D4F87.pdf,D0-CF-11-E0
file,{00000002CF6C-1D8EA10B},2010-05-19 08:33:45,VBW2813,PC-0124,967A21.pdf,D0-CF-11-E0
file,{00000002CF76-375098A6},2010-05-19 09:58:18,VBW2813,PC-0124,3D02A2.pdf,D0-CF-11-E0
file,{00000002CF75-052DEA47},2010-05-19 10:27:19,VBW2813,PC-0124,39CA0F.doc,D0-CF-11-E0
file,{00000002CF77-098EE182},2010-05-19 11:09:16,VBW2813,PC-0124,80C121.pdf,D0-CF-11-E0
file,{00000002CF70-25B4FF8F},2010-05-19 11:41:10,VBW2813,PC-0124,A5CBDB.zip,D0-CF-11-E0
file,{00000002CF74-13D91BD9},2010-05-19 12:23:12,VBW2813,PC-0124,99B165.pdf,D0-CF-11-E0
file,{00000002CF73-0C549A78},2010-05-19 12:25:43,VBW2813,PC-0124,04E179.doc,D0-CF-11-E0
file,{00000002CF72-2EB37B9F},2010-05-19 13:37:34,VBW2813,PC-0124,17313A.doc,D0-CF-11-E0
file,{00000002CF6F-375C24A7},2010-05-19 14:00:16,VBW2813,PC-0124,7386B6.doc,D0-CF-11-E0
file,{00000002CF6E-07E51001},2010-05-19 14:23:23,VBW2813,PC-0124,80D4D1.pdf,D0-CF-11-E0
file,{00000002CF71-1FBE48E5},2010-05-19 14:24:16,VBW2813,PC-0124,B43FE0.doc,D0-CF-11-E0
file,{00000002CF6D-1193E663},2010-05-19 16:15:30,VBW2813,PC-0124,D39CFD.zip,D0-CF-11-E0
file,{00000002CF7C-1E88A139},2010-05-20 07:33:14,VBW2813,PC-0124,3190D7.zip,D0-CF-11-E0
file,{00000002CF81-2572BC55},2010-05-20 07:52:20,VBW2813,PC-0124,E9D822.pdf,D0-CF-11-E0
file,{00000002CF82-3E7F192E},2010-05-20 08:50:13,VBW2813,PC-0124,5F352B.zip,D0-CF-11-E0
file,{00000002CF7B-2D1111B7},2010-05-20 10:41:02,VBW2813,PC-0124,613E78.doc,D0-CF-11-E0
file,{00000002CF86-01558C80},2010-05-20 10:52:56,VBW2813,PC-0124,719293.zip,D0-CF-11-E0
file,{00000002CF87-381C891E},2010-05-20 11:46:11,VBW2813,PC-0124,C76011.jpg,D0-CF-11-E0
file,{00000002CF88-1A64F0B6},2010-05-20 12:19:40,VBW2813,PC-0124,BE7281.pdf,D0-CF-11-E0
file,{00000002CF89-008C1280},2010-05-20 12:33:17,VBW2813,PC-0124,D5B4A6.doc,D0-CF-11-E0
file,{00000002CF7D-20757EBD},2010-05-20 12:46:23,VBW2813,PC-0124,C0C700.zip,D0-CF-11-E0
file,{00000002CF7E-0E88E54F},2010-05-20 14:15:14,VBW2813,PC-0124,38B5FF.jpg,D0-CF-11-E0
file,{00000002CF85-3577533A},2010-05-20 14:24:29,VBW2813,PC-0124,BEE631.pdf,D0-CF-11-E0
file,{00000002CF7F-0796899D},2010-05-20 14:41:10,VBW2813,PC-0124,3DC048.zip,D0-CF-11-E0
file,{00000002CF78-1E19AB1A},2010-05-20 15:24:04,VBW2813,PC-0124,C6F9E2.pdf,D0-CF-11-E0
file,{00000002CF79-3FC91898},2010-05-20 15:31:33,VBW2813,PC-0124,5C40E5.zip,D0-CF-11-E0
file,{00000002CF80-02AFF728},2010-05-20 15:36:58,VBW2813,PC-0124,135960.zip,D0-CF-11-E0
file,{00000002CF84-1BBB0FFA},2010-05-20 16:13:28,VBW2813,PC-0124,7D7342.doc,D0-CF-11-E0
file,{00000002CF83-0E70B610},2010-05-20 16:47:54,VBW2813,PC-0124,B720B3.pdf,D0-CF-11-E0
file,{00000002CF7A-3F15D027},2010-05-20 17:48:34,VBW2813,PC-0124,987756.zip,D0-CF-11-E0
file,{00000002CF91-278A91E3},2010-05-21 07:45:01,VBW2813,PC-0124,3AF255.zip,D0-CF-11-E0
file,{00000002CF8D-3C521E62},2010-05-21 08:20:21,VBW2813,PC-0124,F8E47A.doc,D0-CF-11-E0
file,{00000002CF8E-275AC9FE},2010-05-21 10:20:11,VBW2813,PC-0124,013307.txt,D0-CF-11-E0
file,{00000002CF8F-2CEB0394},2010-05-21 10:39:33,VBW2813,PC-0124,F29A89.zip,D0-CF-11-E0
file,{00000002CF90-2AC7E45C},2010-05-21 12:17:48,VBW2813,PC-0124,4FEAF6.jpg,D0-CF-11-E0
file,{00000002CF8C-116E2D95},2010-05-21 13:25:16,VBW2813,PC-0124,3E49C2.txt,D0-CF-11-E0
file,{00000002CF93-28DCC45A},2010-05-21 13:26:16,VBW2813,PC-0124,DD813C.doc,D0-CF-11-E0
file,{00000002CF92-161384E5},2010-05-21 13:35:18,VBW2813,PC-0124,7DE566.doc,D0-CF-11-E0
file,{00000002CF8A-391918E2},2010-05-21 13:40:38,VBW2813,PC-0124,E75C84.zip,D0-CF-11-E0
file,{00000002CF95-3813291B},2010-05-21 15:23:42,VBW2813,PC-0124,B5FEA5.doc,D0-CF-11-E0
file,{00000002CF94-121EC6A0},2010-05-21 15:47:25,VBW2813,PC-0124,5C1D1F.doc,D0-CF-11-E0
file,{00000002CF8B-144B38D5},2010-05-21 15:52:57,VBW2813,PC-0124,1058FA.doc,D0-CF-11-E0
file,{00000002CFA1-218936AC},2010-05-24 08:19:34,VBW2813,PC-0124,DFD848.jpg,D0-CF-11-E0
file,{00000002CF96-3846D069},2010-05-24 09:11:09,VBW2813,PC-0124,5C366D.zip,D0-CF-11-E0
file,{00000002CF9D-18294772},2010-05-24 11:32:59,VBW2813,PC-0124,257AB7.zip,D0-CF-11-E0
file,{00000002CFA5-016E48E4},2010-05-24 12:03:45,VBW2813,PC-0124,65240C.pdf,D0-CF-11-E0
file,{00000002CFA3-09BFAE42},2010-05-24 12:11:16,VBW2813,PC-0124,994A9B.zip,D0-CF-11-E0
file,{00000002CF9A-0E1C03D0},2010-05-24 12:55:43,VBW2813,PC-0124,689DF6.zip,D0-CF-11-E0
file,{00000002CF9E-258FC84A},2010-05-24 13:12:51,VBW2813,PC-0124,3D98D6.pdf,D0-CF-11-E0
file,{00000002CF9F-23063057},2010-05-24 13:19:40,VBW2813,PC-0124,AECC6B.doc,D0-CF-11-E0
file,{00000002CF9B-16019B98},2010-05-24 14:09:09,VBW2813,PC-0124,0D5DA9.png,D0-CF-11-E0
file,{00000002CFA0-0F3201FF},2010-05-24 14:23:13,VBW2813,PC-0124,51A2C0.zip,D0-CF-11-E0
file,{00000002CF99-0538F33A},2010-05-24 15:18:15,VBW2813,PC-0124,C9FC4B.doc,D0-CF-11-E0
file,{00000002CFA2-08BABBBC},2010-05-24 15:37:40,VBW2813,PC-0124,C98A00.pdf,D0-CF-11-E0
file,{00000002CF9C-03A2E306},2010-05-24 15:37:55,VBW2813,PC-0124,41D0FC.pdf,D0-CF-11-E0
file,{00000002CFA6-36B5F0B7},2010-05-24 16:16:33,VBW2813,PC-0124,0264A8.pdf,D0-CF-11-E0
file,{00000002CF98-23A2163E},2010-05-24 16:28:55,VBW2813,PC-0124,7482FF.pdf,D0-CF-11-E0
file,{00000002CFA4-2B3FAAAD},2010-05-24 16:30:09,VBW2813,PC-0124,091180.txt,D0-CF-11-E0
file,{00000002CF97-052C071B},2010-05-24 16:35:53,VBW2813,PC-0124,56B487.zip,D0-CF-11-E0
file,{00000002CFB0-2CE4D6CB},2010-05-25 08:15:15,VBW2813,PC-0124,A0148E.doc,D0-CF-11-E0
file,{00000002CFA7-054D2E26},2010-05-25 08:28:17,VBW2813,PC-0124,52104C.pdf,D0-CF-11-E0
file,{00000002CFAF-10A3CB20},2010-05-25 09:43:14,VBW2813,PC-0124,CD1353.pdf,D0-CF-11-E0
file,{00000002CFAD-20281066},2010-05-25 11:22:35,VBW2813,PC-0124,4DF60D.pdf,D0-CF-11-E0
file,{00000002CFB1-03962B90},2010-05-25 11:29:35,VBW2813,PC-0124,4C99FD.doc,D0-CF-11-E0
file,{00000002CFAE-135755C9},2010-05-25 11:56:00,VBW2813,PC-0124,20A39E.png,D0-CF-11-E0
file,{00000002CFAC-0EEF8918},2010-05-25 12:06:54,VBW2813,PC-0124,D157A1.doc,D0-CF-11-E0
file,{00000002CFA8-03C5C6FE},2010-05-25 13:38:43,VBW2813,PC-0124,93BCFA.zip,D0-CF-11-E0
file,{00000002CFAB-0A7BB7A2},2010-05-25 15:23:25,VBW2813,PC-0124,63FB85.doc,D0-CF-11-E0
file,{00000002CFAA-3C4E219D},2010-05-25 15:46:39,VBW2813,PC-0124,49718B.pdf,D0-CF-11-E0
file,{00000002CFA9-3F63A3E0},2010-05-25 17:00:14,VBW2813,PC-0124,235118.pdf,D0-CF-11-E0
file,{00000002CFB7-170A54E0},2010-05-26 08:10:11,VBW2813,PC-0124,63510E.doc,D0-CF-11-E0
file,{00000002CFB5-3A592E4D},2010-05-26 08:28:36,VBW2813,PC-0124,8E78C0.pdf,D0-CF-11-E0
file,{00000002CFB6-20E27BDF},2010-05-26 09:50:11,VBW2813,PC-0124,7F9DC0.zip,D0-CF-11-E0
file,{00000002CFC0-2554F6D0},2010-05-26 09:51:18,VBW2813,PC-0124,C57080.pdf,D0-CF-11-E0
file,{00000002CFB3-1C9A714C},2010-05-26 10:14:30,VBW2813,PC-0124,06A3DD.doc,D0-CF-11-E0
file,{00000002CFB9-1246CEA0},2010-05-26 10:21:07,VBW2813,PC-0124,B1B752.pdf,D0-CF-11-E0
file,{00000002CFBC-0266592F},2010-05-26 11:40:50,VBW2813,PC-0124,DFFF12.doc,D0-CF-11-E0
file,{00000002CFBD-2AD5067D},2010-05-26 15:03:35,VBW2813,PC-0124,020289.doc,D0-CF-11-E0
file,{00000002CFBA-2D7BBE82},2010-05-26 15:17:25,VBW2813,PC-0124,A61566.doc,D0-CF-11-E0
file,{00000002CFBF-28C14681},2010-05-26 15:46:30,VBW2813,PC-0124,9EE7CE.zip,D0-CF-11-E0
file,{00000002CFB2-258B4C73},2010-05-26 16:08:03,VBW2813,PC-0124,B0BFC3.pdf,D0-CF-11-E0
file,{00000002CFB8-2C3FA426},2010-05-26 16:11:48,VBW2813,PC-0124,11E3B6.pdf,D0-CF-11-E0
file,{00000002CFBB-12C1609D},2010-05-26 16:32:53,VBW2813,PC-0124,13B36E.pdf,D0-CF-11-E0
file,{00000002CFBE-3A31D032},2010-05-26 17:09:32,VBW2813,PC-0124,6D6F72.pdf,D0-CF-11-E0
file,{00000002CFC1-1662E7D4},2010-05-26 17:14:59,VBW2813,PC-0124,B4FD1F.doc,D0-CF-11-E0
file,{00000002CFB4-11FAF0C2},2010-05-26 17:36:37,VBW2813,PC-0124,3490DF.pdf,D0-CF-11-E0
file,{00000002CFC5-0628B5D1},2010-05-27 07:16:04,VBW2813,PC-0124,6EA2B2.zip,D0-CF-11-E0
file,{00000002CFC6-15B323B7},2010-05-27 07:23:38,VBW2813,PC-0124,D72D03.doc,D0-CF-11-E0
file,{00000002CFD0-060F272F},2010-05-27 07:24:15,VBW2813,PC-0124,68FA9A.txt,D0-CF-11-E0
file,{00000002CFC4-3AEFFA53},2010-05-27 07:34:42,VBW2813,PC-0124,08207D.doc,D0-CF-11-E0
file,{00000002CFC7-0F167ABA},2010-05-27 07:51:06,VBW2813,PC-0124,3D47C2.pdf,D0-CF-11-E0
file,{00000002CFCA-35D639E4},2010-05-27 09:08:53,VBW2813,PC-0124,60CA17.pdf,D0-CF-11-E0
file,{00000002CFC9-1E858A38},2010-05-27 09:10:25,VBW2813,PC-0124,862E15.doc,D0-CF-11-E0
file,{00000002CFD2-3D753A82},2010-05-27 10:06:34,VBW2813,PC-0124,36F6C0.doc,D0-CF-11-E0
file,{00000002CFCF-2F1140CF},2010-05-27 11:16:14,VBW2813,PC-0124,09E98F.doc,D0-CF-11-E0
file,{00000002CFCC-1D2EC7B8},2010-05-27 12:22:38,VBW2813,PC-0124,D8923D.zip,D0-CF-11-E0
file,{00000002CFD1-2F0531EF},2010-05-27 13:06:40,VBW2813,PC-0124,C21DEB.zip,D0-CF-11-E0
file,{00000002CFCE-210225D3},2010-05-27 13:53:52,VBW2813,PC-0124,76512F.zip,D0-CF-11-E0
file,{00000002CFCB-0115D255},2010-05-27 15:41:51,VBW2813,PC-0124,CEB367.zip,D0-CF-11-E0
file,{00000002CFC2-3C3E9865},2010-05-27 15:45:08,VBW2813,PC-0124,531F74.zip,D0-CF-11-E0
file,{00000002CFC8-0F08A725},2010-05-27 16:02:43,VBW2813,PC-0124,880C63.pdf,D0-CF-11-E0
file,{00000002CFCD-1EA8CBD8},2010-05-27 16:38:19,VBW2813,PC-0124,65E83A.zip,D0-CF-11-E0
file,{00000002CFC3-2E2DEBE0},2010-05-27 17:49:47,VBW2813,PC-0124,0C61B2.zip,D0-CF-11-E0
file,{00000002CFD8-35FBEAAC},2010-05-28 08:02:17,VBW2813,PC-0124,C049E9.doc,D0-CF-11-E0
file,{00000002CFE3-3C369CDD},2010-05-28 08:26:20,VBW2813,PC-0124,F8A7B9.png,D0-CF-11-E0
file,{00000002CFDD-3F9432BB},2010-05-28 08:39:35,VBW2813,PC-0124,6DFA57.zip,D0-CF-11-E0
file,{00000002CFDB-37B39FEF},2010-05-28 08:53:12,VBW2813,PC-0124,193F11.doc,D0-CF-11-E0
file,{00000002CFD9-15E0CF98},2010-05-28 09:27:15,VBW2813,PC-0124,A88928.doc,D0-CF-11-E0
file,{00000002CFE7-2F7E9B7F},2010-05-28 09:36:46,VBW2813,PC-0124,0DF0C1.txt,D0-CF-11-E0
file,{00000002CFD6-1C548922},2010-05-28 11:16:45,VBW2813,PC-0124,896E94.doc,D0-CF-11-E0
file,{00000002CFD4-3D0A410D},2010-05-28 11:30:17,VBW2813,PC-0124,23F1F8.pdf,D0-CF-11-E0
file,{00000002CFDE-278F1723},2010-05-28 11:48:31,VBW2813,PC-0124,4CCA0B.zip,D0-CF-11-E0
file,{00000002CFE0-200D58CC},2010-05-28 11:49:21,VBW2813,PC-0124,DFFEE7.pdf,D0-CF-11-E0
file,{00000002CFD3-1AE992FD},2010-05-28 12:10:30,VBW2813,PC-0124,9AF676.pdf,D0-CF-11-E0
file,{00000002CFE1-3FC68C5C},2010-05-28 13:04:09,VBW2813,PC-0124,5B551E.pdf,D0-CF-11-E0
file,{00000002CFD5-2474BD21},2010-05-28 13:24:18,VBW2813,PC-0124,DDC8C8.doc,D0-CF-11-E0
file,{00000002CFDC-13AA249E},2010-05-28 14:13:02,VBW2813,PC-0124,9C44F7.pdf,D0-CF-11-E0
file,{00000002CFDA-284D0FC3},2010-05-28 15:06:49,VBW2813,PC-0124,4F3C57.doc,D0-CF-11-E0
file,{00000002CFE2-347CDBF3},2010-05-28 15:54:53,VBW2813,PC-0124,33A31F.doc,D0-CF-11-E0
file,{00000002CFDF-07730893},2010-05-28 15:56:20,VBW2813,PC-0124,9CFEB5.doc,D0-CF-11-E0
file,{00000002CFE4-15EE2372},2010-05-28 16:10:41,VBW2813,PC-0124,51421A.doc,D0-CF-11-E0
file,{00000002CFE5-12C7C62B},2010-05-28 16:35:20,VBW2813,PC-0124,0CD3E7.pdf,D0-CF-11-E0
file,{00000002CFE6-0C121384},2010-05-28 17:12:22,VBW2813,PC-0124,FA3A3F.zip,D0-CF-11-E0
file,{00000002CFD7-3586A4A5},2010-05-28 17:45:40,VBW2813,PC-0124,25B601.doc,D0-CF-11-E0
file,{00000002CFF0-1EC06AB3},2010-05-31 07:21:31,VBW2813,PC-0124,ADC4DA.doc,D0-CF-11-E0
file,{00000002CFF7-2AFBA3D4},2010-05-31 08:03:10,VBW2813,PC-0124,F6A8A9.doc,D0-CF-11-E0
file,{00000002CFF2-3B3FF413},2010-05-31 08:57:50,VBW2813,PC-0124,FDA9C2.pdf,D0-CF-11-E0
file,{00000002CFE9-12C3A800},2010-05-31 08:58:34,VBW2813,PC-0124,9DBB91.doc,D0-CF-11-E0
file,{00000002CFF4-3747D2DF},2010-05-31 09:14:17,VBW2813,PC-0124,F49A00.doc,D0-CF-11-E0
file,{00000002CFF9-233B82FE},2010-05-31 09:16:11,VBW2813,PC-0124,11DBBC.zip,D0-CF-11-E0
file,{00000002CFFC-2D7765AD},2010-05-31 09:21:23,VBW2813,PC-0124,67A45E.zip,D0-CF-11-E0
file,{00000002CFEA-3F28A3E2},2010-05-31 10:31:43,VBW2813,PC-0124,6E2815.doc,D0-CF-11-E0
file,{00000002CFF6-3E22783A},2010-05-31 12:27:22,VBW2813,PC-0124,BB7A9F.doc,D0-CF-11-E0
file,{00000002CFFA-0E5EC8AC},2010-05-31 12:28:13,VBW2813,PC-0124,F1DFAA.doc,D0-CF-11-E0
file,{00000002CFE8-31AB52F0},2010-05-31 12:31:43,VBW2813,PC-0124,05D79D.zip,D0-CF-11-E0
file,{00000002CFFD-2484C552},2010-05-31 12:35:21,VBW2813,PC-0124,A9547C.zip,D0-CF-11-E0
file,{00000002CFFB-2A9BF0C6},2010-05-31 12:47:58,VBW2813,PC-0124,47E7C8.pdf,D0-CF-11-E0
file,{00000002CFF5-3EE91676},2010-05-31 13:12:04,VBW2813,PC-0124,4D3072.pdf,D0-CF-11-E0
file,{00000002CFEB-2F2516EC},2010-05-31 13:14:04,VBW2813,PC-0124,3DD6DD.doc,D0-CF-11-E0
file,{00000002CFF8-219FE53B},2010-05-31 13:29:56,VBW2813,PC-0124,35DF8C.zip,D0-CF-11-E0
file,{00000002CFF1-335A8650},2010-05-31 13:32:44,VBW2813,PC-0124,59702D.pdf,D0-CF-11-E0
file,{00000002CFEE-1D195AB8},2010-05-31 13:43:04,VBW2813,PC-0124,DC34BD.doc,D0-CF-11-E0
file,{00000002CFED-20BC3AF3},2010-05-31 13:54:08,VBW2813,PC-0124,C42B56.doc,D0-CF-11-E0
file,{00000002CFEC-37C9E491},2010-05-31 15:13:36,VBW2813,PC-0124,36E044.zip,D0-CF-11-E0
file,{00000002CFF3-1B053C73},2010-05-31 15:30:03,VBW2813,PC-0124,E0E05F.doc,D0-CF-11-E0
file,{00000002CFEF-3EE35765},2010-05-31 15:34:18,VBW2813,PC-0124,89C0D3.doc,D0-CF-11-E0
file,{00000002D001-356458C6},2010-06-01 07:24:58,VBW2813,PC-0124,6DEADD.pdf,D0-CF-11-E0
file,{00000002CFFE-33A98DBD},2010-06-01 07:57:28,VBW2813,PC-0124,7C5A3E.doc,D0-CF-11-E0
file,{00000002D006-01D077B9},2010-06-01 08:04:56,VBW2813,PC-0124,54A5C6.zip,D0-CF-11-E0
file,{00000002D008-22D0FAE0},2010-06-01 10:55:58,VBW2813,PC-0124,B78BB6.zip,D0-CF-11-E0
file,{00000002D009-11F1DD88},2010-06-01 11:46:34,VBW2813,PC-0124,56A0A3.pdf,D0-CF-11-E0
file,{00000002CFFF-337C1FF3},2010-06-01 12:25:36,VBW2813,PC-0124,778100.zip,D0-CF-11-E0
file,{00000002D000-3B6CDE16},2010-06-01 12:29:37,VBW2813,PC-0124,5A86D3.pdf,D0-CF-11-E0
file,{00000002D005-16121B96},2010-06-01 13:46:40,VBW2813,PC-0124,434CA0.doc,D0-CF-11-E0
file,{00000002D007-38E67CE2},2010-06-01 14:03:59,VBW2813,PC-0124,91391D.pdf,D0-CF-11-E0
file,{00000002D004-36119BDF},2010-06-01 16:13:29,VBW2813,PC-0124,01B47B.doc,D0-CF-11-E0
file,{00000002D003-1711C7B5},2010-06-01 16:25:00,VBW2813,PC-0124,D1C69B.doc,D0-CF-11-E0
file,{00000002D002-03CC5C77},2010-06-01 17:02:50,VBW2813,PC-0124,C01F01.zip,D0-CF-11-E0
file,{00000002D015-25FC539E},2010-06-02 07:44:00,VBW2813,PC-0124,62A269.zip,D0-CF-11-E0
file,{00000002D011-23076426},2010-06-02 08:04:05,VBW2813,PC-0124,6EC4FC.jpg,D0-CF-11-E0
file,{00000002D00D-1BE78FE4},2010-06-02 08:04:28,VBW2813,PC-0124,2DAF70.pdf,D0-CF-11-E0
file,{00000002D014-078F2B2E},2010-06-02 08:15:58,VBW2813,PC-0124,02DDAC.zip,D0-CF-11-E0
file,{00000002D00E-2FCFCAC5},2010-06-02 08:35:02,VBW2813,PC-0124,76488F.zip,D0-CF-11-E0
file,{00000002D017-192F1EC4},2010-06-02 10:04:55,VBW2813,PC-0124,25686C.doc,D0-CF-11-E0
file,{00000002D016-01B2947F},2010-06-02 12:19:47,VBW2813,PC-0124,CF1F7C.pdf,D0-CF-11-E0
file,{00000002D00F-26B3326E},2010-06-02 13:13:55,VBW2813,PC-0124,1ECEC4.zip,D0-CF-11-E0
file,{00000002D012-03A269E2},2010-06-02 13:15:15,VBW2813,PC-0124,E902D7.zip,D0-CF-11-E0
file,{00000002D013-17B08CDD},2010-06-02 13:49:47,VBW2813,PC-0124,5FBE06.zip,D0-CF-11-E0
file,{00000002D00B-226BCF9D},2010-06-02 14:53:22,VBW2813,PC-0124,702A24.doc,D0-CF-11-E0
file,{00000002D010-03F3EBAE},2010-06-02 15:51:35,VBW2813,PC-0124,E5118A.png,D0-CF-11-E0
file,{00000002D00A-3182C210},2010-06-02 16:19:22,VBW2813,PC-0124,7B572D.zip,D0-CF-11-E0
file,{00000002D00C-392088E4},2010-06-02 16:31:39,VBW2813,PC-0124,C176DC.zip,D0-CF-11-E0
file,{00000002D01C-3E11A258},2010-06-03 07:20:16,VBW2813,PC-0124,E24EA8.doc,D0-CF-11-E0
file,{00000002D027-1314DF0E},2010-06-03 07:32:32,VBW2813,PC-0124,DF0FBA.zip,D0-CF-11-E0
file,{00000002D019-1B46CEC7},2010-06-03 07:40:59,VBW2813,PC-0124,966900.pdf,D0-CF-11-E0
file,{00000002D01F-33CD09E8},2010-06-03 08:18:55,VBW2813,PC-0124,7237F4.pdf,D0-CF-11-E0
file,{00000002D028-36988B8F},2010-06-03 08:33:42,VBW2813,PC-0124,8D28F9.zip,D0-CF-11-E0
file,{00000002D01B-0555C58B},2010-06-03 08:42:13,VBW2813,PC-0124,C70AD4.pdf,D0-CF-11-E0
file,{00000002D01A-3B07B778},2010-06-03 09:16:02,VBW2813,PC-0124,81391B.doc,D0-CF-11-E0
file,{00000002D024-10C1CF6A},2010-06-03 11:34:01,VBW2813,PC-0124,49B55B.pdf,D0-CF-11-E0
file,{00000002D02B-1EE470D2},2010-06-03 12:21:14,VBW2813,PC-0124,F5DDC6.pdf,D0-CF-11-E0
file,{00000002D02A-2ECB23A0},2010-06-03 13:39:52,VBW2813,PC-0124,299C1E.pdf,D0-CF-11-E0
file,{00000002D029-05AE6B21},2010-06-03 13:55:31,VBW2813,PC-0124,134072.pdf,D0-CF-11-E0
file,{00000002D020-2071CC28},2010-06-03 14:29:12,VBW2813,PC-0124,2AD6E0.pdf,D0-CF-11-E0
file,{00000002D026-2FDCFDFE},2010-06-03 14:48:20,VBW2813,PC-0124,D91F14.doc,D0-CF-11-E0
file,{00000002D022-06741C71},2010-06-03 15:03:03,VBW2813,PC-0124,A3E0C9.doc,D0-CF-11-E0
file,{00000002D021-3139363F},2010-06-03 15:39:42,VBW2813,PC-0124,EAB73C.pdf,D0-CF-11-E0
file,{00000002D023-0675E0FF},2010-06-03 15:55:15,VBW2813,PC-0124,51FA96.doc,D0-CF-11-E0
file,{00000002D018-09A66538},2010-06-03 16:21:09,VBW2813,PC-0124,8FAEFA.zip,D0-CF-11-E0
file,{00000002D01E-331455C9},2010-06-03 16:25:53,VBW2813,PC-0124,CAD527.zip,D0-CF-11-E0
file,{00000002D01D-126B6706},2010-06-03 17:01:47,VBW2813,PC-0124,343E58.png,D0-CF-11-E0
file,{00000002D025-217838AB},2010-06-03 17:36:46,VBW2813,PC-0124,68B7CB.pdf,D0-CF-11-E0
file,{00000002D02C-2E4EAF56},2010-06-03 17:41:31,VBW2813,PC-0124,08D01C.zip,D0-CF-11-E0
file,{00000002D030-3FCFC9F0},2010-06-04 07:05:17,VBW2813,PC-0124,AF8B6F.pdf,D0-CF-11-E0
file,{00000002D032-12B450E7},2010-06-04 07:55:46,VBW2813,PC-0124,61EF2D.zip,D0-CF-11-E0
file,{00000002D02D-045BE489},2010-06-04 08:22:13,VBW2813,PC-0124,A7DF10.pdf,D0-CF-11-E0
file,{00000002D03A-03EC6662},2010-06-04 10:10:40,VBW2813,PC-0124,1C62E9.doc,D0-CF-11-E0
file,{00000002D039-0F812EA7},2010-06-04 10:15:59,VBW2813,PC-0124,2DB0BC.zip,D0-CF-11-E0
file,{00000002D02E-0DFDB9ED},2010-06-04 12:13:13,VBW2813,PC-0124,45CADA.doc,D0-CF-11-E0
file,{00000002D037-38B8559C},2010-06-04 13:21:54,VBW2813,PC-0124,0EEC7C.zip,D0-CF-11-E0
file,{00000002D03C-14B973A6},2010-06-04 14:04:51,VBW2813,PC-0124,0353C0.doc,D0-CF-11-E0
file,{00000002D02F-0637C51E},2010-06-04 14:13:33,VBW2813,PC-0124,1BB41C.pdf,D0-CF-11-E0
file,{00000002D03D-37268AEF},2010-06-04 14:28:57,VBW2813,PC-0124,7E8F97.doc,D0-CF-11-E0
file,{00000002D035-035BE58B},2010-06-04 16:30:41,VBW2813,PC-0124,BB575C.doc,D0-CF-11-E0
file,{00000002D036-23AF3675},2010-06-04 16:34:48,VBW2813,PC-0124,2F30C3.doc,D0-CF-11-E0
file,{00000002D034-2862FD3D},2010-06-04 16:57:32,VBW2813,PC-0124,8014FF.pdf,D0-CF-11-E0
file,{00000002D031-3E6D2389},2010-06-04 17:05:16,VBW2813,PC-0124,57B4D0.doc,D0-CF-11-E0
file,{00000002D03B-24EDF7AB},2010-06-04 17:11:24,VBW2813,PC-0124,6D8D72.pdf,D0-CF-11-E0
file,{00000002D033-06310DFD},2010-06-04 17:25:22,VBW2813,PC-0124,4BFD28.pdf,D0-CF-11-E0
file,{00000002D038-0973D674},2010-06-04 17:49:27,VBW2813,PC-0124,8383CA.zip,D0-CF-11-E0
file,{00000002D043-2DE7CF9B},2010-06-07 07:30:07,VBW2813,PC-0124,3FEA0E.pdf,D0-CF-11-E0
file,{00000002D050-060CDD38},2010-06-07 08:28:37,VBW2813,PC-0124,405747.jpg,D0-CF-11-E0
file,{00000002D04C-35AEC1D2},2010-06-07 08:32:23,VBW2813,PC-0124,0AA4A0.doc,D0-CF-11-E0
file,{00000002D04B-33E918C9},2010-06-07 08:50:46,VBW2813,PC-0124,470DE5.doc,D0-CF-11-E0
file,{00000002D051-24B42179},2010-06-07 09:31:43,VBW2813,PC-0124,C29DD8.doc,D0-CF-11-E0
file,{00000002D04A-3212B76E},2010-06-07 09:43:19,VBW2813,PC-0124,0C0778.doc,D0-CF-11-E0
file,{00000002D03E-02414B8C},2010-06-07 09:58:35,VBW2813,PC-0124,6DDDF0.doc,D0-CF-11-E0
file,{00000002D047-0737659C},2010-06-07 10:00:13,VBW2813,PC-0124,FCB358.doc,D0-CF-11-E0
file,{00000002D041-0210C935},2010-06-07 12:18:02,VBW2813,PC-0124,AE81F7.zip,D0-CF-11-E0
file,{00000002D049-2FB07520},2010-06-07 12:37:53,VBW2813,PC-0124,241326.doc,D0-CF-11-E0
file,{00000002D048-3388EA6D},2010-06-07 13:00:24,VBW2813,PC-0124,B618A2.zip,D0-CF-11-E0
file,{00000002D04E-12B80094},2010-06-07 14:04:40,VBW2813,PC-0124,B1E506.doc,D0-CF-11-E0
file,{00000002D046-1C7704F6},2010-06-07 14:32:54,VBW2813,PC-0124,3AB659.doc,D0-CF-11-E0
file,{00000002D040-31DD5C80},2010-06-07 14:39:59,VBW2813,PC-0124,150405.pdf,D0-CF-11-E0
file,{00000002D045-1E4FAA4C},2010-06-07 14:52:45,VBW2813,PC-0124,47DFBC.pdf,D0-CF-11-E0
file,{00000002D042-280B32FC},2010-06-07 15:01:24,VBW2813,PC-0124,AD1F77.pdf,D0-CF-11-E0
file,{00000002D03F-08A50092},2010-06-07 15:33:04,VBW2813,PC-0124,3530C6.doc,D0-CF-11-E0
file,{00000002D04D-0EBDA1D1},2010-06-07 15:37:52,VBW2813,PC-0124,2D229A.jpg,D0-CF-11-E0
file,{00000002D044-250B2D7F},2010-06-07 16:23:21,VBW2813,PC-0124,910640.pdf,D0-CF-11-E0
file,{00000002D04F-2D6DF7D6},2010-06-07 16:25:23,VBW2813,PC-0124,CA2AF5.pdf,D0-CF-11-E0
file,{00000002D054-3FF83289},2010-06-08 07:05:20,VBW2813,PC-0124,AEFA3B.zip,D0-CF-11-E0
file,{00000002D055-21B13F1C},2010-06-08 08:00:53,VBW2813,PC-0124,27AB2C.doc,D0-CF-11-E0
file,{00000002D058-1491CF58},2010-06-08 08:05:25,VBW2813,PC-0124,9A351A.zip,D0-CF-11-E0
file,{00000002D052-02A588A4},2010-06-08 08:44:50,VBW2813,PC-0124,AA427B.zip,D0-CF-11-E0
file,{00000002D05E-2723EA4D},2010-06-08 10:05:09,VBW2813,PC-0124,D47C28.zip,D0-CF-11-E0
file,{00000002D057-265E4D12},2010-06-08 10:10:30,VBW2813,PC-0124,58844E.pdf,D0-CF-11-E0
file,{00000002D05A-09D50F5C},2010-06-08 10:16:51,VBW2813,PC-0124,41E51E.zip,D0-CF-11-E0
file,{00000002D05F-150D9106},2010-06-08 10:29:56,VBW2813,PC-0124,844E84.zip,D0-CF-11-E0
file,{00000002D05C-0C816793},2010-06-08 12:21:15,VBW2813,PC-0124,B6750E.pdf,D0-CF-11-E0
file,{00000002D05D-05267519},2010-06-08 12:25:50,VBW2813,PC-0124,5F6662.zip,D0-CF-11-E0
file,{00000002D059-3ACA38ED},2010-06-08 13:03:25,VBW2813,PC-0124,102F39.zip,D0-CF-11-E0
file,{00000002D05B-0FF1BA82},2010-06-08 13:59:14,VBW2813,PC-0124,230C72.doc,D0-CF-11-E0
file,{00000002D056-0A8087F9},2010-06-08 14:27:35,VBW2813,PC-0124,958299.zip,D0-CF-11-E0
file,{00000002D061-0B2FEB64},2010-06-08 15:34:11,VBW2813,PC-0124,EBDCE1.jpg,D0-CF-11-E0
file,{00000002D053-160F2E21},2010-06-08 15:47:26,VBW2813,PC-0124,0B147C.doc,D0-CF-11-E0
file,{00000002D060-2E743215},2010-06-08 16:10:44,VBW2813,PC-0124,28DCFB.doc,D0-CF-11-E0
file,{00000002D06C-2A8A564D},2010-06-09 07:01:11,VBW2813,PC-0124,3DFC46.zip,D0-CF-11-E0
file,{00000002D068-0417D7B6},2010-06-09 07:05:53,VBW2813,PC-0124,E17F3F.zip,D0-CF-11-E0
file,{00000002D06D-0AE4CC28},2010-06-09 08:30:01,VBW2813,PC-0124,D95817.zip,D0-CF-11-E0
file,{00000002D069-12A065FA},2010-06-09 08:44:06,VBW2813,PC-0124,D9D010.zip,D0-CF-11-E0
file,{00000002D06E-0CDE40EE},2010-06-09 10:50:19,VBW2813,PC-0124,C990EC.zip,D0-CF-11-E0
file,{00000002D063-10B4242E},2010-06-09 11:49:14,VBW2813,PC-0124,F39E96.pdf,D0-CF-11-E0
file,{00000002D06B-29163BB9},2010-06-09 12:17:55,VBW2813,PC-0124,7694E4.png,D0-CF-11-E0
file,{00000002D066-307A028A},2010-06-09 12:25:34,VBW2813,PC-0124,63DA96.pdf,D0-CF-11-E0
file,{00000002D065-0BEFEBC0},2010-06-09 12:54:11,VBW2813,PC-0124,362E0A.doc,D0-CF-11-E0
file,{00000002D067-12CBE6D2},2010-06-09 14:14:29,VBW2813,PC-0124,0C0FBA.zip,D0-CF-11-E0
file,{00000002D06A-1F26F108},2010-06-09 15:26:11,VBW2813,PC-0124,D40FEF.pdf,D0-CF-11-E0
file,{00000002D062-2AA97B9D},2010-06-09 15:59:30,VBW2813,PC-0124,5A6BDC.doc,D0-CF-11-E0
file,{00000002D06F-3A2FEF7F},2010-06-09 17:06:49,VBW2813,PC-0124,484DF9.pdf,D0-CF-11-E0
file,{00000002D064-13660C25},2010-06-09 17:18:10,VBW2813,PC-0124,178C8C.pdf,D0-CF-11-E0
file,{00000002D07C-287E3203},2010-06-10 08:57:37,VBW2813,PC-0124,1A42FF.zip,D0-CF-11-E0
file,{00000002D079-322F7CF9},2010-06-10 09:01:16,VBW2813,PC-0124,F6852E.jpg,D0-CF-11-E0
file,{00000002D070-0B7EE2AD},2010-06-10 09:04:04,VBW2813,PC-0124,CF9AC2.zip,D0-CF-11-E0
file,{00000002D07E-0533DBA5},2010-06-10 09:32:56,VBW2813,PC-0124,FE23B9.txt,D0-CF-11-E0
file,{00000002D071-3EB10C8F},2010-06-10 09:35:53,VBW2813,PC-0124,257FFB.zip,D0-CF-11-E0
file,{00000002D076-2D17D7EE},2010-06-10 09:39:57,VBW2813,PC-0124,BD53B0.doc,D0-CF-11-E0
file,{00000002D07F-208D94DE},2010-06-10 11:20:28,VBW2813,PC-0124,9D06BC.doc,D0-CF-11-E0
file,{00000002D080-087BFFAB},2010-06-10 12:09:44,VBW2813,PC-0124,3462E2.zip,D0-CF-11-E0
file,{00000002D081-3DBFB4C3},2010-06-10 12:41:11,VBW2813,PC-0124,121633.png,D0-CF-11-E0
file,{00000002D082-2E94AFA4},2010-06-10 12:44:53,VBW2813,PC-0124,B8B490.pdf,D0-CF-11-E0
file,{00000002D073-393C5CC1},2010-06-10 13:50:04,VBW2813,PC-0124,71E328.zip,D0-CF-11-E0
file,{00000002D07B-0F42305C},2010-06-10 13:50:15,VBW2813,PC-0124,CF1DAF.doc,D0-CF-11-E0
file,{00000002D07A-2E1411F6},2010-06-10 14:56:45,VBW2813,PC-0124,F017C9.doc,D0-CF-11-E0
file,{00000002D07D-38B8BB3C},2010-06-10 15:01:27,VBW2813,PC-0124,B89C65.png,D0-CF-11-E0
file,{00000002D077-30AC62E1},2010-06-10 15:37:24,VBW2813,PC-0124,90EFDD.pdf,D0-CF-11-E0
file,{00000002D078-326AD8B1},2010-06-10 15:54:27,VBW2813,PC-0124,790B6B.pdf,D0-CF-11-E0
file,{00000002D074-3E6C7CC5},2010-06-10 15:56:16,VBW2813,PC-0124,6D74E6.zip,D0-CF-11-E0
file,{00000002D075-3D51820C},2010-06-10 16:35:08,VBW2813,PC-0124,435B56.zip,D0-CF-11-E0
file,{00000002D072-3C384F37},2010-06-10 16:35:52,VBW2813,PC-0124,0F5A3F.doc,D0-CF-11-E0
file,{00000002D087-25601A3C},2010-06-11 07:01:37,VBW2813,PC-0124,AC035B.zip,D0-CF-11-E0
file,{00000002D086-0B79B7DD},2010-06-11 08:45:49,VBW2813,PC-0124,1D1F37.doc,D0-CF-11-E0
file,{00000002D08E-01E5D258},2010-06-11 09:03:10,VBW2813,PC-0124,5A5DF4.pdf,D0-CF-11-E0
file,{00000002D08A-1E93A1AE},2010-06-11 10:23:36,VBW2813,PC-0124,2AB37C.zip,D0-CF-11-E0
file,{00000002D084-1617048E},2010-06-11 10:57:46,VBW2813,PC-0124,83075A.zip,D0-CF-11-E0
file,{00000002D088-04B3B94F},2010-06-11 11:06:47,VBW2813,PC-0124,DF45C5.zip,D0-CF-11-E0
file,{00000002D08B-3163646F},2010-06-11 12:38:25,VBW2813,PC-0124,16D026.doc,D0-CF-11-E0
file,{00000002D08D-0350EBCD},2010-06-11 13:58:27,VBW2813,PC-0124,42237F.zip,D0-CF-11-E0
file,{00000002D089-36B6EDF6},2010-06-11 14:25:46,VBW2813,PC-0124,E17D1B.jpg,D0-CF-11-E0
file,{00000002D08F-31888EEB},2010-06-11 15:04:07,VBW2813,PC-0124,7039D9.pdf,D0-CF-11-E0
file,{00000002D085-34024C93},2010-06-11 15:59:32,VBW2813,PC-0124,8871E8.pdf,D0-CF-11-E0
file,{00000002D08C-19546DB8},2010-06-11 16:32:56,VBW2813,PC-0124,69C93B.pdf,D0-CF-11-E0
file,{00000002D083-19AF9A82},2010-06-11 16:42:35,VBW2813,PC-0124,B2F9FE.pdf,D0-CF-11-E0
file,{00000002D096-040A9E70},2010-06-14 07:38:46,VBW2813,PC-0124,C05455.doc,D0-CF-11-E0
file,{00000002D09D-0B03231E},2010-06-14 07:48:32,VBW2813,PC-0124,CD34F1.doc,D0-CF-11-E0
file,{00000002D094-124CE316},2010-06-14 09:21:40,VBW2813,PC-0124,92A96B.pdf,D0-CF-11-E0
file,{00000002D098-0E3EC8D7},2010-06-14 09:49:12,VBW2813,PC-0124,52EBD0.doc,D0-CF-11-E0
file,{00000002D092-0DB7F382},2010-06-14 11:01:45,VBW2813,PC-0124,BCB197.zip,D0-CF-11-E0
file,{00000002D09E-1315B926},2010-06-14 11:12:32,VBW2813,PC-0124,0E2666.zip,D0-CF-11-E0
file,{00000002D097-141EACFA},2010-06-14 11:34:15,VBW2813,PC-0124,DC64AF.doc,D0-CF-11-E0
file,{00000002D09F-2764E2E9},2010-06-14 11:52:26,VBW2813,PC-0124,4872C0.txt,D0-CF-11-E0
file,{00000002D093-14132B71},2010-06-14 12:15:33,VBW2813,PC-0124,AE3E52.doc,D0-CF-11-E0
file,{00000002D09B-0023E67E},2010-06-14 12:23:20,VBW2813,PC-0124,4FFAEB.pdf,D0-CF-11-E0
file,{00000002D091-2B38A633},2010-06-14 13:34:08,VBW2813,PC-0124,65E6DC.zip,D0-CF-11-E0
file,{00000002D095-36972C00},2010-06-14 14:30:27,VBW2813,PC-0124,C1B397.zip,D0-CF-11-E0
file,{00000002D0A0-0AE3459C},2010-06-14 14:35:10,VBW2813,PC-0124,9444C5.zip,D0-CF-11-E0
file,{00000002D099-2F854A89},2010-06-14 16:27:29,VBW2813,PC-0124,F2FE2F.pdf,D0-CF-11-E0
file,{00000002D09A-326E22C7},2010-06-14 17:13:24,VBW2813,PC-0124,7ADEA9.doc,D0-CF-11-E0
file,{00000002D09C-0D84A96D},2010-06-14 17:47:18,VBW2813,PC-0124,375A51.zip,D0-CF-11-E0
file,{00000002D090-31EA10FB},2010-06-14 17:49:06,VBW2813,PC-0124,8A7D01.pdf,D0-CF-11-E0
file,{00000002D0A9-20AD065F},2010-06-15 07:00:04,VBW2813,PC-0124,FC6E89.pdf,D0-CF-11-E0
file,{00000002D0A5-1F16A046},2010-06-15 08:16:17,VBW2813,PC-0124,42CD6C.pdf,D0-CF-11-E0
file,{00000002D0A2-30937184},2010-06-15 08:37:40,VBW2813,PC-0124,951C61.pdf,D0-CF-11-E0
file,{00000002D0AA-077F2FA8},2010-06-15 09:41:16,VBW2813,PC-0124,7728F3.zip,D0-CF-11-E0
file,{00000002D0A8-09B7504C},2010-06-15 11:27:19,VBW2813,PC-0124,B9DE4C.doc,D0-CF-11-E0
file,{00000002D0AC-2847F1C5},2010-06-15 11:53:13,VBW2813,PC-0124,A36B69.pdf,D0-CF-11-E0
file,{00000002D0A7-0304E0A8},2010-06-15 12:14:20,VBW2813,PC-0124,A0C5B2.pdf,D0-CF-11-E0
file,{00000002D0A1-05FB02CE},2010-06-15 12:45:57,VBW2813,PC-0124,069619.doc,D0-CF-11-E0
file,{00000002D0A4-3FF12156},2010-06-15 14:05:22,VBW2813,PC-0124,D7D40D.doc,D0-CF-11-E0
file,{00000002D0AB-013FE399},2010-06-15 14:32:47,VBW2813,PC-0124,9E6F21.pdf,D0-CF-11-E0
file,{00000002D0AD-135ABC37},2010-06-15 16:06:33,VBW2813,PC-0124,7CEF6A.pdf,D0-CF-11-E0
file,{00000002D0A3-0991576B},2010-06-15 17:07:01,VBW2813,PC-0124,74C5C8.zip,D0-CF-11-E0
file,{00000002D0A6-2C8F393E},2010-06-15 17:15:18,VBW2813,PC-0124,58EA2C.zip,D0-CF-11-E0
file,{00000002D0B3-377F73D6},2010-06-16 07:36:43,VBW2813,PC-0124,CAFEA6.doc,D0-CF-11-E0
file,{00000002D0BA-00497601},2010-06-16 07:41:02,VBW2813,PC-0124,850615.doc,D0-CF-11-E0
file,{00000002D0B9-1D7B2D3F},2010-06-16 07:42:11,VBW2813,PC-0124,A613C3.pdf,D0-CF-11-E0
file,{00000002D0B2-0AFE89A4},2010-06-16 07:58:55,VBW2813,PC-0124,0448FD.doc,D0-CF-11-E0
file,{00000002D0BB-36F77D9B},2010-06-16 08:01:53,VBW2813,PC-0124,3C02C5.zip,D0-CF-11-E0
file,{00000002D0B6-1613CFA6},2010-06-16 09:55:52,VBW2813,PC-0124,B3F9A8.doc,D0-CF-11-E0
file,{00000002D0BC-1100CC97},2010-06-16 11:03:12,VBW2813,PC-0124,AB8940.pdf,D0-CF-11-E0
file,{00000002D0AE-04C0E8E5},2010-06-16 12:50:03,VBW2813,PC-0124,ABF32E.doc,D0-CF-11-E0
file,{00000002D0BD-1B96CF30},2010-06-16 13:03:40,VBW2813,PC-0124,FFC938.pdf,D0-CF-11-E0
file,{00000002D0B4-2A3AE9C6},2010-06-16 13:29:41,VBW2813,PC-0124,1DE19B.pdf,D0-CF-11-E0
file,{00000002D0B5-0E18DB76},2010-06-16 13:35:03,VBW2813,PC-0124,D7C30F.zip,D0-CF-11-E0
file,{00000002D0B7-3DE6F593},2010-06-16 14:10:12,VBW2813,PC-0124,4E3A52.pdf,D0-CF-11-E0
file,{00000002D0B8-3117EADD},2010-06-16 14:10:13,VBW2813,PC-0124,1B4CAB.pdf,D0-CF-11-E0
file,{00000002D0B1-2C98D5C1},2010-06-16 15:40:13,VBW2813,PC-0124,06A6CF.pdf,D0-CF-11-E0
file,{00000002D0AF-3AB34F58},2010-06-16 17:06:31,VBW2813,PC-0124,A6FFF5.doc,D0-CF-11-E0
file,{00000002D0B0-2486BB2B},2010-06-16 17:44:22,VBW2813,PC-0124,5481D7.pdf,D0-CF-11-E0
file,{00000002D0C1-2F407A96},2010-06-17 07:01:30,VBW2813,PC-0124,D5E273.pdf,D0-CF-11-E0
file,{00000002D0C0-1CAFF87B},2010-06-17 07:11:44,VBW2813,PC-0124,8EB1B9.zip,D0-CF-11-E0
file,{00000002D0C8-18BDF694},2010-06-17 07:13:26,VBW2813,PC-0124,B92432.zip,D0-CF-11-E0
file,{00000002D0BF-38309EB1},2010-06-17 07:25:10,VBW2813,PC-0124,C8CFCD.pdf,D0-CF-11-E0
file,{00000002D0CF-1A97A0BA},2010-06-17 08:02:24,VBW2813,PC-0124,24B227.doc,D0-CF-11-E0
file,{00000002D0C3-300D8570},2010-06-17 09:41:52,VBW2813,PC-0124,FF61B0.doc,D0-CF-11-E0
file,{00000002D0BE-1F9162CB},2010-06-17 09:45:56,VBW2813,PC-0124,A642B0.pdf,D0-CF-11-E0
file,{00000002D0C4-3C23746A},2010-06-17 09:51:00,VBW2813,PC-0124,F9BD3C.doc,D0-CF-11-E0
file,{00000002D0C9-3CC11B54},2010-06-17 10:14:56,VBW2813,PC-0124,1CFA06.zip,D0-CF-11-E0
file,{00000002D0C2-2D12E418},2010-06-17 10:53:04,VBW2813,PC-0124,77F80A.pdf,D0-CF-11-E0
file,{00000002D0C5-340EF451},2010-06-17 11:25:06,VBW2813,PC-0124,6E19B2.doc,D0-CF-11-E0
file,{00000002D0C7-30B6E8A2},2010-06-17 11:37:00,VBW2813,PC-0124,E842C6.pdf,D0-CF-11-E0
file,{00000002D0CD-30D54BC0},2010-06-17 13:05:16,VBW2813,PC-0124,0D3DA7.doc,D0-CF-11-E0
file,{00000002D0CA-183D79BB},2010-06-17 13:48:31,VBW2813,PC-0124,939825.doc,D0-CF-11-E0
file,{00000002D0CB-294A37A6},2010-06-17 13:51:51,VBW2813,PC-0124,8C4A4D.zip,D0-CF-11-E0
file,{00000002D0CC-2F24B7D6},2010-06-17 14:25:45,VBW2813,PC-0124,418076.doc,D0-CF-11-E0
file,{00000002D0C6-28728C34},2010-06-17 15:18:10,VBW2813,PC-0124,7320FC.doc,D0-CF-11-E0
file,{00000002D0CE-2B5E6170},2010-06-17 17:38:16,VBW2813,PC-0124,230196.pdf,D0-CF-11-E0
email,{000000061B43-2CA3153E},2010-05-18 13:02:57,VBW2813,PC-0124,38D73@aol.com,,,vbw2813@dtaa.com,147057,1,meeting notes attached
email,{000000061B41-1AEDC916},2010-05-18 14:10:29,VBW2813,PC-0124,F1CCF@hotmail.com,,,vbw2813@dtaa.com,318383,1,meeting notes attached
email,{000000061B42-05254589},2010-05-18 14:59:21,VBW2813,PC-0124,8F654@outlook.com,,,vbw2813@dtaa.com,118997,1,meeting notes attached
email,{000000061B45-2EC4163E},2010-05-19 16:08:55,VBW2813,PC-0124,823A5@gmail.com,,,vbw2813@dtaa.com,683920,4,meeting notes attached
email,{000000061B44-2FA2E944},2010-05-19 16:25:52,VBW2813,PC-0124,748EB@gmail.com,,,vbw2813@dtaa.com,482216,2,meeting notes attached
email,{000000061B46-068EFDA8},2010-05-19 16:51:47,VBW2813,PC-0124,08B07@hotmail.com,,,vbw2813@dtaa.com,749766,5,meeting notes attached
email,{000000061B47-3C0877B9},2010-05-20 14:02:02,VBW2813,PC-0124,E6AC5@hotmail.com,,,vbw2813@dtaa.com,646845,5,meeting notes attached
email,{000000061B48-0860F904},2010-05-21 16:36:45,VBW2813,PC-0124,111B1@outlook.com,,,vbw2813@dtaa.com,724554,3,meeting notes attached
email,{000000061B4A-11FC9530},2010-05-24 13:14:46,VBW2813,PC-0124,BC06D@outlook.com,,,vbw2813@dtaa.com,1445969,7,meeting notes attached
email,{000000061B49-166B5B1B},2010-05-24 17:23:25,VBW2813,PC-0124,9D4FE@hotmail.com,,,vbw2813@dtaa.com,664042,2,meeting notes attached
email,{000000061B4B-0C9186AA},2010-05-25 12:35:29,VBW2813,PC-0124,B0B8D@hotmail.com,,,vbw2813@dtaa.com,103452,2,meeting notes attached
email,{000000061B4E-11E6A2CF},2010-05-26 13:55:44,VBW2813,PC-0124,71AE1@gmail.com,,,vbw2813@dtaa.com,537373,7,meeting notes attached
email,{000000061B4C-32CD0276},2010-05-26 14:21:16,VBW2813,PC-0124,088E0@hotmail.com,,,vbw2813@dtaa.com,828203,2,meeting notes attached
email,{000000061B4D-003EF85B},2010-05-26 16:24:37,VBW2813,PC-0124,BF84B@hotmail.com,,,vbw2813@dtaa.com,265775,5,meeting notes attached
email,{000000061B4F-03947CE5},2010-05-27 10:35:19,VBW2813,PC-0124,EC8F6@aol.com,,,vbw2813@dtaa.com,170417,3,meeting notes attached
email,{000000061B52-08609BEB},2010-05-31 12:51:30,VBW2813,PC-0124,FC51E@outlook.com,,,vbw2813@dtaa.com,181167,1,meeting notes attached
email,{000000061B51-3DBFFDA0},2010-05-31 13:46:39,VBW2813,PC-0124,D4F1F@outlook.com,,,vbw2813@dtaa.com,772972,2,meeting notes attached
email,{000000061B50-14B43BC9},2010-05-31 17:55:54,VBW2813,PC-0124,DD99D@hotmail.com,,,vbw2813@dtaa.com,565349,3,meeting notes attached
email,{000000061B53-22F824A8},2010-06-01 10:58:44,VBW2813,PC-0124,F282E@gmail.com,,,vbw2813@dtaa.com,769181,3,meeting notes attached
email,{000000061B54-15A96ACC},2010-06-01 11:12:45,VBW2813,PC-0124,A80B8@gmail.com,,,vbw2813@dtaa.com,1215199,5,meeting notes attached
email,{000000061B55-31BC26FD},2010-06-02 11:32:42,VBW2813,PC-0124,oet6830@dtaa.com,,,vbw2813@dtaa.com,396462,1,meeting notes attached
email,{000000061B56-0711724E},2010-06-02 16:30:32,VBW2813,PC-0124,E6A7A@gmail.com,,,vbw2813@dtaa.com,342171,4,meeting notes attached
email,{000000061B58-3B9EE1CA},2010-06-03 12:04:21,VBW2813,PC-0124,04342@aol.com,,,vbw2813@dtaa.com,331346,2,meeting notes attached
email,{000000061B57-2D68FC40},2010-06-03 13:44:52,VBW2813,PC-0124,3A0AE@yahoo.com,,,vbw2813@dtaa.com,1525819,6,meeting notes attached
email,{000000061B5A-31C2C68F},2010-06-04 07:26:20,VBW2813,PC-0124,E49F7@aol.com,,,vbw2813@dtaa.com,840289,7,meeting notes attached
email,{000000061B59-0499FF8D},2010-06-04 08:46:42,VBW2813,PC-0124,6406A@gmail.com,,,vbw2813@dtaa.com,1132064,4,meeting notes attached
email,{000000061B5B-24F9B9FC},2010-06-07 14:24:33,VBW2813,PC-0124,14CEB@gmail.com,,,vbw2813@dtaa.com,353718,1,meeting notes attached
email,{000000061B5C-238BBE31},2010-06-08 11:02:55,VBW2813,PC-0124,19E03@hotmail.com,,,vbw2813@dtaa.com,1096548,3,meeting notes attached
email,{000000061B5D-3C51CB81},2010-06-08 11:20:03,VBW2813,PC-0124,4103F@gmail.com,,,vbw2813@dtaa.com,2093359,6,meeting notes attached
email,{000000061B5E-092F754E},2010-06-08 12:33:35,VBW2813,PC-0124,A3BAD@outlook.com,,,vbw2813@dtaa.com,817380,7,meeting notes attached
email,{000000061B60-0CC5C8B5},2010-06-09 12:18:25,VBW2813,PC-0124,1BC3D@gmail.com,,,vbw2813@dtaa.com,1602224,5,meeting notes attached
email,{000000061B5F-3650BF83},2010-06-09 14:30:13,VBW2813,PC-0124,40182@yahoo.com,,,vbw2813@dtaa.com,1008532,4,meeting notes attached
email,{000000061B61-26EC00C5},2010-06-10 10:07:23,VBW2813,PC-0124,044C8@gmail.com,,,vbw2813@dtaa.com,971994,4,meeting notes attached
email,{000000061B62-3EFA134B},2010-06-10 11:44:15,VBW2813,PC-0124,79623@gmail.com,,,vbw2813@dtaa.com,258978,1,meeting notes attached
email,{000000061B63-19B09D96},2010-06-10 14:36:45,VBW2813,PC-0124,AF3FD@outlook.com,,,vbw2813@dtaa.com,909761,4,meeting notes attached
email,{000000061B64-099C844A},2010-06-11 09:52:34,VBW2813,PC-0124,702AB@hotmail.com,,,vbw2813@dtaa.com,1279327,6,meeting notes attached
email,{000000061B67-2730E36D},2010-06-14 07:10:36,VBW2813,PC-0124,D1D5A@yahoo.com,,,vbw2813@dtaa.com,1584692,7,meeting notes attached
email,{000000061B66-2AAC1F49},2010-06-14 11:20:15,VBW2813,PC-0124,B3200@aol.com,,,vbw2813@dtaa.com,296970,1,meeting notes attached
email,{000000061B65-0FB92C06},2010-06-14 12:18:56,VBW2813,PC-0124,94D17@aol.com,,,vbw2813@dtaa.com,2103954,7,meeting notes attached
email,{000000061B68-294A9999},2010-06-15 13:39:31,VBW2813,PC-0124,3D6F5@outlook.com,,,vbw2813@dtaa.com,364339,1,meeting notes attached
email,{000000061B69-24CCEA81},2010-06-16 07:02:30,VBW2813,PC-0124,67EF6@gmail.com,,,vbw2813@dtaa.com,535256,4,meeting notes attached
http,{000000248CAA-26DFEE2D},2010-05-17 10:06:36,VBW2813,PC-0124,http://www.dropbox.com/33E591,page text
http,{000000248CAB-134F430D},2010-05-17 10:34:17,VBW2813,PC-0124,http://www.linkedin.com/09F60A,page text
http,{000000248CA9-136A08C4},2010-05-17 13:21:37,VBW2813,PC-0124,http://www.yahoo.com/3FEDC6,page text
http,{000000248CAE-238AB9C2},2010-05-18 07:53:31,VBW2813,PC-0124,http://www.dropbox.com/0B3FAE,page text
http,{000000248CAC-0F4A71B1},2010-05-18 09:58:16,VBW2813,PC-0124,http://www.monster.com/3BCDB0,page text
http,{000000248CB0-0A7A40D8},2010-05-18 12:00:11,VBW2813,PC-0124,http://www.dropbox.com/221B51,page text
http,{000000248CAF-135BCCE5},2010-05-18 12:46:59,VBW2813,PC-0124,http://www.reddit.com/0BDC9F,page text
http,{000000248CAD-1450497F},2010-05-18 15:49:31,VBW2813,PC-0124,http://www.linkedin.com/1C15C1,page text
http,{000000248CB6-178C3061},2010-05-19 07:31:44,VBW2813,PC-0124,http://www.dropbox.com/0BD13A,page text
http,{000000248CB1-248D311A},2010-05-19 08:09:02,VBW2813,PC-0124,http://www.monster.com/2F8184,page text
http,{000000248CB4-320913FD},2010-05-19 08:31:21,VBW2813,PC-0124,http://www.dropbox.com/110C3F,page text
http,{000000248CB2-1D2A48A6},2010-05-19 11:28:49,VBW2813,PC-0124,http://www.reddit.com/3747E7,page text
http,{000000248CB3-3607C642},2010-05-19 14:01:36,VBW2813,PC-0124,http://www.linkedin.com/36AFA4,page text
http,{000000248CB5-128D6063},2010-05-19 14:30:42,VBW2813,PC-0124,http://www.dropbox.com/23F6BF,page text
http,{000000248CBA-25191A82},2010-05-20 13:41:27,VBW2813,PC-0124,http://www.drive.google.com/089BB9,page text
http,{000000248CB7-201EB292},2010-05-20 16:23:37,VBW2813,PC-0124,http://www.monster.com/160F62,page text
http,{000000248CB9-296C84E9},2010-05-20 16:47:24,VBW2813,PC-0124,http://www.monster.com/1780F8,page text
http,{000000248CB8-3E2000CC},2010-05-20 17:05:54,VBW2813,PC-0124,http://www.monster.com/22C649,page text
http,{000000248CBD-12C90383},2010-05-21 08:28:51,VBW2813,PC-0124,http://www.drive.google.com/0E6655,page text
http,{000000248CBC-2ABE59E1},2010-05-21 08:39:23,VBW2813,PC-0124,http://www.nytimes.com/2C20EE,page text
http,{000000248CBE-1B18C474},2010-05-21 09:58:39,VBW2813,PC-0124,http://www.dropbox.com/204579,page text
http,{000000248CBF-05986F5D},2010-05-21 12:55:48,VBW2813,PC-0124,http://www.reddit.com/2F986C,page text
http,{000000248CC0-1402C3C7},2010-05-21 14:13:34,VBW2813,PC-0124,http://www.drive.google.com/0A2068,page text
http,{000000248CBB-2233F03F},2010-05-21 17:48:14,VBW2813,PC-0124,http://www.yahoo.com/3AAD2B,page text
http,{000000248CC3-37658565},2010-05-24 07:20:30,VBW2813,PC-0124,http://www.wikipedia.org/126C35,page text
http,{000000248CC1-242E67FB},2010-05-24 14:28:44,VBW2813,PC-0124,http://www.monster.com/10F20E,page text
http,{000000248CC2-03B4FE34},2010-05-24 14:43:43,VBW2813,PC-0124,http://www.monster.com/3C3766,page text
http,{000000248CC4-34A6D65D},2010-05-24 16:11:56,VBW2813,PC-0124,http://www.wikipedia.org/1C2517,page text
http,{000000248CC7-074B642B},2010-05-25 09:29:12,VBW2813,PC-0124,http://www.dropbox.com/28D18A,page text
http,{000000248CC6-17CC3B5B},2010-05-25 12:52:28,VBW2813,PC-0124,http://www.espn.com/146BE8,page text
http,{000000248CCA-3094E1D3},2010-05-25 13:11:07,VBW2813,PC-0124,http://www.monster.com/11065D,page text
http,{000000248CC9-0E162222},2010-05-25 13:13:12,VBW2813,PC-0124,http://www.monster.com/1B6991,page text
http,{000000248CCB-31C902F5},2010-05-25 13:49:19,VBW2813,PC-0124,http://www.linkedin.com/14DB42,page text
http,{000000248CC8-20256211},2010-05-25 14:52:26,VBW2813,PC-0124,http://www.dropbox.com/14584D,page text
http,{000000248CC5-15674A56},2010-05-25 14:54:44,VBW2813,PC-0124,http://www.drive.google.com/0E75C9,page text
http,{000000248CCC-197B1BED},2010-05-25 15:26:35,VBW2813,PC-0124,http://www.weather.com/177BDE,page text
http,{000000248CCD-30965E86},2010-05-25 17:21:26,VBW2813,PC-0124,http://www.drive.google.com/182038,page text
http,{000000248CD3-02252516},2010-05-26 07:15:31,VBW2813,PC-0124,http://www.weather.com/34856E,page text
http,{000000248CCF-0E827542},2010-05-26 09:16:45,VBW2813,PC-0124,http://www.drive.google.com/15D061,page text
http,{000000248CD1-3123C5FE},2010-05-26 09:20:30,VBW2813,PC-0124,http://www.dropbox.com/1FD2AA,page text
http,{000000248CCE-1CCBFC64},2010-05-26 13:26:42,VBW2813,PC-0124,http://www.linkedin.com/11497E,page text
http,{000000248CD2-242D7122},2010-05-26 13:52:24,VBW2813,PC-0124,http://www.linkedin.com/0762C9,page text
http,{000000248CD0-24AB281E},2010-05-26 16:54:24,VBW2813,PC-0124,http://www.monster.com/2BBB37,page text
http,{000000248CD6-0FC2C0A6},2010-05-27 09:16:25,VBW2813,PC-0124,http://www.monster.com/3C00A3,page text
http,{000000248CD4-20F42FAC},2010-05-27 12:30:35,VBW2813,PC-0124,http://www.nytimes.com/06B5EA,page text
http,{000000248CD5-0607CB9A},2010-05-27 15:47:58,VBW2813,PC-0124,http://www.dropbox.com/37551C,page text
http,{000000248CD7-3E557629},2010-05-27 16:32:52,VBW2813,PC-0124,http://www.dropbox.com/3B6FF0,page text
http,{000000248CDC-0A6578CF},2010-05-28 08:41:24,VBW2813,PC-0124,http://www.drive.google.com/09AF7D,page text
http,{000000248CD9-1923C6DB},2010-05-28 10:00:38,VBW2813,PC-0124,http://www.reddit.com/2DFA7E,page text
http,{000000248CDE-3BE7C4C4},2010-05-28 10:33:22,VBW2813,PC-0124,http://www.dropbox.com/25F225,page text
http,{000000248CE0-248ED31E},2010-05-28 10:48:34,VBW2813,PC-0124,http://www.monster.com/1446CF,page text
http,{000000248CD8-16009535},2010-05-28 13:29:04,VBW2813,PC-0124,http://www.linkedin.com/10CF03,page text
http,{000000248CDD-1DBBF484},2010-05-28 15:04:38,VBW2813,PC-0124,http://www.monster.com/3292FC,page text
http,{000000248CDA-3F5F7013},2010-05-28 15:19:53,VBW2813,PC-0124,http://www.linkedin.com/26B761,page text
http,{000000248CDB-18A3CF53},2010-05-28 16:28:19,VBW2813,PC-0124,http://www.drive.google.com/228433,page text
http,{000000248CDF-3D8F9C40},2010-05-28 16:57:31,VBW2813,PC-0124,http://www.monster.com/13E3F2,page text
http,{000000248CE1-37E3A660},2010-05-28 17:06:57,VBW2813,PC-0124,http://www.linkedin.com/20DEE1,page text
http,{000000248CE5-1C7CEB29},2010-05-31 13:11:43,VBW2813,PC-0124,http://www.dropbox.com/3A36C3,page text
http,{000000248CE7-37B242C1},2010-05-31 14:32:12,VBW2813,PC-0124,http://www.drive.google.com/352E84,page text
http,{000000248CE6-0962E55F},2010-05-31 15:49:25,VBW2813,PC-0124,http://www.linkedin.com/1FF21F,page text
http,{000000248CE2-0346963B},2010-05-31 17:02:14,VBW2813,PC-0124,http://www.monster.com/144BC9,page text
http,{000000248CE4-23EB6874},2010-05-31 17:31:35,VBW2813,PC-0124,http://www.linkedin.com/024B10,page text
http,{000000248CE3-2AD381BE},2010-05-31 17:39:35,VBW2813,PC-0124,http://www.linkedin.com/0F586F,page text
http,{000000248CE8-309BACA3},2010-06-01 07:02:10,VBW2813,PC-0124,http://www.drive.google.com/316B61,page text
http,{000000248CEE-040A7710},2010-06-01 07:11:45,VBW2813,PC-0124,http://www.stackoverflow.com/0B00AF,page text
http,{000000248CEA-3794CD2F},2010-06-01 07:41:52,VBW2813,PC-0124,http://www.linkedin.com/24B73D,page text
http,{000000248CEC-205BC4A9},2010-06-01 09:04:34,VBW2813,PC-0124,http://www.linkedin.com/339CC2,page text
http,{000000248CEF-26E8740B},2010-06-01 10:07:28,VBW2813,PC-0124,http://www.dropbox.com/0D857A,page text
http,{000000248CED-2B083995},2010-06-01 12:19:48,VBW2813,PC-0124,http://www.dropbox.com/0C524F,page text
http,{000000248CE9-03706AF2},2010-06-01 14:25:18,VBW2813,PC-0124,http://www.monster.com/2B0F6F,page text
http,{000000248CEB-09AC5748},2010-06-01 15:33:44,VBW2813,PC-0124,http://www.yahoo.com/3C9263,page text
http,{000000248CF1-2184554E},2010-06-01 16:47:28,VBW2813,PC-0124,http://www.drive.google.com/29BC0C,page text
http,{000000248CF0-0ED40124},2010-06-01 17:31:34,VBW2813,PC-0124,http://www.drive.google.com/17ED1B,page text
http,{000000248CF5-05435F6B},2010-06-02 09:02:05,VBW2813,PC-0124,http://www.drive.google.com/3B138C,page text
http,{000000248CF4-25E51A74},2010-06-02 11:18:26,VBW2813,PC-0124,http://www.dropbox.com/070353,page text
http,{000000248CF2-373D8046},2010-06-02 14:57:45,VBW2813,PC-0124,http://www.amazon.com/30083B,page text
http,{000000248CF3-3DC29D1A},2010-06-02 15:46:00,VBW2813,PC-0124,http://www.drive.google.com/2C2104,page text
http,{000000248CF6-2901B28E},2010-06-03 09:30:16,VBW2813,PC-0124,http://www.linkedin.com/19A386,page text
http,{000000248CF7-25C4A549},2010-06-03 15:43:52,VBW2813,PC-0124,http://www.monster.com/3D25CB,page text
http,{000000248CF8-169418F3},2010-06-04 07:53:48,VBW2813,PC-0124,http://www.monster.com/3CD16E,page text
http,{000000248CFB-044BCE15},2010-06-04 09:13:25,VBW2813,PC-0124,http://www.monster.com/2C5A8E,page text
http,{000000248CF9-10F43FBC},2010-06-04 12:41:11,VBW2813,PC-0124,http://www.drive.google.com/1A8363,page text
http,{000000248CFA-2B067CB2},2010-06-04 16:49:33,VBW2813,PC-0124,http://www.dropbox.com/20CE09,page text
http,{000000248CFC-328C29A1},2010-06-07 07:54:48,VBW2813,PC-0124,http://www.linkedin.com/10025E,page text
http,{000000248CFD-24E8CCDB},2010-06-08 08:02:10,VBW2813,PC-0124,http://www.yahoo.com/168EFE,page text
http,{000000248CFE-271C0CEA},2010-06-08 10:50:31,VBW2813,PC-0124,http://www.monster.com/340EF5,page text
http,{000000248D01-100AB34F},2010-06-09 07:20:50,VBW2813,PC-0124,http://www.cnn.com/009E8F,page text
http,{000000248D09-0381B255},2010-06-09 08:23:46,VBW2813,PC-0124,http://www.yahoo.com/10C263,page text
http,{000000248D0A-13A242D8},2010-06-09 09:19:46,VBW2813,PC-0124,http://www.dropbox.com/0462B6,page text
http,{000000248D07-0F15553D},2010-06-09 09:42:55,VBW2813,PC-0124,http://www.linkedin.com/0ED6FD,page text
http,{000000248D04-056F7057},2010-06-09 09:46:54,VBW2813,PC-0124,http://www.monster.com/0C46C6,page text
http,{000000248D00-09630EAE},2010-06-09 10:10:58,VBW2813,PC-0124,http://www.github.com/26E062,page text
http,{000000248D02-01B9F575},2010-06-09 12:31:10,VBW2813,PC-0124,http://www.linkedin.com/190D08,page text
http,{000000248D08-1906955E},2010-06-09 15:23:08,VBW2813,PC-0124,http://www.dropbox.com/082A39,page text
http,{000000248D06-38BBFF6E},2010-06-09 15:32:02,VBW2813,PC-0124,http://www.cnn.com/3F81A1,page text
http,{000000248D03-1580CD7D},2010-06-09 15:38:17,VBW2813,PC-0124,http://www.drive.google.com/2E561C,page text
http,{000000248CFF-354762B5},2010-06-09 15:48:14,VBW2813,PC-0124,http://www.wikipedia.org/2C1166,page text
http,{000000248D05-0DBFDCCB},2010-06-09 16:24:13,VBW2813,PC-0124,http://www.drive.google.com/320789,page text
http,{000000248D0E-2240F1B9},2010-06-10 09:54:36,VBW2813,PC-0124,http://www.stackoverflow.com/088859,page text
http,{000000248D0B-320AF09D},2010-06-10 11:39:29,VBW2813,PC-0124,http://www.dropbox.com/135392,page text
http,{000000248D0C-0FFA3B81},2010-06-10 14:06:32,VBW2813,PC-0124,http://www.linkedin.com/151E12,page text
http,{000000248D0D-1890C82A},2010-06-10 14:58:11,VBW2813,PC-0124,http://www.linkedin.com/2540B3,page text
http,{000000248D0F-16096599},2010-06-11 08:37:47,VBW2813,PC-0124,http://www.monster.com/128E8A,page text
http,{000000248D13-3F0A8118},2010-06-11 10:13:15,VBW2813,PC-0124,http://www.drive.google.com/279B6D,page text
http,{000000248D10-023636F1},2010-06-11 11:37:48,VBW2813,PC-0124,http://www.dropbox.com/09F204,page text
http,{000000248D12-13E0B8DF},2010-06-11 13:15:20,VBW2813,PC-0124,http://www.linkedin.com/3A11B0,page text
http,{000000248D11-16A58746},2010-06-11 16:00:29,VBW2813,PC-0124,http://www.linkedin.com/29D190,page text
http,{000000248D14-309A77DD},2010-06-14 12:20:32,VBW2813,PC-0124,http://www.weather.com/0763B8,page text
http,{000000248D15-31E59FC6},2010-06-14 14:30:41,VBW2813,PC-0124,http://www.amazon.com/1C2793,page text
http,{000000248D17-2ED9D2A0},2010-06-15 10:12:28,VBW2813,PC-0124,http://www.monster.com/2B7FE9,page text
http,{000000248D16-059AA8F4},2010-06-15 17:53:36,VBW2813,PC-0124,http://www.monster.com/21823E,page text
http,{000000248D19-2CAE5E3F},2010-06-16 10:53:16,VBW2813,PC-0124,http://www.stackoverflow.com/12A722,page text
http,{000000248D1A-2A510D2A},2010-06-16 11:13:11,VBW2813,PC-0124,http://www.dropbox.com/1ABD1B,page text
http,{000000248D1B-0EDB1B35},2010-06-16 11:30:47,VBW2813,PC-0124,http://www.monster.com/1D72F8,page text
http,{000000248D18-10070DE5},2010-06-16 15:09:10,VBW2813,PC-0124,http://www.monster.com/2A9FE2,page text
http,{000000248D1E-31B7E2B9},2010-06-17 07:54:15,VBW2813,PC-0124,http://www.linkedin.com/10F794,page text
http,{000000248D20-2E8A14D1},2010-06-17 12:46:09,VBW2813,PC-0124,http://www.nytimes.com/043EB5,page text
http,{000000248D1D-122C519C},2010-06-17 15:02:02,VBW2813,PC-0124,http://www.dropbox.com/2D931D,page text
http,{000000248D1C-3621F787},2010-06-17 15:30:31,VBW2813,PC-0124,http://www.nytimes.com/062EBA,page text
http,{000000248D1F-2612BE4D},2010-06-17 16:45:50,VBW2813,PC-0124,http://www.monster.com/11A8BB,page text
