logon_count,off_hours_logons,distinct_pcs,usb_connects,off_hours_usb,files_copied_to_usb,sensitive_files_to_usb,total_emails_sent,external_emails_sent,total_attachments,total_email_size,http_requests,cloud_job_visits,role_encoded,department_encoded,supervisor_encoded,user,day,is_insider,historical_events_proxy
1,1,1,0.0,0.0,0.0,0.0,9.0,7.0,4.0,275166.0,95.0,0.0,24,5,38,RVC0232,2011-01-21,0,1161.0
1,0,1,0.0,0.0,0.0,0.0,15.0,13.0,0.0,413368.0,162.0,1.0,32,10,67,NNA0610,2010-10-25,0,1536.0
2,0,1,0.0,0.0,0.0,0.0,15.0,3.0,8.0,439131.0,162.0,0.0,32,10,46,RZC0746,2011-01-11,0,2002.0
2,0,1,0.0,0.0,0.0,0.0,2.0,2.0,0.0,59232.0,10.0,0.0,30,12,50,GCG0951,2011-01-20,0,101.0
1,0,1,1.0,0.0,1.0,1.0,9.0,8.0,2.0,316472.0,104.0,0.0,14,14,28,NWT0098,2011-02-08,1,1612.0
2,0,1,0.0,0.0,0.0,0.0,14.0,9.0,13.0,374644.0,143.0,1.0,22,16,58,LRR0148,2011-02-23,0,2764.0
2,0,1,2.0,0.0,0.0,0.0,9.0,3.0,2.0,241228.0,95.0,2.0,11,13,66,JJM0203,2010-03-17,0,252.0
1,1,1,0.0,0.0,0.0,0.0,9.0,7.0,1.0,301254.0,95.0,0.0,33,5,45,TSM0927,2010-05-11,0,420.0
1,0,1,4.0,0.0,2.0,1.0,9.0,0.0,1.0,307127.0,103.0,5.0,14,14,28,NWT0098,2011-02-18,1,1673.0
1,0,1,0.0,0.0,0.0,0.0,14.0,2.0,6.0,407981.0,143.0,2.0,22,21,24,CCW0031,2011-04-07,0,1732.0
2,1,1,0.0,0.0,0.0,0.0,10.0,8.0,6.0,292540.0,95.0,0.0,28,5,45,JMC0925,2010-07-01,0,511.0
1,1,1,0.0,0.0,0.0,0.0,3.0,3.0,0.0,71432.0,29.0,0.0,39,15,11,JML0909,2011-03-01,0,661.0
1,1,1,5.0,0.0,5.0,5.0,9.0,1.0,5.0,273386.0,95.0,0.0,10,14,49,DIB0285,2010-09-10,1,1064.0
1,0,1,0.0,0.0,0.0,0.0,9.0,1.0,3.0,244513.0,95.0,0.0,40,14,15,MBG0438,2010-06-17,0,400.0
2,0,1,2.0,0.0,5.0,5.0,15.0,1.0,26.0,388472.0,162.0,0.0,32,10,67,MTB0620,2010-08-24,0,1728.0
1,1,1,0.0,0.0,0.0,0.0,10.0,1.0,5.0,347080.0,90.0,0.0,25,14,49,HGN0287,2011-05-11,0,1284.0
1,0,1,0.0,0.0,0.0,0.0,9.0,1.0,0.0,273736.0,95.0,5.0,28,5,36,BMC0547,2010-10-04,0,895.0
2,0,1,3.0,0.0,12.0,10.0,9.0,1.0,8.0,291815.0,95.0,4.0,25,14,33,DIB0081,2010-03-31,0,689.0
1,0,1,0.0,0.0,0.0,0.0,9.0,5.0,0.0,247780.0,95.0,7.0,28,5,53,AAF0791,2011-01-05,0,1201.0
1,0,1,0.0,0.0,0.0,0.0,9.0,5.0,2.0,260877.0,95.0,7.0,25,14,33,HAH0248,2011-03-04,0,691.0
1,0,1,0.0,0.0,0.0,0.0,1.0,0.0,1.0,33058.0,10.0,0.0,30,12,4,BHW0458,2010-05-24,0,89.0
1,0,1,0.0,0.0,0.0,0.0,3.0,0.0,0.0,103344.0,29.0,3.0,3,12,20,ABH0663,2010-06-18,0,144.0
2,1,1,0.0,0.0,0.0,0.0,3.0,1.0,0.0,99134.0,27.0,4.0,39,15,29,MHH0180,2010-01-07,0,6.0
2,0,1,0.0,0.0,0.0,0.0,9.0,1.0,2.0,305256.0,95.0,0.0,11,18,42,AHC0142,2011-01-01,0,959.0
1,0,1,0.0,0.0,0.0,0.0,3.0,3.0,0.0,78395.0,29.0,0.0,39,15,12,CCW0524,2010-04-30,0,76.0
6,8,5,5.0,3.0,10.0,9.0,11.0,9.0,6.0,283176.0,116.0,1.0,17,21,25,MOS0047,2010-08-05,1,2759.0
1,1,1,0.0,0.0,0.0,0.0,1.0,0.0,0.0,29558.0,10.0,0.0,30,12,3,ADD0846,2011-04-08,0,440.0
1,0,1,1.0,0.0,3.0,3.0,9.0,1.0,5.0,293522.0,102.0,10.0,14,14,28,NWT0098,2011-03-01,1,1708.0
1,0,1,0.0,0.0,0.0,0.0,15.0,6.0,4.0,469025.0,162.0,0.0,32,10,67,LEM0605,2010-08-20,0,1134.0
1,0,1,7.0,0.0,3.0,2.0,1.0,1.0,0.0,19977.0,10.0,0.0,30,12,50,HXL0968,2010-10-28,1,537.0
1,0,1,2.0,0.0,0.0,0.0,9.0,2.0,4.0,322252.0,98.0,2.0,14,14,28,NWT0098,2011-02-16,1,1662.0
1,1,1,0.0,0.0,0.0,0.0,9.0,7.0,4.0,257149.0,95.0,0.0,35,11,39,CBG0398,2010-04-13,0,339.0
2,1,2,0.0,0.0,0.0,0.0,3.0,2.0,2.0,58422.0,29.0,0.0,39,15,29,SJC0333,2010-03-29,0,128.0
1,0,1,0.0,0.0,0.0,0.0,1.0,1.0,0.0,28437.0,10.0,0.0,30,12,54,ILR0304,2010-12-17,0,253.0
7,8,6,8.0,4.0,7.0,6.0,11.0,3.0,6.0,310664.0,116.0,0.0,17,21,25,MOS0047,2010-07-30,1,2687.0
1,0,1,0.0,0.0,0.0,0.0,9.0,4.0,1.0,286921.0,90.0,2.0,6,11,61,DRR0242,2011-01-07,0,1145.0
2,0,1,3.0,0.0,2.0,2.0,9.0,7.0,3.0,289022.0,95.0,8.0,7,14,28,CIM0271,2011-01-04,0,1542.0
1,0,1,0.0,0.0,0.0,0.0,15.0,4.0,12.0,412873.0,162.0,0.0,32,10,46,RGH0728,2010-07-07,0,755.0
1,0,1,0.0,0.0,0.0,0.0,15.0,4.0,20.0,475297.0,162.0,0.0,32,10,34,BMS0877,2010-05-17,0,431.0
0,1,1,0.0,0.0,0.0,0.0,0.0,0.0,0.0,0.0,0.0,0.0,32,10,34,FGW0853,2010-04-17,0,399.0
2,0,1,0.0,0.0,0.0,0.0,9.0,6.0,6.0,289871.0,95.0,13.0,25,14,33,ARA0252,2010-06-18,0,402.0
1,0,1,0.0,0.0,0.0,0.0,9.0,0.0,0.0,346325.0,95.0,10.0,25,14,33,MHG0244,2010-10-15,0,764.0
2,0,1,0.0,0.0,0.0,0.0,13.0,1.0,7.0,363597.0,143.0,0.0,34,21,17,NWK0215,2010-12-06,0,1744.0
2,0,1,0.0,0.0,0.0,0.0,1.0,1.0,0.0,29235.0,10.0,0.0,30,12,1,MNC0717,2010-05-17,0,21.0
1,1,1,6.0,0.0,5.0,5.0,12.0,2.0,2.0,332544.0,114.0,1.0,1,5,38,AKR0057,2010-11-15,1,1587.0
1,0,1,2.0,0.0,0.0,0.0,15.0,10.0,5.0,429248.0,171.0,2.0,32,10,7,XHW0498,2010-08-23,1,1483.0
1,0,1,1.0,0.0,5.0,5.0,17.0,6.0,0.0,495201.0,168.0,2.0,32,10,7,KRL0501,2010-12-15,1,1814.0
1,1,1,0.0,0.0,0.0,0.0,3.0,2.0,0.0,110933.0,29.0,0.0,39,15,35,AGB0643,2010-12-14,0,588.0
1,0,1,0.0,0.0,0.0,0.0,11.0,7.0,4.0,348129.0,114.0,2.0,4,13,66,QNF0205,2010-11-18,0,993.0
1,0,1,0.0,0.0,0.0,0.0,9.0,5.0,0.0,268284.0,95.0,4.0,37,14,28,SGS0268,2010-02-19,0,104.0
1,0,1,0.0,0.0,0.0,0.0,1.0,1.0,0.0,32156.0,10.0,0.0,30,12,1,CJH0702,2010-11-16,0,73.0
2,1,1,0.0,0.0,0.0,0.0,10.0,2.0,4.0,268891.0,114.0,0.0,1,14,19,AJD0074,2010-07-18,0,854.0
1,0,1,0.0,0.0,0.0,0.0,14.0,0.0,0.0,424954.0,143.0,0.0,34,21,17,ASS0206,2010-04-01,0,378.0
1,0,1,0.0,0.0,0.0,0.0,9.0,1.0,0.0,232643.0,95.0,5.0,23,14,0,TEM0093,2010-04-23,0,291.0
1,1,1,0.0,0.0,0.0,0.0,1.0,0.0,0.0,48179.0,10.0,0.0,30,12,54,CLS0296,2010-01-12,0,5.0
2,1,2,1.0,0.0,0.0,0.0,9.0,9.0,10.0,280834.0,95.0,0.0,35,11,39,VCC0396,2010-10-20,0,2006.0
1,0,1,0.0,0.0,0.0,0.0,16.0,0.0,16.0,472810.0,143.0,2.0,22,21,24,FAW0032,2010-07-15,1,650.0
2,0,1,1.0,0.0,0.0,0.0,14.0,9.0,13.0,408636.0,162.0,0.0,32,10,34,QOS0878,2010-04-09,0,510.0
3,3,1,0.0,0.0,0.0,0.0,9.0,7.0,4.0,291701.0,95.0,14.0,35,11,39,AIP0394,2010-08-10,0,683.0
1,0,1,0.0,0.0,0.0,0.0,1.0,1.0,0.0,16009.0,10.0,0.0,30,12,4,GZB0469,2010-08-31,0,131.0
1,0,1,0.0,0.0,0.0,0.0,9.0,4.0,8.0,237291.0,95.0,0.0,35,11,14,RRA0938,2011-01-25,0,532.0
3,1,2,0.0,0.0,0.0,0.0,1.0,1.0,0.0,20215.0,10.0,0.0,30,12,54,KJJ0293,2010-11-24,0,520.0
1,1,1,0.0,0.0,0.0,0.0,14.0,3.0,3.0,444441.0,143.0,5.0,20,5,57,HIW0536,2011-05-03,0,2057.0
1,0,1,0.0,0.0,0.0,0.0,11.0,4.0,5.0,332556.0,114.0,0.0,16,6,10,FRB0023,2010-06-24,0,698.0
1,0,1,0.0,0.0,0.0,0.0,1.0,0.0,0.0,23746.0,12.0,0.0,30,12,54,PNL0301,2010-06-17,1,311.0
1,0,1,0.0,0.0,0.0,0.0,15.0,1.0,0.0,392468.0,162.0,0.0,32,10,7,CKB0482,2010-11-03,0,1535.0
3,2,1,0.0,0.0,0.0,0.0,3.0,2.0,5.0,88562.0,29.0,0.0,39,15,11,SED0886,2010-10-14,0,479.0
2,0,1,1.0,0.0,1.0,1.0,8.0,4.0,10.0,300726.0,90.0,0.0,24,5,41,MPT0376,2010-05-18,0,589.0
2,0,1,0.0,0.0,0.0,0.0,9.0,9.0,1.0,305995.0,95.0,3.0,25,14,33,TEB0251,2010-12-01,0,759.0
1,1,1,0.0,0.0,0.0,0.0,9.0,0.0,1.0,221722.0,95.0,0.0,40,14,49,OKC0107,2010-08-05,0,683.0
1,1,1,0.0,0.0,0.0,0.0,14.0,2.0,1.0,442677.0,143.0,0.0,22,11,59,JBM0350,2011-02-14,0,1846.0
1,1,1,0.0,0.0,0.0,0.0,3.0,1.0,1.0,73633.0,29.0,0.0,39,15,35,HTF0641,2010-08-30,0,360.0
1,1,1,0.0,0.0,0.0,0.0,3.0,1.0,0.0,97867.0,29.0,1.0,39,15,11,MFV0897,2011-03-09,0,644.0
2,0,1,3.0,0.0,6.0,5.0,9.0,1.0,3.0,269527.0,95.0,0.0,10,14,22,DMK0257,2010-10-06,0,1244.0
1,0,1,0.0,0.0,0.0,0.0,11.0,7.0,1.0,315029.0,114.0,0.0,1,14,0,LDB0090,2010-05-06,0,443.0
1,0,1,0.0,0.0,0.0,0.0,11.0,4.0,9.0,341281.0,114.0,0.0,1,22,58,GRC0145,2010-01-28,0,86.0
2,0,1,0.0,0.0,0.0,0.0,36.0,15.0,2.0,1091142.0,400.0,0.0,29,22,60,MSS0001,2010-06-01,0,1835.0
1,0,1,0.0,0.0,0.0,0.0,9.0,0.0,2.0,281463.0,95.0,1.0,6,11,56,DOP0562,2010-03-19,0,213.0
2,1,1,0.0,0.0,0.0,0.0,9.0,6.0,7.0,284884.0,95.0,2.0,35,11,51,IWM0816,2010-02-26,0,110.0
1,1,1,7.0,0.0,25.0,22.0,14.0,6.0,5.0,382901.0,143.0,0.0,22,11,59,VIA0063,2010-05-20,0,2636.0
2,0,1,2.0,0.0,4.0,4.0,1.0,1.0,0.0,50345.0,16.0,0.0,30,12,50,TNM0961,2010-10-15,1,438.0
1,0,1,0.0,0.0,0.0,0.0,15.0,11.0,0.0,400721.0,162.0,0.0,32,10,46,JOM0750,2010-05-19,0,722.0
1,1,1,0.0,0.0,0.0,0.0,9.0,0.0,0.0,310236.0,95.0,2.0,6,11,51,NKH0807,2011-03-31,0,1010.0
1,0,1,0.0,0.0,0.0,0.0,10.0,5.0,3.0,280945.0,95.0,0.0,33,5,52,ESJ0670,2010-10-09,0,2924.0
1,1,1,0.0,0.0,0.0,0.0,9.0,7.0,0.0,255051.0,95.0,0.0,24,5,38,UCS0227,2010-01-14,0,32.0
1,1,1,0.0,0.0,0.0,0.0,9.0,2.0,3.0,255157.0,95.0,0.0,26,20,2,KVT0028,2010-08-06,0,631.0
1,1,1,0.0,0.0,0.0,0.0,1.0,1.0,0.0,34806.0,10.0,0.0,30,12,54,IJM0139,2010-04-30,0,80.0
2,0,1,2.0,0.0,12.0,11.0,1.0,0.0,0.0,26671.0,10.0,0.0,30,12,54,FEB0306,2011-01-27,0,1069.0
2,1,1,1.0,0.0,3.0,3.0,9.0,4.0,5.0,304117.0,95.0,2.0,18,1,30,KCO0122,2010-08-06,0,1555.0
1,1,1,2.0,0.0,3.0,3.0,1.0,0.0,0.0,23550.0,101.0,1.0,10,14,49,DIB0285,2010-08-18,1,941.0
2,0,1,1.0,0.0,0.0,0.0,1.0,0.0,0.0,25338.0,13.0,0.0,30,12,50,TNM0961,2010-10-29,1,473.0
2,0,1,2.0,0.0,26.0,22.0,9.0,1.0,1.0,301012.0,95.0,9.0,28,5,36,RRC0553,2010-02-20,0,861.0
2,0,1,0.0,0.0,0.0,0.0,15.0,2.0,0.0,428942.0,172.0,1.0,32,10,47,ABC0174,2010-10-28,1,2113.0
1,1,1,0.0,0.0,0.0,0.0,9.0,8.0,4.0,224597.0,95.0,4.0,35,11,39,FSB0399,2010-10-04,0,885.0
1,1,1,0.0,0.0,0.0,0.0,1.0,1.0,4.0,16518.0,10.0,0.0,30,12,4,HDJ0446,2010-11-23,0,170.0
1,0,1,0.0,0.0,0.0,0.0,14.0,1.0,3.0,431952.0,143.0,0.0,34,21,17,JRG0207,2010-06-25,0,417.0
2,0,1,2.0,0.0,1.0,1.0,15.0,9.0,5.0,447661.0,162.0,0.0,32,10,47,BBG0325,2010-08-26,0,1127.0
2,1,2,2.0,0.0,7.0,6.0,1.0,0.0,0.0,32209.0,10.0,0.0,30,12,65,JHP0583,2010-07-13,0,802.0
2,0,1,1.0,0.0,6.0,6.0,10.0,8.0,4.0,350509.0,114.0,0.0,1,14,19,AJD0074,2010-02-18,0,187.0
1,1,1,0.0,0.0,0.0,0.0,14.0,1.0,9.0,376500.0,143.0,0.0,22,8,58,VMJ0147,2010-12-22,0,1542.0
1,0,1,0.0,0.0,0.0,0.0,6.0,3.0,6.0,209918.0,38.0,1.0,39,15,12,AAF0535,2010-07-09,1,328.0
3,1,2,1.0,1.0,0.0,0.0,9.0,0.0,3.0,273526.0,97.0,0.0,18,1,30,RHL0992,2010-07-15,1,861.0
2,0,1,0.0,0.0,0.0,0.0,14.0,3.0,13.0,409878.0,153.0,7.0,32,10,34,ATE0869,2011-02-17,0,3160.0
2,0,1,0.0,0.0,0.0,0.0,14.0,1.0,8.0,408141.0,162.0,0.0,32,10,46,RHO0732,2010-03-03,0,249.0
1,0,1,1.0,0.0,5.0,4.0,9.0,7.0,5.0,222895.0,101.0,4.0,11,13,66,JJM0203,2010-09-27,1,886.0
1,1,1,5.0,1.0,8.0,6.0,8.0,7.0,3.0,255555.0,95.0,1.0,35,11,39,IKR0401,2011-02-17,1,1724.0
2,0,1,0.0,0.0,0.0,0.0,1.0,0.0,0.0,27559.0,9.0,0.0,30,12,54,CCM0136,2011-02-25,0,364.0
1,1,1,2.0,0.0,5.0,3.0,3.0,1.0,0.0,77846.0,31.0,5.0,39,15,35,CQW0652,2011-02-24,1,1254.0
1,0,1,1.0,0.0,0.0,0.0,3.0,2.0,3.0,86439.0,15.0,3.0,30,12,50,HXL0968,2010-09-20,1,425.0
2,0,1,0.0,0.0,0.0,0.0,13.0,3.0,7.0,390976.0,162.0,4.0,32,10,67,DMM0623,2011-03-11,0,1725.0
1,1,1,0.0,0.0,0.0,0.0,3.0,3.0,0.0,72162.0,29.0,4.0,39,15,29,POB0343,2010-03-23,0,121.0
1,1,1,0.0,0.0,0.0,0.0,3.0,1.0,2.0,95246.0,29.0,0.0,39,15,35,VLB0647,2010-04-05,0,124.0
1,0,1,7.0,0.0,3.0,3.0,15.0,8.0,0.0,436489.0,162.0,1.0,32,10,7,KRL0501,2011-01-06,1,1923.0
1,0,1,0.0,0.0,0.0,0.0,15.0,10.0,7.0,474215.0,162.0,0.0,32,10,46,CQH0730,2010-05-11,0,317.0
1,0,1,0.0,0.0,0.0,0.0,9.0,7.0,5.0,265524.0,95.0,0.0,6,11,56,DAG0558,2010-09-03,0,797.0
2,1,1,1.0,0.0,5.0,5.0,1.0,0.0,0.0,33176.0,10.0,0.0,30,12,65,GCS0571,2010-04-20,0,204.0
1,0,1,0.0,0.0,0.0,0.0,4.0,2.0,0.0,133217.0,30.0,0.0,39,15,12,IIL0513,2010-12-12,0,450.0
1,1,1,0.0,0.0,0.0,0.0,9.0,2.0,1.0,263205.0,95.0,0.0,28,5,38,ENC0234,2010-07-29,0,517.0
2,0,1,0.0,0.0,0.0,0.0,1.0,0.0,3.0,21391.0,10.0,0.0,30,12,1,CQH0701,2010-10-26,0,224.0
1,1,1,0.0,0.0,0.0,0.0,8.0,7.0,2.0,281258.0,95.0,0.0,25,14,49,ESH0283,2010-06-22,0,1277.0
1,1,1,0.0,0.0,0.0,0.0,9.0,3.0,3.0,256675.0,95.0,3.0,18,1,30,HOB0994,2011-04-14,0,1466.0
2,0,2,2.0,0.0,3.0,3.0,9.0,3.0,10.0,234910.0,162.0,0.0,32,10,67,JJH0613,2010-02-17,0,239.0
1,0,1,0.0,0.0,0.0,0.0,1.0,1.0,0.0,24046.0,10.0,0.0,30,12,54,IJM0139,2010-01-29,0,17.0
1,0,1,0.0,0.0,0.0,0.0,1.0,1.0,0.0,37063.0,10.0,0.0,30,12,1,BTL0722,2010-01-28,0,8.0
1,0,1,2.0,0.0,1.0,1.0,3.0,3.0,0.0,76668.0,30.0,1.0,39,15,12,AAF0535,2010-07-23,1,359.0
2,0,1,0.0,0.0,0.0,0.0,9.0,4.0,7.0,277809.0,95.0,2.0,6,11,56,WIQ0567,2010-03-05,0,346.0
1,1,1,5.0,2.0,5.0,5.0,1.0,1.0,1.0,38490.0,20.0,3.0,30,12,65,MDH0580,2011-02-01,1,858.0
1,1,1,0.0,0.0,0.0,0.0,3.0,2.0,0.0,63677.0,29.0,0.0,39,15,11,EGK0893,2010-07-12,0,286.0
1,1,1,2.0,0.0,5.0,4.0,9.0,0.0,11.0,283801.0,96.0,10.0,35,11,39,IKR0401,2011-01-20,1,1583.0
1,1,1,0.0,0.0,0.0,0.0,3.0,0.0,6.0,72634.0,29.0,1.0,39,15,11,LJJ0905,2010-04-01,0,124.0
5,6,5,0.0,0.0,0.0,0.0,11.0,7.0,2.0,326534.0,114.0,24.0,17,21,26,KRV0372,2010-05-19,0,976.0
2,2,1,1.0,1.0,0.0,0.0,1.0,0.0,0.0,36277.0,12.0,1.0,30,12,50,MAR0955,2011-02-11,1,167.0
1,1,1,0.0,0.0,0.0,0.0,1.0,1.0,0.0,53583.0,10.0,0.0,30,12,3,LJB0826,2010-12-07,0,298.0
1,0,1,8.0,0.0,19.0,15.0,3.0,0.0,0.0,90407.0,29.0,0.0,39,15,9,CLB0774,2010-09-09,0,3586.0
1,0,1,0.0,0.0,0.0,0.0,15.0,13.0,0.0,479372.0,162.0,0.0,32,10,7,CJC0494,2010-03-23,0,245.0
2,0,1,2.0,0.0,0.0,0.0,1.0,1.0,0.0,69957.0,11.0,0.0,30,12,50,TNM0961,2010-10-26,1,469.0
1,1,1,0.0,0.0,0.0,0.0,9.0,3.0,0.0,313840.0,95.0,0.0,27,20,2,DLH0029,2010-06-23,0,508.0
1,0,1,0.0,0.0,0.0,0.0,3.0,2.0,6.0,93483.0,29.0,0.0,39,15,9,JSA0775,2011-04-14,0,512.0
1,1,1,2.0,0.0,2.0,2.0,3.0,2.0,4.0,95927.0,16.0,5.0,30,12,65,MDH0580,2011-01-17,1,810.0
1,0,1,0.0,0.0,0.0,0.0,18.0,11.0,2.0,558814.0,190.0,0.0,5,14,19,CNE0352,2010-07-06,0,722.0
1,0,1,4.0,0.0,2.0,2.0,1.0,1.0,0.0,24548.0,18.0,2.0,30,12,1,RAR0725,2010-07-22,1,299.0
2,1,1,7.0,1.0,7.0,5.0,11.0,5.0,2.0,344605.0,114.0,1.0,1,5,38,AKR0057,2010-11-29,1,1655.0
1,0,1,1.0,0.0,0.0,0.0,3.0,1.0,0.0,110097.0,29.0,2.0,39,15,9,CFM0767,2011-04-04,0,1030.0
1,0,1,0.0,0.0,0.0,0.0,12.0,7.0,4.0,345376.0,97.0,4.0,7,11,61,CCL0068,2011-01-11,1,1433.0
1,0,1,0.0,0.0,0.0,0.0,9.0,1.0,11.0,258261.0,95.0,0.0,40,14,15,BSH0445,2011-04-12,0,1119.0
2,1,1,3.0,0.0,4.0,3.0,9.0,5.0,1.0,243165.0,103.0,2.0,18,1,30,RHL0992,2010-07-16,1,863.0
1,1,1,0.0,0.0,0.0,0.0,3.0,1.0,0.0,81066.0,29.0,0.0,39,15,35,BAM0636,2010-03-10,0,83.0
1,1,1,0.0,0.0,0.0,0.0,9.0,0.0,4.0,241843.0,95.0,0.0,25,7,27,MCD0125,2010-03-08,0,406.0
2,0,1,1.0,0.0,3.0,3.0,0.0,0.0,0.0,0.0,100.0,0.0,33,5,57,FKK0055,2011-05-15,0,2450.0
2,0,1,1.0,0.0,8.0,8.0,16.0,2.0,25.0,478653.0,162.0,0.0,32,10,47,NAF0326,2010-02-10,0,307.0
1,0,1,0.0,0.0,0.0,0.0,15.0,1.0,12.0,347906.0,162.0,0.0,32,10,7,DDA0476,2010-05-24,0,438.0
1,0,1,0.0,0.0,0.0,0.0,14.0,0.0,0.0,507400.0,143.0,0.0,22,10,21,MAW0166,2010-12-22,0,924.0
1,0,1,0.0,0.0,0.0,0.0,8.0,2.0,0.0,233843.0,95.0,0.0,10,14,22,KBL0260,2011-02-02,0,1233.0
1,0,1,0.0,0.0,0.0,0.0,26.0,21.0,15.0,751428.0,285.0,2.0,41,22,48,BTW0005,2010-09-01,0,1985.0
1,1,1,0.0,0.0,0.0,0.0,1.0,1.0,0.0,21327.0,10.0,0.0,30,12,3,ILC0838,2010-12-03,0,321.0
5,8,5,0.0,0.0,0.0,0.0,11.0,2.0,0.0,333298.0,114.0,10.0,17,21,26,SOB0360,2010-08-16,0,1471.0
1,0,1,0.0,0.0,0.0,0.0,1.0,1.0,0.0,38971.0,10.0,0.0,30,12,4,AAV0450,2010-11-19,0,216.0
1,1,1,0.0,0.0,0.0,0.0,9.0,0.0,0.0,329023.0,95.0,1.0,6,11,51,BBH0810,2010-04-29,0,366.0
3,3,1,0.0,0.0,0.0,0.0,9.0,0.0,5.0,233240.0,95.0,3.0,35,11,39,AIP0394,2010-09-16,0,824.0
1,0,1,0.0,0.0,0.0,0.0,3.0,2.0,1.0,120943.0,29.0,0.0,39,15,9,TYB0779,2011-03-01,0,247.0
1,1,1,0.0,0.0,0.0,0.0,9.0,2.0,1.0,261278.0,95.0,1.0,35,11,39,FSB0399,2011-02-22,0,1351.0
1,1,1,0.0,0.0,0.0,0.0,10.0,1.0,12.0,265433.0,114.0,0.0,1,1,30,COF0120,2010-07-20,0,585.0
1,0,1,7.0,0.0,3.0,3.0,1.0,0.0,0.0,29381.0,10.0,1.0,30,12,54,PSF0133,2010-09-16,1,550.0
2,0,1,0.0,0.0,0.0,0.0,1.0,1.0,0.0,38903.0,10.0,1.0,30,12,50,WRM0963,2010-02-11,0,12.0
1,0,1,0.0,0.0,0.0,0.0,9.0,1.0,0.0,298952.0,95.0,1.0,10,14,22,ZSK0258,2010-10-29,0,749.0
1,1,1,0.0,0.0,0.0,0.0,9.0,2.0,6.0,284857.0,95.0,0.0,33,5,38,NNS0059,2010-02-09,0,121.0
4,4,4,0.0,0.0,0.0,0.0,11.0,0.0,4.0,357705.0,114.0,0.0,17,21,25,ACC0042,2011-02-10,0,2482.0
1,1,1,0.0,0.0,0.0,0.0,1.0,0.0,0.0,27051.0,10.0,0.0,30,12,3,PTH0830,2010-11-24,0,398.0
2,1,1,0.0,0.0,0.0,0.0,10.0,4.0,12.0,268958.0,95.0,3.0,28,5,45,JMC0925,2011-03-11,0,1259.0
1,1,1,0.0,0.0,0.0,0.0,1.0,1.0,0.0,32226.0,10.0,0.0,30,12,3,ARB0834,2010-06-01,0,163.0
1,0,1,0.0,0.0,0.0,0.0,3.0,1.0,0.0,106999.0,29.0,0.0,39,15,12,CCW0524,2010-07-23,0,149.0
1,0,1,0.0,0.0,0.0,0.0,15.0,13.0,0.0,444851.0,162.0,1.0,32,10,47,MCF0327,2010-02-03,0,131.0
6,6,6,0.0,0.0,0.0,0.0,10.0,8.0,1.0,294033.0,114.0,8.0,17,21,26,BKW0374,2010-05-10,0,761.0
2,0,1,3.0,0.0,0.0,0.0,15.0,5.0,6.0,497188.0,153.0,0.0,32,10,46,GZC0735,2010-06-17,0,584.0
1,0,1,0.0,0.0,0.0,0.0,9.0,1.0,8.0,253614.0,95.0,0.0,40,14,15,BSH0445,2010-03-25,0,193.0
2,0,1,0.0,0.0,0.0,0.0,13.0,7.0,13.0,413490.0,143.0,2.0,22,11,59,SBH0537,2010-10-22,0,1587.0
1,0,1,0.0,0.0,0.0,0.0,15.0,12.0,0.0,464090.0,162.0,0.0,32,10,46,MHG0733,2010-04-15,0,425.0
1,0,1,0.0,0.0,0.0,0.0,8.0,1.0,0.0,242619.0,95.0,0.0,7,14,28,EHR0096,2010-11-16,0,774.0
1,1,1,0.0,0.0,0.0,0.0,8.0,2.0,6.0,208814.0,95.0,0.0,33,5,45,FIR0920,2011-03-08,0,1153.0
1,0,1,0.0,0.0,0.0,0.0,1.0,0.0,0.0,36516.0,29.0,0.0,39,15,9,SLP0762,2011-04-13,0,416.0
1,0,1,6.0,0.0,27.0,23.0,15.0,8.0,11.0,439799.0,170.0,0.0,32,10,34,THR0873,2010-12-30,0,7203.0
2,1,1,0.0,0.0,0.0,0.0,3.0,1.0,1.0,75754.0,27.0,0.0,39,15,29,NOB0181,2010-10-09,0,1435.0
1,0,1,1.0,0.0,5.0,5.0,1.0,1.0,0.0,25661.0,10.0,0.0,30,12,1,PDH0716,2010-07-20,0,649.0
2,0,1,0.0,0.0,0.0,0.0,1.0,1.0,0.0,29178.0,10.0,0.0,30,12,50,ILH0958,2011-03-22,0,2464.0
1,0,1,0.0,0.0,0.0,0.0,11.0,0.0,1.0,335680.0,114.0,0.0,1,5,57,CIG0052,2010-03-04,0,141.0
1,0,1,0.0,0.0,0.0,0.0,9.0,3.0,0.0,269492.0,90.0,5.0,6,11,61,DRR0242,2011-03-12,0,1381.0
1,0,1,6.0,0.0,9.0,7.0,1.0,0.0,0.0,20697.0,10.0,0.0,30,12,1,RAR0725,2010-08-09,1,327.0
2,0,1,1.0,0.0,4.0,4.0,9.0,6.0,0.0,274962.0,90.0,10.0,25,14,33,BIS0247,2011-05-06,0,1563.0
1,0,1,1.0,0.0,3.0,2.0,14.0,4.0,5.0,405560.0,171.0,3.0,32,10,67,FSC0601,2011-01-21,1,2008.0
1,0,1,0.0,0.0,0.0,0.0,2.0,2.0,0.0,60330.0,17.0,0.0,30,12,1,EDB0714,2010-10-28,1,464.0
2,1,1,0.0,0.0,0.0,0.0,10.0,3.0,6.0,285473.0,114.0,0.0,1,14,19,AJD0074,2010-05-06,0,522.0
1,1,1,3.0,0.0,1.0,1.0,1.0,0.0,2.0,31734.0,16.0,1.0,30,12,65,MDH0580,2011-01-06,1,782.0
2,0,2,5.0,0.0,1.0,1.0,1.0,1.0,1.0,14868.0,19.0,2.0,30,12,50,TNM0961,2010-11-08,1,485.0
1,0,1,0.0,0.0,0.0,0.0,9.0,6.0,0.0,271747.0,95.0,0.0,23,14,0,CFW0264,2010-01-27,0,52.0
1,0,1,0.0,0.0,0.0,0.0,16.0,6.0,0.0,456593.0,143.0,2.0,22,21,24,FBA0348,2011-04-28,1,1960.0
1,0,1,0.0,0.0,0.0,0.0,11.0,6.0,1.0,354195.0,114.0,12.0,1,12,20,SNS0129,2011-01-10,0,1072.0
2,1,1,0.0,0.0,0.0,0.0,9.0,0.0,15.0,271973.0,90.0,0.0,6,11,51,ACV0812,2010-02-03,0,96.0
2,0,1,0.0,0.0,0.0,0.0,9.0,1.0,2.0,281531.0,95.0,18.0,33,5,53,SSH0799,2011-01-27,0,830.0
2,1,2,0.0,0.0,0.0,0.0,3.0,0.0,0.0,99357.0,27.0,0.0,39,15,11,LUR0896,2011-03-07,0,654.0
1,0,1,0.0,0.0,0.0,0.0,9.0,0.0,0.0,287229.0,95.0,0.0,7,11,14,VEB0935,2010-12-09,0,752.0
1,1,1,0.0,0.0,0.0,0.0,9.0,2.0,0.0,308516.0,95.0,8.0,37,14,31,HKB0418,2010-03-03,0,119.0
1,0,1,0.0,0.0,0.0,0.0,8.0,6.0,11.0,253812.0,95.0,0.0,36,2,18,RKF0164,2010-04-13,0,333.0
2,1,1,1.0,0.0,0.0,0.0,9.0,0.0,5.0,276614.0,95.0,0.0,7,11,56,RRP0568,2010-03-09,0,465.0
2,0,1,3.0,0.0,5.0,5.0,9.0,3.0,5.0,274252.0,90.0,4.0,35,11,61,HVF0067,2010-07-16,0,1200.0
1,0,1,0.0,0.0,0.0,0.0,14.0,9.0,7.0,461503.0,143.0,15.0,22,21,24,CCW0031,2011-04-14,0,1764.0
2,0,1,0.0,0.0,0.0,0.0,1.0,0.0,0.0,29148.0,10.0,0.0,30,12,1,GDF0704,2011-04-21,0,99.0
1,1,1,0.0,0.0,0.0,0.0,3.0,0.0,0.0,83040.0,29.0,0.0,39,15,29,ORG0339,2010-06-28,0,223.0
1,0,1,0.0,0.0,0.0,0.0,4.0,2.0,0.0,125867.0,29.0,0.0,39,15,9,JFC0757,2011-02-04,0,330.0
1,0,1,0.0,0.0,0.0,0.0,3.0,1.0,1.0,86821.0,29.0,0.0,39,15,12,BMT0528,2010-09-20,0,1077.0
1,1,1,0.0,0.0,0.0,0.0,9.0,2.0,0.0,315385.0,95.0,0.0,33,5,38,DBS0235,2010-03-05,0,243.0
1,1,1,0.0,0.0,0.0,0.0,1.0,0.0,0.0,44674.0,10.0,1.0,30,12,65,SAH0599,2010-02-19,0,49.0
2,0,1,0.0,0.0,0.0,0.0,1.0,0.0,2.0,19994.0,10.0,1.0,30,12,50,ASV0946,2010-10-05,0,75.0
1,0,1,0.0,0.0,0.0,0.0,3.0,0.0,4.0,66989.0,29.0,0.0,39,15,12,BVN0514,2010-05-27,0,70.0
1,1,1,0.0,0.0,0.0,0.0,9.0,4.0,3.0,274713.0,95.0,2.0,6,11,39,CCC0393,2010-03-08,0,195.0
1,0,1,0.0,0.0,0.0,0.0,1.0,1.0,3.0,48059.0,10.0,0.0,30,12,50,CFG0959,2010-09-24,0,49.0
1,0,1,3.0,0.0,1.0,1.0,3.0,2.0,0.0,142823.0,19.0,2.0,30,12,54,PNL0301,2010-06-24,1,320.0
1,1,1,0.0,0.0,0.0,0.0,9.0,1.0,0.0,283136.0,95.0,0.0,18,1,30,HAV0121,2011-03-10,0,1408.0
1,0,1,0.0,0.0,0.0,0.0,13.0,7.0,0.0,402902.0,162.0,0.0,32,10,47,COM0321,2011-04-07,0,2008.0
2,0,1,3.0,0.0,0.0,0.0,15.0,0.0,3.0,468028.0,169.0,2.0,32,10,47,ABC0174,2010-11-03,1,2132.0
1,1,1,0.0,0.0,0.0,0.0,1.0,1.0,0.0,25525.0,10.0,0.0,30,12,3,PTH0830,2010-04-08,0,122.0
1,1,1,0.0,0.0,0.0,0.0,9.0,4.0,6.0,297288.0,95.0,1.0,37,14,31,MES0407,2010-05-17,0,477.0
1,1,1,0.0,0.0,0.0,0.0,1.0,1.0,0.0,34189.0,10.0,0.0,30,12,65,SOB0586,2010-04-14,0,93.0
1,0,1,0.0,0.0,0.0,0.0,15.0,12.0,0.0,494602.0,162.0,0.0,32,10,34,IJW0851,2010-11-23,0,1525.0
2,1,1,0.0,0.0,0.0,0.0,17.0,1.0,3.0,456208.0,190.0,0.0,9,15,37,SBK0161,2010-04-14,0,590.0
1,1,1,0.0,0.0,0.0,0.0,2.0,2.0,0.0,60584.0,29.0,2.0,39,15,35,AGB0643,2010-11-18,0,546.0
2,1,2,0.0,0.0,0.0,0.0,1.0,1.0,0.0,26524.0,9.0,0.0,30,12,54,CCM0136,2010-08-04,0,192.0
1,0,1,0.0,0.0,0.0,0.0,3.0,0.0,2.0,92859.0,29.0,0.0,39,15,9,JCR0770,2010-02-25,0,37.0
1,1,1,9.0,0.0,27.0,25.0,3.0,0.0,0.0,75919.0,29.0,1.0,39,15,11,ZKS0899,2011-03-03,0,7220.0
1,1,1,0.0,0.0,0.0,0.0,1.0,1.0,0.0,37087.0,10.0,0.0,30,12,3,IJR0825,2010-09-01,0,244.0
1,1,1,0.0,0.0,0.0,0.0,14.0,9.0,4.0,397891.0,143.0,5.0,22,11,59,JBM0350,2011-04-12,0,2123.0
1,1,1,0.0,0.0,0.0,0.0,8.0,6.0,0.0,222884.0,95.0,0.0,35,11,61,LFS0071,2010-06-02,0,456.0
1,0,1,0.0,0.0,0.0,0.0,9.0,9.0,0.0,218974.0,95.0,7.0,38,17,63,HAM0985,2010-06-14,0,453.0
2,0,2,0.0,0.0,0.0,0.0,11.0,4.0,1.0,316617.0,114.0,6.0,17,21,26,WPR0368,2010-07-08,0,1428.0
2,2,1,0.0,0.0,0.0,0.0,1.0,1.0,1.0,29619.0,30.0,0.0,39,15,11,IBP0883,2010-06-07,0,279.0
1,0,1,2.0,0.0,0.0,0.0,2.0,2.0,0.0,74807.0,14.0,0.0,30,12,1,RAR0725,2010-07-27,1,305.0
1,0,1,0.0,0.0,0.0,0.0,14.0,3.0,11.0,409680.0,143.0,0.0,34,21,17,JRG0207,2010-10-27,0,790.0
1,0,1,1.0,0.0,3.0,3.0,6.0,5.0,2.0,160299.0,39.0,5.0,39,15,9,IJM0776,2010-07-21,1,395.0
2,0,1,1.0,0.0,1.0,0.0,14.0,1.0,7.0,422878.0,150.0,0.0,34,21,17,LBF0214,2010-12-30,0,2167.0
6,6,5,13.0,3.0,28.0,25.0,11.0,9.0,9.0,389194.0,114.0,11.0,17,21,26,AJF0370,2011-04-14,0,13442.0
1,1,1,0.0,0.0,0.0,0.0,3.0,3.0,0.0,99587.0,29.0,0.0,39,15,29,SHR0334,2011-03-18,0,696.0
2,0,1,0.0,0.0,0.0,0.0,3.0,0.0,1.0,73395.0,29.0,2.0,39,15,12,ALD0529,2011-04-01,0,386.0
1,0,1,0.0,0.0,0.0,0.0,5.0,1.0,0.0,179598.0,95.0,12.0,25,14,33,MHG0244,2010-11-02,0,788.0
3,1,2,1.0,0.0,5.0,5.0,1.0,0.0,0.0,17874.0,10.0,0.0,30,12,54,FEB0306,2010-11-15,0,864.0
1,1,1,0.0,0.0,0.0,0.0,3.0,1.0,0.0,123341.0,29.0,1.0,39,15,29,RHC0335,2010-11-18,0,533.0
1,0,1,0.0,0.0,0.0,0.0,9.0,1.0,3.0,240135.0,95.0,5.0,24,5,53,NAB0801,2010-02-18,0,112.0
1,0,1,0.0,0.0,0.0,0.0,9.0,5.0,4.0,302916.0,95.0,9.0,10,14,22,NBH0256,2011-02-28,0,1043.0
2,1,1,0.0,0.0,0.0,0.0,9.0,0.0,12.0,230550.0,95.0,0.0,7,11,51,LJT0817,2010-03-11,0,441.0
1,0,1,0.0,0.0,0.0,0.0,14.0,1.0,4.0,401501.0,143.0,2.0,34,21,17,NAF0033,2010-12-30,0,1221.0
1,0,1,0.0,0.0,0.0,0.0,14.0,1.0,0.0,396112.0,143.0,2.0,22,10,21,MAW0166,2010-01-06,0,10.0
1,1,1,2.0,0.0,0.0,0.0,1.0,0.0,0.0,21679.0,10.0,0.0,30,12,54,PSF0133,2010-02-26,0,105.0
1,0,1,1.0,0.0,3.0,2.0,3.0,0.0,1.0,81901.0,29.0,4.0,3,12,20,SCP0130,2010-06-24,0,688.0
2,1,1,0.0,0.0,0.0,0.0,3.0,0.0,1.0,99258.0,27.0,0.0,39,15,29,NOB0181,2011-05-06,0,2525.0
1,1,1,1.0,0.0,8.0,8.0,9.0,3.0,1.0,266360.0,95.0,4.0,24,5,45,HDH0928,2011-02-24,0,2212.0
1,1,1,0.0,0.0,0.0,0.0,3.0,3.0,1.0,83699.0,29.0,0.0,39,15,29,AKK0329,2010-11-10,0,560.0
1,0,1,1.0,0.0,0.0,0.0,9.0,0.0,6.0,247923.0,100.0,0.0,28,5,52,DAL0673,2011-03-17,0,1350.0
2,0,1,0.0,0.0,0.0,0.0,9.0,6.0,5.0,200221.0,100.0,0.0,33,5,57,FKK0055,2010-02-25,0,246.0
1,0,1,7.0,0.0,10.0,7.0,9.0,1.0,0.0,255177.0,95.0,2.0,37,14,31,HBO0413,2011-03-16,1,2127.0
2,0,1,0.0,0.0,0.0,0.0,9.0,5.0,4.0,269789.0,95.0,0.0,7,11,59,CWB0065,2010-05-03,0,312.0
1,0,1,0.0,0.0,0.0,0.0,9.0,0.0,0.0,282580.0,95.0,9.0,37,14,28,SGS0268,2010-12-02,0,769.0
1,1,1,0.0,0.0,0.0,0.0,1.0,1.0,0.0,27006.0,10.0,0.0,30,12,3,ECR0822,2010-07-19,0,179.0
1,0,1,0.0,0.0,0.0,0.0,1.0,1.0,0.0,24423.0,10.0,0.0,30,12,1,PLH0715,2010-04-16,0,34.0
1,1,1,0.0,0.0,0.0,0.0,3.0,1.0,3.0,92991.0,29.0,0.0,39,15,11,ARB0881,2010-09-27,0,447.0
1,1,1,2.0,0.0,2.0,2.0,2.0,2.0,0.0,60326.0,19.0,1.0,30,12,54,PSF0133,2010-08-18,1,469.0
1,1,1,5.0,0.0,3.0,2.0,4.0,1.0,0.0,130796.0,95.0,18.0,35,11,39,IKR0401,2011-02-09,1,1687.0
1,0,1,0.0,0.0,0.0,0.0,15.0,12.0,8.0,438808.0,162.0,0.0,32,10,46,GQP0743,2010-09-16,0,1365.0
1,1,1,0.0,0.0,0.0,0.0,3.0,2.0,6.0,125008.0,29.0,0.0,39,15,29,SJC0333,2010-11-09,0,477.0
1,1,1,0.0,0.0,0.0,0.0,9.0,9.0,4.0,281374.0,95.0,0.0,33,5,45,TSM0927,2010-12-17,0,1161.0
1,0,1,0.0,0.0,0.0,0.0,3.0,1.0,4.0,102345.0,29.0,3.0,39,15,12,EMB0531,2011-03-07,0,417.0
2,0,1,0.0,0.0,0.0,0.0,1.0,1.0,0.0,32426.0,9.0,1.0,30,12,4,AJL0462,2011-04-25,0,368.0
1,0,1,0.0,0.0,0.0,0.0,15.0,10.0,4.0,512568.0,162.0,11.0,32,10,7,IMB0481,2010-08-13,0,1192.0
1,0,1,0.0,0.0,0.0,0.0,1.0,0.0,0.0,31802.0,10.0,0.0,30,12,1,FWM0707,2010-10-05,0,93.0
1,1,1,1.0,0.0,2.0,2.0,9.0,4.0,0.0,241913.0,96.0,8.0,24,5,36,RMW0542,2010-06-30,1,790.0
1,0,1,0.0,0.0,0.0,0.0,15.0,0.0,8.0,459056.0,162.0,0.0,32,10,34,MAH0864,2010-09-02,0,668.0
1,0,1,9.0,0.0,27.0,21.0,9.0,1.0,3.0,266764.0,90.0,6.0,23,14,0,HCM0267,2010-09-13,0,4409.0
1,1,1,0.0,0.0,0.0,0.0,11.0,0.0,0.0,272609.0,114.0,5.0,1,10,21,SER0165,2010-03-29,0,234.0
1,0,1,0.0,0.0,0.0,0.0,14.0,2.0,0.0,423039.0,143.0,0.0,34,21,17,ASS0206,2010-04-08,0,392.0
1,0,1,0.0,0.0,0.0,0.0,3.0,2.0,0.0,74260.0,29.0,1.0,3,12,20,ABH0663,2011-03-18,0,399.0
1,0,1,0.0,0.0,0.0,0.0,9.0,1.0,0.0,237907.0,95.0,16.0,35,11,56,WLV0566,2011-01-03,0,818.0
1,1,1,1.0,0.0,10.0,8.0,3.0,2.0,1.0,110039.0,27.0,0.0,39,15,29,NOB0181,2010-08-18,0,1170.0
3,4,3,11.0,2.0,27.0,23.0,11.0,2.0,2.0,343381.0,114.0,9.0,17,21,26,AJF0370,2011-03-03,0,12179.0
2,0,1,0.0,0.0,0.0,0.0,27.0,5.0,6.0,927209.0,285.0,6.0,41,22,48,HTH0007,2010-02-24,0,368.0
1,0,1,2.0,0.0,7.0,6.0,16.0,0.0,8.0,490521.0,162.0,2.0,32,10,67,CAB0614,2010-09-02,0,1644.0
1,0,1,0.0,0.0,0.0,0.0,9.0,8.0,3.0,300724.0,95.0,0.0,28,5,52,KNG0672,2010-02-11,0,90.0
2,0,1,0.0,0.0,0.0,0.0,9.0,3.0,5.0,287678.0,95.0,0.0,35,11,59,RGG0064,2010-07-27,0,415.0
1,0,1,0.0,0.0,0.0,0.0,1.0,0.0,0.0,40556.0,10.0,1.0,30,12,54,ZSL0305,2011-03-21,0,311.0
2,1,1,0.0,0.0,0.0,0.0,9.0,2.0,7.0,291286.0,95.0,0.0,33,5,38,BTN0061,2010-01-26,0,61.0
1,1,1,0.0,0.0,0.0,0.0,1.0,0.0,0.0,17709.0,10.0,0.0,30,12,3,WGR0833,2011-04-08,0,448.0
1,0,1,3.0,0.0,0.0,0.0,9.0,3.0,6.0,270114.0,98.0,2.0,7,11,61,CCL0068,2011-01-03,1,1395.0
2,0,1,7.0,0.0,12.0,10.0,15.0,2.0,3.0,473702.0,162.0,0.0,32,10,47,ABC0174,2010-12-21,1,2487.0
1,0,1,6.0,0.0,6.0,5.0,1.0,1.0,1.0,21707.0,10.0,0.0,30,12,50,HXL0968,2010-10-20,1,503.0
2,1,1,0.0,0.0,0.0,0.0,3.0,1.0,1.0,146667.0,29.0,0.0,39,15,29,LAP0338,2011-04-05,0,973.0
2,0,1,1.0,0.0,2.0,2.0,14.0,3.0,7.0,372775.0,143.0,1.0,22,16,58,LRR0148,2010-03-12,0,434.0
2,0,2,2.0,0.0,24.0,16.0,9.0,1.0,0.0,244086.0,95.0,0.0,8,17,63,TDS0984,2010-04-26,0,866.0
1,0,1,0.0,0.0,0.0,0.0,1.0,1.0,0.0,32617.0,10.0,0.0,30,12,50,FXF0957,2010-05-28,0,29.0
1,0,1,0.0,0.0,0.0,0.0,9.0,3.0,0.0,238404.0,95.0,1.0,10,14,15,RAH0440,2010-09-17,0,684.0
1,0,1,0.0,0.0,0.0,0.0,15.0,10.0,0.0,453433.0,162.0,0.0,32,10,67,NNA0610,2010-06-02,0,740.0
1,0,1,3.0,0.0,3.0,3.0,2.0,2.0,0.0,60063.0,105.0,1.0,24,5,36,RMW0542,2010-07-20,1,868.0
2,2,1,1.0,1.0,0.0,0.0,11.0,7.0,5.0,266033.0,117.0,3.0,16,3,8,MYD0978,2010-12-15,1,1475.0
1,0,1,0.0,0.0,0.0,0.0,15.0,5.0,0.0,476146.0,162.0,1.0,32,10,46,MIC0726,2010-04-20,0,456.0
6,5,5,6.0,3.0,17.0,15.0,11.0,8.0,6.0,306470.0,114.0,0.0,17,21,25,MOS0047,2010-09-10,1,3276.0
2,1,1,0.0,0.0,0.0,0.0,1.0,0.0,0.0,22616.0,10.0,0.0,30,12,54,SGB0140,2010-06-17,0,143.0
1,0,1,0.0,0.0,0.0,0.0,3.0,1.0,0.0,86992.0,29.0,4.0,39,15,9,RIH0777,2010-12-22,0,284.0
1,0,1,0.0,0.0,0.0,0.0,3.0,0.0,0.0,81566.0,29.0,2.0,39,15,12,SCB0534,2010-02-12,0,47.0
1,0,1,0.0,0.0,0.0,0.0,9.0,0.0,2.0,278281.0,95.0,2.0,35,11,14,HLM0933,2010-08-04,0,341.0
1,1,1,0.0,0.0,0.0,0.0,1.0,0.0,0.0,26977.0,10.0,0.0,30,12,3,EHB0824,2010-08-17,0,235.0
1,0,1,0.0,0.0,0.0,0.0,3.0,0.0,1.0,69510.0,29.0,0.0,39,15,12,CJM0521,2010-02-07,0,40.0
1,1,1,0.0,0.0,0.0,0.0,12.0,4.0,9.0,359735.0,143.0,7.0,22,7,13,FDE0117,2010-08-19,0,1144.0
1,0,1,1.0,0.0,0.0,0.0,11.0,5.0,3.0,328048.0,96.0,0.0,7,11,61,CCL0068,2011-01-04,1,1398.0
1,0,1,1.0,0.0,5.0,5.0,1.0,0.0,0.0,39314.0,10.0,0.0,30,12,1,PDH0716,2010-07-29,0,688.0
1,0,1,2.0,0.0,0.0,0.0,9.0,6.0,1.0,280369.0,97.0,4.0,7,11,61,CCL0068,2011-01-06,1,1408.0
1,0,1,2.0,0.0,0.0,0.0,1.0,0.0,0.0,17126.0,18.0,3.0,30,12,1,RAR0725,2010-07-08,1,270.0
1,0,1,0.0,0.0,0.0,0.0,7.0,2.0,5.0,230530.0,162.0,0.0,32,10,46,GQP0743,2010-03-01,0,309.0
1,1,1,4.0,0.0,2.0,2.0,9.0,6.0,0.0,221201.0,95.0,5.0,37,14,31,HBO0413,2010-06-07,0,714.0
2,0,1,0.0,0.0,0.0,0.0,2.0,0.0,1.0,56411.0,29.0,0.0,39,15,12,PIS0522,2010-12-02,0,295.0
1,0,1,0.0,0.0,0.0,0.0,11.0,5.0,6.0,335485.0,143.0,0.0,34,21,17,CEB0210,2011-01-31,0,1441.0
1,1,1,0.0,0.0,0.0,0.0,9.0,0.0,5.0,280132.0,95.0,1.0,10,7,27,TJD0996,2010-02-02,0,66.0
1,1,1,0.0,0.0,0.0,0.0,9.0,5.0,0.0,269502.0,95.0,1.0,18,1,30,HAV0121,2010-11-03,0,982.0
1,1,1,0.0,0.0,0.0,0.0,9.0,4.0,2.0,297921.0,95.0,0.0,27,20,2,DLH0029,2010-03-18,0,210.0
2,0,1,0.0,0.0,0.0,0.0,9.0,3.0,3.0,247960.0,95.0,4.0,35,11,61,ABN0239,2011-03-18,0,1169.0
1,1,1,0.0,0.0,0.0,0.0,3.0,0.0,0.0,79929.0,29.0,0.0,39,15,35,UBF0645,2010-09-03,0,381.0
1,1,1,0.0,0.0,0.0,0.0,9.0,5.0,4.0,317706.0,95.0,0.0,7,11,61,HGG0240,2010-10-05,0,923.0
4,2,3,0.0,0.0,0.0,0.0,10.0,2.0,3.0,263128.0,114.0,1.0,17,21,26,LBC0356,2010-03-29,0,617.0
1,0,1,0.0,0.0,0.0,0.0,14.0,0.0,8.0,489002.0,162.0,0.0,32,10,34,MAH0864,2010-09-14,0,710.0
5,2,4,4.0,1.0,6.0,6.0,7.0,1.0,14.0,218284.0,115.0,0.0,17,21,25,MOS0047,2010-07-29,1,2677.0
1,0,1,0.0,0.0,0.0,0.0,10.0,0.0,6.0,277563.0,100.0,0.0,12,15,55,BRB0355,2010-12-13,0,1374.0
1,1,1,1.0,0.0,4.0,3.0,11.0,3.0,7.0,320998.0,114.0,0.0,2,8,62,VSS0154,2010-01-04,0,0.0
2,1,1,0.0,0.0,0.0,0.0,1.0,0.0,0.0,11923.0,10.0,0.0,30,12,4,NUL0471,2010-11-24,0,204.0
2,0,1,0.0,0.0,0.0,0.0,9.0,5.0,2.0,316496.0,90.0,0.0,24,5,41,MPT0376,2010-06-30,0,810.0
2,0,1,0.0,0.0,0.0,0.0,16.0,2.0,9.0,454651.0,153.0,4.0,32,10,34,ATE0869,2010-04-24,0,846.0
2,2,1,1.0,1.0,0.0,0.0,13.0,3.0,3.0,395606.0,165.0,0.0,32,10,47,JMB0308,2010-07-15,1,828.0
2,1,2,2.0,0.0,6.0,6.0,3.0,0.0,0.0,102347.0,29.0,5.0,3,12,20,SCP0130,2011-02-07,0,1594.0
1,0,1,2.0,0.0,0.0,0.0,2.0,0.0,0.0,62537.0,10.0,0.0,30,12,50,HXL0968,2010-10-13,1,486.0
1,1,1,0.0,0.0,0.0,0.0,9.0,6.0,0.0,245308.0,95.0,0.0,35,11,6,DJS0682,2010-09-28,0,891.0
1,1,1,1.0,0.0,1.0,1.0,3.0,0.0,0.0,112683.0,37.0,2.0,39,15,35,CQW0652,2011-03-02,1,1274.0
1,0,1,0.0,0.0,0.0,0.0,9.0,8.0,0.0,254924.0,95.0,0.0,10,14,22,MIL0255,2010-10-25,0,831.0
1,0,1,0.0,0.0,0.0,0.0,3.0,2.0,0.0,81759.0,29.0,0.0,39,15,12,CJM0521,2010-01-02,0,0.0
1,1,1,0.0,0.0,0.0,0.0,1.0,0.0,0.0,28288.0,10.0,0.0,30,12,4,AMH0464,2011-03-28,0,269.0
2,1,1,0.0,0.0,0.0,0.0,9.0,4.0,6.0,283710.0,95.0,3.0,18,1,30,LAF0991,2011-01-05,0,1140.0
2,0,1,2.0,0.0,5.0,5.0,3.0,0.0,2.0,71491.0,27.0,1.0,39,14,15,MKW0441,2011-04-28,0,761.0
1,1,1,0.0,0.0,0.0,0.0,8.0,1.0,0.0,254855.0,95.0,0.0,40,14,49,SSR0278,2010-02-22,0,196.0
1,1,1,0.0,0.0,0.0,0.0,8.0,6.0,0.0,276286.0,95.0,0.0,7,11,6,ASG0692,2011-03-10,0,1393.0
2,3,2,0.0,0.0,0.0,0.0,18.0,10.0,20.0,511121.0,190.0,4.0,9,15,37,SBK0161,2010-08-04,0,1222.0
1,0,1,0.0,0.0,0.0,0.0,9.0,0.0,10.0,279429.0,95.0,5.0,25,14,33,SSG0250,2010-04-12,0,126.0
1,0,1,0.0,0.0,0.0,0.0,11.0,8.0,3.0,331920.0,108.0,0.0,4,13,66,MKS0204,2010-10-06,0,547.0
3,3,1,0.0,0.0,0.0,0.0,9.0,7.0,10.0,261184.0,90.0,0.0,10,14,31,EHB0420,2010-09-08,0,1143.0
4,6,4,0.0,0.0,0.0,0.0,10.0,3.0,4.0,384445.0,114.0,9.0,17,21,26,KJP0371,2011-02-14,0,2821.0
1,1,1,0.0,0.0,0.0,0.0,14.0,9.0,1.0,428483.0,143.0,2.0,20,5,57,LAM0911,2010-09-02,0,1349.0
1,1,1,1.0,0.0,2.0,2.0,9.0,0.0,0.0,296215.0,96.0,0.0,40,14,49,CEJ0109,2011-02-16,1,1710.0
1,1,1,0.0,0.0,0.0,0.0,3.0,1.0,5.0,124292.0,29.0,3.0,39,15,35,VLB0647,2010-03-01,0,80.0
1,0,1,0.0,0.0,0.0,0.0,9.0,7.0,1.0,208996.0,95.0,9.0,25,14,33,ONW0083,2010-12-21,0,810.0
1,1,1,0.0,0.0,0.0,0.0,9.0,4.0,0.0,225653.0,95.0,2.0,35,11,6,DJS0682,2011-05-11,0,1656.0
2,0,1,0.0,0.0,0.0,0.0,3.0,1.0,1.0,85292.0,29.0,0.0,39,15,12,YJF0532,2011-01-11,0,208.0
2,0,1,9.0,0.0,0.0,0.0,1.0,0.0,0.0,25563.0,10.0,0.0,30,12,50,AIB0948,2011-01-18,0,1224.0
1,1,1,0.0,0.0,0.0,0.0,3.0,2.0,1.0,84316.0,29.0,3.0,39,15,29,SJC0333,2010-06-08,0,231.0
2,0,1,9.0,0.0,0.0,0.0,15.0,11.0,6.0,445781.0,162.0,0.0,32,10,67,JBD0616,2010-02-12,0,228.0
1,1,1,3.0,0.0,0.0,0.0,4.0,3.0,0.0,121441.0,13.0,0.0,30,12,54,PNL0301,2010-07-06,1,334.0
1,1,1,6.0,0.0,7.0,7.0,1.0,0.0,0.0,21542.0,10.0,0.0,30,12,54,PSF0133,2010-09-29,1,576.0
1,1,1,0.0,0.0,0.0,0.0,9.0,8.0,0.0,280338.0,95.0,0.0,35,11,6,KKC0683,2010-05-18,0,295.0
1,0,1,2.0,0.0,2.0,2.0,3.0,0.0,2.0,107568.0,29.0,0.0,39,15,12,BMT0528,2010-01-26,0,87.0
2,0,1,8.0,0.0,0.0,0.0,9.0,3.0,2.0,252905.0,90.0,0.0,10,14,22,RSC0089,2010-05-14,0,604.0
3,0,2,0.0,0.0,0.0,0.0,10.0,0.0,11.0,311871.0,95.0,11.0,25,14,33,HAD0246,2010-03-23,0,280.0
1,1,1,4.0,0.0,8.0,5.0,9.0,7.0,4.0,250211.0,95.0,3.0,35,11,6,OLW0689,2010-11-08,0,1474.0
1,0,1,1.0,0.0,2.0,2.0,1.0,0.0,1.0,28778.0,10.0,1.0,30,12,50,HXL0968,2010-05-28,0,229.0
1,1,1,0.0,0.0,0.0,0.0,3.0,0.0,0.0,79594.0,29.0,0.0,39,15,35,BCM0653,2010-07-16,0,335.0
1,0,1,0.0,0.0,0.0,0.0,11.0,2.0,4.0,293202.0,114.0,0.0,1,22,43,KBB0189,2011-05-11,0,1615.0
2,0,1,0.0,0.0,0.0,0.0,1.0,0.0,1.0,19279.0,10.0,0.0,30,12,50,NIH0969,2010-08-13,0,65.0
2,0,2,1.0,0.0,6.0,6.0,3.0,0.0,3.0,117666.0,29.0,4.0,39,15,12,JMD0520,2011-05-05,0,2031.0
2,0,1,0.0,0.0,0.0,0.0,16.0,1.0,11.0,480489.0,153.0,3.0,32,10,34,ATE0869,2010-05-09,0,942.0
1,1,1,0.0,0.0,0.0,0.0,3.0,2.0,3.0,135240.0,29.0,0.0,39,15,29,AKK0329,2010-12-01,0,598.0
1,0,1,0.0,0.0,0.0,0.0,3.0,3.0,0.0,88872.0,29.0,0.0,39,15,9,QSV0778,2010-05-06,0,97.0
1,1,1,0.0,0.0,0.0,0.0,8.0,0.0,0.0,230070.0,95.0,0.0,6,11,51,BJH0811,2010-06-01,0,508.0
2,0,1,9.0,0.0,3.0,2.0,9.0,5.0,1.0,205585.0,90.0,0.0,10,14,22,RSC0089,2010-06-13,0,734.0
1,0,1,0.0,0.0,0.0,0.0,9.0,8.0,2.0,235972.0,95.0,1.0,10,14,28,KAT0270,2010-12-02,0,1056.0
3,1,1,0.0,0.0,0.0,0.0,9.0,3.0,18.0,343345.0,93.0,0.0,35,11,59,RGG0064,2010-10-21,1,601.0
2,2,1,8.0,0.0,19.0,17.0,3.0,2.0,5.0,75015.0,29.0,1.0,39,14,49,BJM0111,2010-04-02,0,1425.0
2,0,1,0.0,0.0,0.0,0.0,14.0,8.0,4.0,494945.0,162.0,1.0,32,10,46,KES0729,2011-04-18,0,1514.0
1,0,1,0.0,0.0,0.0,0.0,15.0,8.0,21.0,415135.0,162.0,0.0,32,10,7,CTW0500,2010-07-22,0,810.0
1,0,1,0.0,0.0,0.0,0.0,9.0,1.0,1.0,255203.0,100.0,0.0,23,14,0,DVM0265,2011-02-24,0,793.0
2,0,1,0.0,0.0,0.0,0.0,11.0,6.0,3.0,320195.0,162.0,0.0,32,10,7,RHP0484,2010-03-31,0,335.0
6,8,4,11.0,4.0,29.0,28.0,11.0,7.0,0.0,293567.0,114.0,0.0,17,21,25,MPM0220,2010-11-05,1,8460.0
1,1,1,2.0,0.0,0.0,0.0,9.0,0.0,8.0,259230.0,101.0,2.0,35,11,56,IUB0565,2010-10-18,1,1096.0
1,0,1,0.0,0.0,0.0,0.0,14.0,1.0,3.0,510123.0,143.0,0.0,34,21,17,NAF0033,2010-07-07,0,670.0
2,1,1,0.0,0.0,0.0,0.0,1.0,0.0,0.0,27128.0,10.0,0.0,30,12,54,JJH0292,2011-04-15,0,328.0
1,0,1,0.0,0.0,0.0,0.0,1.0,0.0,0.0,24930.0,10.0,0.0,30,12,4,MLG0475,2011-01-25,0,254.0
1,0,1,0.0,0.0,0.0,0.0,1.0,0.0,0.0,35752.0,10.0,0.0,30,12,54,IJM0139,2010-09-17,0,158.0
2,0,1,0.0,0.0,0.0,0.0,1.0,0.0,0.0,21992.0,10.0,0.0,30,12,50,CJP0952,2011-03-15,0,142.0
1,0,1,6.0,0.0,11.0,9.0,15.0,4.0,0.0,399170.0,162.0,0.0,32,10,7,KRL0501,2010-12-27,1,1857.0
2,0,2,9.0,0.0,0.0,0.0,14.0,1.0,9.0,416423.0,135.0,1.0,22,10,21,LCB0664,2010-07-06,0,619.0
3,0,2,1.0,0.0,4.0,2.0,3.0,3.0,5.0,80883.0,16.0,2.0,30,12,50,TNM0961,2010-10-20,1,449.0
1,1,1,1.0,0.0,0.0,0.0,1.0,0.0,0.0,18540.0,10.0,0.0,30,12,54,EGD0132,2010-09-29,0,533.0
2,1,1,0.0,0.0,0.0,0.0,9.0,7.0,5.0,329981.0,95.0,5.0,35,11,39,ADC0391,2010-11-09,0,884.0
1,1,1,0.0,0.0,0.0,0.0,9.0,2.0,0.0,321351.0,95.0,0.0,40,14,49,SSR0278,2010-07-12,0,712.0
1,0,1,0.0,0.0,0.0,0.0,9.0,6.0,0.0,257662.0,95.0,0.0,23,14,0,RMS0266,2010-02-04,0,103.0
1,0,1,0.0,0.0,0.0,0.0,14.0,4.0,13.0,365857.0,162.0,0.0,32,10,7,CWR0502,2010-03-24,0,429.0
1,0,1,0.0,0.0,0.0,0.0,1.0,1.0,0.0,17105.0,10.0,0.0,30,12,4,ORB0473,2010-10-22,0,207.0
1,0,1,0.0,0.0,0.0,0.0,15.0,3.0,0.0,415483.0,162.0,0.0,32,10,47,COM0321,2011-05-10,0,2131.0
1,0,1,6.0,0.0,3.0,3.0,9.0,7.0,2.0,259500.0,95.0,3.0,14,14,28,NWT0098,2011-04-01,1,1886.0
1,0,1,0.0,0.0,0.0,0.0,15.0,4.0,0.0,487065.0,162.0,1.0,32,10,7,DBW0483,2011-01-12,0,1047.0
1,1,1,0.0,0.0,0.0,0.0,3.0,3.0,1.0,103270.0,29.0,0.0,39,15,35,BCM0653,2010-03-31,0,149.0
1,0,1,0.0,0.0,0.0,0.0,9.0,9.0,0.0,301329.0,95.0,3.0,35,11,56,JNA0559,2010-09-01,0,754.0
1,0,1,0.0,0.0,0.0,0.0,9.0,1.0,6.0,274302.0,95.0,4.0,6,11,56,DAG0558,2010-04-15,0,354.0
1,0,1,0.0,0.0,0.0,0.0,15.0,3.0,3.0,414567.0,162.0,0.0,32,10,46,CQH0730,2010-11-01,0,746.0
1,0,1,0.0,0.0,0.0,0.0,15.0,13.0,10.0,421194.0,162.0,0.0,32,10,47,MSZ0310,2011-04-27,0,2292.0
1,0,1,0.0,0.0,0.0,0.0,9.0,6.0,3.0,280505.0,95.0,1.0,33,5,57,HBB0056,2011-03-01,0,1103.0
2,0,2,0.0,0.0,0.0,0.0,11.0,10.0,10.0,312372.0,114.0,14.0,17,21,26,KJP0371,2011-04-18,0,3247.0
1,1,1,0.0,0.0,0.0,0.0,9.0,4.0,0.0,251165.0,95.0,0.0,24,5,38,UCS0227,2011-03-18,0,1632.0
1,0,1,5.0,0.0,3.0,3.0,1.0,0.0,0.0,21000.0,10.0,0.0,30,12,54,EGD0132,2010-09-08,1,482.0
1,0,1,5.0,0.0,4.0,3.0,9.0,6.0,1.0,315958.0,95.0,0.0,14,14,28,NWT0098,2011-04-05,1,1904.0
2,0,2,0.0,0.0,0.0,0.0,15.0,3.0,11.0,447637.0,162.0,0.0,32,10,67,JAD0609,2010-11-12,0,1089.0
1,0,1,0.0,0.0,0.0,0.0,11.0,6.0,9.0,366221.0,114.0,0.0,1,17,63,JOL0024,2010-11-17,0,696.0
1,0,1,0.0,0.0,0.0,0.0,3.0,3.0,3.0,93803.0,29.0,2.0,39,15,9,NMG0766,2010-10-04,0,247.0
1,1,1,0.0,0.0,0.0,0.0,9.0,5.0,0.0,290063.0,95.0,1.0,40,14,49,HCL0113,2011-01-28,0,1225.0
1,0,1,2.0,0.0,0.0,0.0,16.0,6.0,17.0,434648.0,162.0,4.0,32,10,7,XHW0498,2010-09-21,1,1641.0
1,1,1,0.0,0.0,0.0,0.0,9.0,3.0,3.0,311875.0,95.0,4.0,35,11,61,TMA0069,2010-03-04,0,187.0
2,0,1,3.0,0.0,5.0,5.0,15.0,9.0,3.0,450173.0,170.0,0.0,32,10,47,ABC0174,2010-11-11,1,2162.0
1,0,1,0.0,0.0,0.0,0.0,1.0,0.0,0.0,29543.0,10.0,0.0,30,12,50,CFG0959,2010-06-17,0,27.0
1,0,1,0.0,0.0,0.0,0.0,17.0,2.0,4.0,484431.0,190.0,1.0,5,14,19,CNE0352,2010-07-19,0,805.0
1,1,1,0.0,0.0,0.0,0.0,3.0,1.0,3.0,74872.0,29.0,2.0,39,15,11,SLT0907,2010-04-13,0,154.0
1,0,1,0.0,0.0,0.0,0.0,8.0,5.0,3.0,273464.0,95.0,0.0,10,14,22,DBG0261,2010-06-03,0,294.0
1,0,1,2.0,0.0,0.0,0.0,3.0,2.0,4.0,98072.0,32.0,1.0,39,15,12,AAF0535,2010-07-12,1,331.0
1,1,1,0.0,0.0,0.0,0.0,5.0,2.0,0.0,167968.0,95.0,0.0,25,7,27,TTD1000,2010-03-15,0,297.0
1,0,1,9.0,0.0,3.0,3.0,11.0,8.0,9.0,276043.0,114.0,0.0,1,2,18,DRR0162,2010-12-28,1,1459.0
1,0,1,0.0,0.0,0.0,0.0,1.0,1.0,0.0,36741.0,10.0,0.0,30,12,50,CSL0949,2010-04-01,0,32.0
2,2,2,0.0,0.0,0.0,0.0,11.0,9.0,0.0,387811.0,114.0,11.0,17,21,26,SOB0360,2010-05-19,0,912.0
1,0,1,1.0,0.0,4.0,4.0,9.0,2.0,2.0,264985.0,100.0,4.0,28,5,52,DAL0673,2010-08-18,0,699.0
1,1,1,2.0,0.0,0.0,0.0,9.0,8.0,1.0,327669.0,101.0,8.0,35,11,39,IKR0401,2010-12-30,1,1488.0
1,1,1,0.0,0.0,0.0,0.0,9.0,6.0,0.0,313949.0,95.0,0.0,33,5,38,SRS0231,2010-03-03,0,194.0
2,1,1,2.0,1.0,0.0,0.0,9.0,6.0,9.0,279719.0,100.0,1.0,33,5,45,RAW0915,2010-03-22,0,327.0
1,1,1,0.0,0.0,0.0,0.0,1.0,0.0,0.0,27353.0,10.0,0.0,30,12,3,PTH0830,2011-05-10,0,598.0
1,0,1,1.0,0.0,3.0,2.0,9.0,2.0,1.0,345369.0,97.0,4.0,7,11,61,CCL0068,2011-01-21,1,1466.0
2,0,1,0.0,0.0,0.0,0.0,14.0,3.0,14.0,350144.0,162.0,0.0,32,10,46,MLD0755,2010-11-09,0,1518.0
1,1,1,0.0,0.0,0.0,0.0,1.0,1.0,4.0,33607.0,10.0,0.0,30,12,65,NSC0597,2010-12-06,0,305.0
1,0,1,3.0,0.0,3.0,2.0,1.0,0.0,0.0,40150.0,19.0,1.0,30,12,1,RAR0725,2010-07-14,1,278.0
1,1,1,2.0,0.0,0.0,0.0,11.0,6.0,17.0,280365.0,120.0,0.0,2,8,62,VSS0154,2010-09-07,1,952.0
1,0,1,0.0,0.0,0.0,0.0,5.0,2.0,0.0,148342.0,48.0,0.0,0,0,16,LHN0151,2011-03-28,0,597.0
1,1,1,3.0,0.0,5.0,5.0,11.0,9.0,3.0,317222.0,96.0,0.0,10,14,49,DIB0285,2010-08-19,1,945.0
1,0,1,0.0,0.0,0.0,0.0,9.0,5.0,0.0,226095.0,95.0,2.0,28,5,36,BMC0547,2010-09-10,0,809.0
2,0,1,0.0,0.0,0.0,0.0,7.0,7.0,2.0,199086.0,95.0,0.0,6,11,14,IRM0931,2011-03-16,0,3395.0
1,1,1,1.0,0.0,3.0,2.0,9.0,8.0,1.0,274358.0,95.0,0.0,35,11,56,IUB0565,2010-04-09,0,365.0
2,0,1,0.0,0.0,0.0,0.0,1.0,0.0,0.0,24826.0,9.0,0.0,30,12,4,IKP0472,2010-07-19,0,492.0
2,2,1,1.0,1.0,0.0,0.0,1.0,1.0,0.0,15869.0,11.0,1.0,30,12,50,MAR0955,2011-02-08,1,159.0
1,0,1,0.0,0.0,0.0,0.0,9.0,0.0,1.0,306970.0,95.0,13.0,24,5,41,DLF0377,2011-03-17,0,890.0
1,1,1,2.0,0.0,0.0,0.0,14.0,3.0,7.0,451007.0,119.0,0.0,2,8,62,VSS0154,2010-09-24,1,1033.0
1,1,1,2.0,0.0,0.0,0.0,1.0,0.0,0.0,29675.0,12.0,0.0,30,12,54,PNL0301,2010-06-18,1,311.0
1,0,1,2.0,0.0,5.0,5.0,9.0,4.0,2.0,293046.0,102.0,4.0,14,14,28,NWT0098,2011-02-17,1,1664.0
1,0,1,0.0,0.0,0.0,0.0,15.0,13.0,2.0,467824.0,162.0,0.0,32,10,46,EZH0736,2010-09-07,0,696.0
1,1,1,0.0,0.0,0.0,0.0,3.0,2.0,0.0,116554.0,29.0,2.0,39,15,35,KNW0644,2011-01-26,0,601.0
1,0,1,0.0,0.0,0.0,0.0,9.0,4.0,0.0,264777.0,95.0,0.0,33,5,57,HBB0056,2011-01-12,0,964.0
2,0,1,0.0,0.0,0.0,0.0,9.0,4.0,5.0,277238.0,90.0,1.0,24,5,41,MPT0376,2010-10-14,0,1292.0
1,1,1,0.0,0.0,0.0,0.0,9.0,0.0,1.0,230146.0,95.0,0.0,7,11,61,KPC0073,2010-07-13,1,404.0
2,1,1,0.0,0.0,0.0,0.0,1.0,0.0,0.0,37469.0,10.0,1.0,30,12,4,RAM0447,2011-03-03,0,341.0
1,0,1,0.0,0.0,0.0,0.0,10.0,6.0,7.0,290221.0,162.0,0.0,32,10,47,WBC0315,2010-12-30,0,1272.0
1,0,1,0.0,0.0,0.0,0.0,1.0,1.0,0.0,36329.0,10.0,0.0,30,12,50,NMB0972,2011-01-06,0,125.0
1,0,1,3.0,0.0,1.0,1.0,10.0,4.0,2.0,283523.0,105.0,7.0,7,11,61,CCL0068,2010-12-30,1,1390.0
1,0,1,0.0,0.0,0.0,0.0,18.0,1.0,4.0,555627.0,190.0,15.0,5,14,19,AMD0077,2010-07-01,0,764.0
3,2,3,0.0,0.0,0.0,0.0,11.0,4.0,0.0,329555.0,114.0,0.0,17,21,25,JCC0225,2010-10-18,0,1849.0
1,1,1,3.0,0.0,0.0,0.0,1.0,0.0,0.0,29332.0,10.0,0.0,30,12,65,MDH0580,2010-11-09,0,681.0
2,0,1,0.0,0.0,0.0,0.0,35.0,15.0,7.0,1002618.0,400.0,0.0,29,22,60,MSS0001,2011-04-25,0,5696.0
1,0,1,0.0,0.0,0.0,0.0,11.0,8.0,0.0,360120.0,114.0,4.0,1,14,33,CSB0080,2010-05-24,0,472.0
1,1,1,2.0,0.0,2.0,2.0,11.0,7.0,10.0,409781.0,100.0,0.0,7,11,61,CCL0068,2011-01-07,1,1414.0
1,0,1,0.0,0.0,0.0,0.0,1.0,1.0,0.0,45848.0,10.0,0.0,30,12,54,CLS0296,2011-04-05,0,267.0
2,0,1,0.0,0.0,0.0,0.0,3.0,3.0,2.0,101617.0,29.0,0.0,39,15,12,ALD0529,2010-04-19,0,81.0
1,0,1,8.0,0.0,27.0,26.0,1.0,1.0,0.0,26932.0,9.0,0.0,30,12,50,AVM0947,2011-02-28,0,5794.0
2,0,1,2.0,0.0,11.0,9.0,3.0,3.0,8.0,85454.0,29.0,3.0,39,15,9,SAB0781,2010-12-10,0,1056.0
2,0,1,1.0,0.0,3.0,3.0,9.0,1.0,13.0,252917.0,103.0,0.0,11,13,66,JJM0203,2010-09-03,1,795.0
2,2,1,1.0,1.0,0.0,0.0,3.0,1.0,4.0,84675.0,32.0,2.0,39,15,12,LJR0523,2010-08-05,1,240.0
1,0,1,0.0,0.0,0.0,0.0,15.0,12.0,7.0,437938.0,162.0,0.0,32,10,47,IMG0320,2010-04-22,0,392.0
1,1,1,2.0,0.0,2.0,1.0,9.0,7.0,0.0,215907.0,103.0,8.0,24,5,36,RMW0542,2010-06-22,1,745.0
3,0,2,1.0,0.0,2.0,1.0,14.0,8.0,4.0,438400.0,143.0,0.0,34,21,17,SJO0209,2011-01-25,0,1437.0
1,1,1,1.0,0.0,2.0,2.0,9.0,0.0,2.0,282716.0,102.0,1.0,10,14,49,DIB0285,2010-07-29,1,860.0
1,1,1,0.0,0.0,0.0,0.0,3.0,0.0,0.0,88614.0,29.0,2.0,39,15,29,RHC0335,2010-11-05,0,517.0
1,1,1,0.0,0.0,0.0,0.0,1.0,1.0,0.0,30261.0,10.0,0.0,30,12,65,KLH0596,2010-09-13,0,239.0
1,0,1,0.0,0.0,0.0,0.0,9.0,2.0,5.0,276620.0,95.0,3.0,10,14,22,MIL0255,2010-08-18,0,616.0
1,1,1,0.0,0.0,0.0,0.0,3.0,0.0,3.0,88080.0,29.0,1.0,39,15,29,HCC0344,2010-06-30,0,249.0
2,0,1,0.0,0.0,0.0,0.0,1.0,1.0,0.0,28490.0,10.0,0.0,30,12,54,JJH0292,2010-10-11,0,206.0
1,0,1,0.0,0.0,0.0,0.0,1.0,1.0,0.0,16513.0,10.0,0.0,30,12,54,TIW0299,2011-05-11,0,276.0
1,0,1,3.0,0.0,0.0,0.0,4.0,3.0,3.0,145165.0,16.0,0.0,30,12,1,EDB0714,2010-11-15,1,491.0
1,0,1,0.0,0.0,0.0,0.0,1.0,0.0,1.0,42814.0,10.0,0.0,30,12,50,NMB0972,2010-02-17,0,17.0
1,0,1,0.0,0.0,0.0,0.0,0.0,0.0,0.0,0.0,0.0,0.0,37,14,31,MES0407,2011-03-14,0,1481.0
1,0,1,0.0,0.0,0.0,0.0,1.0,0.0,0.0,20023.0,10.0,0.0,30,12,54,NLO0131,2010-02-02,0,22.0
1,1,1,0.0,0.0,0.0,0.0,9.0,2.0,5.0,240408.0,95.0,0.0,10,14,49,HAC0282,2010-04-13,0,227.0
1,0,1,0.0,0.0,0.0,0.0,9.0,8.0,0.0,247203.0,95.0,1.0,7,14,28,EHR0096,2010-10-15,0,687.0
1,0,1,0.0,0.0,0.0,0.0,18.0,9.0,11.0,520024.0,190.0,10.0,5,14,19,AMD0077,2011-04-06,0,2106.0
1,0,1,0.0,0.0,0.0,0.0,9.0,6.0,0.0,259622.0,95.0,1.0,37,14,28,DVW0103,2010-03-30,0,148.0
1,1,1,5.0,0.0,5.0,5.0,9.0,6.0,0.0,216059.0,95.0,0.0,40,14,49,CEJ0109,2011-03-15,1,1839.0
2,1,2,0.0,0.0,0.0,0.0,1.0,0.0,2.0,44508.0,10.0,0.0,30,12,54,SGB0140,2010-03-04,0,48.0
1,1,1,0.0,0.0,0.0,0.0,1.0,0.0,0.0,33424.0,10.0,0.0,30,12,4,CJG0470,2010-09-28,0,167.0
1,1,1,0.0,0.0,0.0,0.0,3.0,1.0,0.0,130524.0,29.0,0.0,39,15,11,NAB0903,2011-04-18,0,861.0
1,1,1,0.0,0.0,0.0,0.0,3.0,2.0,1.0,68997.0,29.0,2.0,39,15,11,MJS0890,2010-02-12,0,73.0
1,0,1,0.0,0.0,0.0,0.0,9.0,7.0,0.0,255520.0,95.0,0.0,40,14,15,BSA0431,2010-11-03,0,910.0
3,0,2,0.0,0.0,0.0,0.0,9.0,4.0,3.0,270921.0,90.0,5.0,24,5,41,MPT0376,2010-10-21,0,1322.0
2,0,2,3.0,0.0,0.0,0.0,14.0,3.0,3.0,359613.0,143.0,8.0,22,12,13,DIW0118,2010-05-18,0,718.0
1,1,1,0.0,0.0,0.0,0.0,1.0,1.0,0.0,33172.0,10.0,0.0,30,12,65,ASM0575,2010-09-15,0,243.0
1,0,1,0.0,0.0,0.0,0.0,3.0,0.0,2.0,97434.0,29.0,4.0,39,15,12,HLH0512,2010-09-18,0,249.0
1,0,1,0.0,0.0,0.0,0.0,3.0,0.0,0.0,101994.0,29.0,0.0,39,15,9,DEB0782,2010-10-14,0,221.0
1,0,1,0.0,0.0,0.0,0.0,1.0,0.0,0.0,22686.0,10.0,1.0,30,12,1,AJP0723,2010-07-22,0,66.0
1,0,1,0.0,0.0,0.0,0.0,9.0,8.0,0.0,268054.0,95.0,9.0,24,5,53,MHA0798,2010-01-25,0,62.0
1,1,1,4.0,0.0,5.0,5.0,11.0,7.0,0.0,296108.0,101.0,1.0,6,11,51,LCC0819,2010-06-23,1,789.0
1,1,1,2.0,0.0,0.0,0.0,5.0,5.0,1.0,184393.0,96.0,1.0,10,14,49,DIB0285,2010-08-10,1,899.0
2,0,1,2.0,0.0,8.0,8.0,3.0,1.0,0.0,81195.0,27.0,5.0,39,15,12,MVB0515,2011-04-19,0,1809.0
2,0,1,0.0,0.0,0.0,0.0,10.0,8.0,4.0,316887.0,162.0,0.0,32,10,67,BAM0611,2010-10-06,0,797.0
6,6,6,0.0,0.0,0.0,0.0,11.0,7.0,10.0,285714.0,114.0,15.0,17,21,26,KSP0357,2010-05-26,0,835.0
1,0,1,0.0,0.0,0.0,0.0,15.0,7.0,10.0,534203.0,162.0,0.0,32,10,46,UJC0737,2010-12-27,0,1320.0
1,0,1,0.0,0.0,0.0,0.0,11.0,0.0,3.0,312742.0,114.0,4.0,1,5,57,CIG0052,2010-03-25,0,230.0
1,1,1,3.0,0.0,2.0,2.0,2.0,2.0,2.0,58082.0,18.0,0.0,30,12,65,MDH0580,2011-01-26,1,841.0
1,1,1,6.0,2.0,8.0,8.0,8.0,4.0,0.0,242338.0,95.0,0.0,6,11,51,LCC0819,2010-08-10,1,1062.0
1,0,1,0.0,0.0,0.0,0.0,1.0,0.0,0.0,35436.0,10.0,0.0,30,12,1,GDF0704,2010-05-20,0,25.0
1,0,1,0.0,0.0,0.0,0.0,15.0,1.0,0.0,457454.0,162.0,0.0,32,10,7,NMC0486,2010-11-01,0,812.0
1,1,1,0.0,0.0,0.0,0.0,3.0,2.0,2.0,74163.0,29.0,0.0,39,15,29,AKK0329,2011-01-25,0,699.0
1,0,1,0.0,0.0,0.0,0.0,3.0,2.0,5.0,92698.0,29.0,0.0,39,15,12,LJR0523,2010-08-09,0,248.0
2,2,1,0.0,0.0,0.0,0.0,18.0,6.0,5.0,559564.0,190.0,8.0,9,19,32,WKD0013,2011-04-05,0,2632.0
2,0,1,0.0,0.0,0.0,0.0,19.0,2.0,13.0,616090.0,190.0,9.0,9,2,37,DJB0159,2010-03-25,0,433.0
1,0,1,0.0,0.0,0.0,0.0,3.0,3.0,0.0,92975.0,29.0,0.0,39,15,12,CJM0521,2010-05-21,0,149.0
2,0,1,0.0,0.0,0.0,0.0,1.0,1.0,0.0,58251.0,10.0,0.0,30,12,1,CTR0697,2010-05-17,0,42.0
1,0,1,0.0,0.0,0.0,0.0,5.0,0.0,2.0,180081.0,95.0,4.0,24,5,52,ORM0669,2010-10-12,0,687.0
1,0,1,0.0,0.0,0.0,0.0,15.0,1.0,0.0,374310.0,162.0,0.0,32,10,46,FBW0747,2011-03-29,0,1856.0
1,0,1,0.0,0.0,0.0,0.0,9.0,2.0,6.0,330223.0,95.0,11.0,25,14,33,SMW0084,2011-03-28,0,660.0
1,1,1,0.0,0.0,0.0,0.0,1.0,1.0,0.0,19787.0,10.0,0.0,30,12,3,EHB0824,2010-04-27,0,103.0
1,0,1,2.0,0.0,5.0,5.0,3.0,1.0,6.0,87773.0,29.0,0.0,39,15,9,UAD0771,2010-04-12,0,420.0
1,0,1,0.0,0.0,0.0,0.0,14.0,4.0,3.0,466110.0,162.0,0.0,32,10,34,ZJE0857,2011-01-26,0,1832.0
2,0,1,0.0,0.0,0.0,0.0,18.0,12.0,21.0,516385.0,190.0,11.0,5,14,19,GKO0078,2010-04-23,0,648.0
1,0,1,0.0,0.0,0.0,0.0,1.0,0.0,1.0,29306.0,10.0,0.0,30,12,1,FWM0707,2010-10-13,0,95.0
1,1,1,0.0,0.0,0.0,0.0,9.0,8.0,4.0,291229.0,95.0,0.0,7,11,61,HGG0240,2010-06-07,0,532.0
1,0,1,0.0,0.0,0.0,0.0,9.0,2.0,13.0,297638.0,95.0,0.0,8,17,63,NAR0981,2011-01-21,0,1197.0
2,0,1,1.0,0.0,4.0,4.0,13.0,1.0,8.0,439744.0,143.0,4.0,34,21,17,SJO0209,2010-06-22,0,630.0
1,0,1,2.0,0.0,0.0,0.0,9.0,4.0,4.0,270323.0,100.0,9.0,7,11,61,CCL0068,2010-12-27,1,1372.0
1,1,1,0.0,0.0,0.0,0.0,1.0,0.0,0.0,51350.0,95.0,0.0,6,11,56,WTR0563,2010-09-16,0,614.0
2,0,1,0.0,0.0,0.0,0.0,9.0,0.0,4.0,275011.0,95.0,6.0,33,5,41,CAB0388,2010-01-08,0,13.0
1,0,1,0.0,0.0,0.0,0.0,0.0,0.0,0.0,0.0,143.0,0.0,22,21,24,FAW0032,2010-10-05,0,935.0
2,1,1,2.0,1.0,5.0,4.0,9.0,6.0,7.0,274644.0,103.0,2.0,18,1,30,RHL0992,2010-07-19,1,872.0
1,1,1,0.0,0.0,0.0,0.0,9.0,2.0,1.0,266728.0,95.0,2.0,40,14,49,HCL0113,2010-10-04,0,875.0
1,0,1,8.0,0.0,7.0,7.0,3.0,1.0,2.0,101222.0,29.0,2.0,39,15,9,IJM0776,2010-08-06,1,435.0
2,1,1,0.0,0.0,0.0,0.0,3.0,3.0,0.0,64252.0,29.0,0.0,39,15,11,MIB0904,2010-03-05,0,97.0
1,0,1,0.0,0.0,0.0,0.0,14.0,4.0,5.0,419060.0,162.0,0.0,32,10,7,DDA0476,2011-01-13,0,1280.0
1,1,1,0.0,0.0,0.0,0.0,9.0,8.0,2.0,236883.0,95.0,0.0,35,11,39,ALH0402,2010-06-22,0,520.0
1,1,1,0.0,0.0,0.0,0.0,9.0,5.0,7.0,285715.0,95.0,0.0,35,11,39,FSB0399,2010-02-26,0,162.0
1,0,1,1.0,0.0,3.0,3.0,15.0,7.0,5.0,520166.0,171.0,3.0,32,10,7,XHW0498,2010-08-25,1,1505.0
2,1,1,2.0,1.0,1.0,1.0,11.0,7.0,2.0,370442.0,114.0,0.0,1,5,38,AKR0057,2010-04-07,0,424.0
1,0,1,0.0,0.0,0.0,0.0,15.0,9.0,1.0,497876.0,162.0,0.0,32,10,34,BAH0875,2011-04-01,0,1684.0
1,1,1,1.0,0.0,0.0,0.0,12.0,7.0,0.0,360964.0,97.0,0.0,40,14,49,CEJ0109,2011-02-25,1,1765.0
1,0,1,3.0,0.0,0.0,0.0,13.0,10.0,2.0,372392.0,124.0,0.0,1,2,18,DRR0162,2010-11-16,1,1275.0
1,1,1,0.0,0.0,0.0,0.0,1.0,0.0,0.0,41076.0,10.0,0.0,30,12,54,AMJ0297,2010-01-22,0,14.0
1,0,1,9.0,0.0,27.0,27.0,16.0,13.0,1.0,514879.0,162.0,0.0,32,10,46,QRM0739,2010-04-27,0,2069.0
1,0,1,0.0,0.0,0.0,0.0,9.0,5.0,0.0,226898.0,95.0,7.0,24,5,53,SVL0803,2010-07-23,0,547.0
2,0,1,1.0,0.0,0.0,0.0,15.0,11.0,12.0,420175.0,170.0,0.0,32,10,34,RLG0856,2010-03-03,0,276.0
1,0,1,0.0,0.0,0.0,0.0,1.0,1.0,0.0,24336.0,10.0,0.0,30,12,4,BHW0458,2010-09-10,0,158.0
1,1,1,0.0,0.0,0.0,0.0,1.0,1.0,0.0,16248.0,10.0,0.0,30,12,65,NSC0597,2010-03-31,0,78.0
1,0,1,0.0,0.0,0.0,0.0,8.0,5.0,4.0,264341.0,95.0,0.0,33,5,53,CNM0800,2010-04-27,0,152.0
1,0,1,0.0,0.0,0.0,0.0,2.0,0.0,0.0,65510.0,29.0,0.0,39,15,9,AKH0758,2010-11-15,0,190.0
2,1,1,1.0,0.0,0.0,0.0,9.0,6.0,2.0,255460.0,95.0,0.0,24,5,38,VSA0230,2010-07-14,0,921.0
1,0,1,1.0,0.0,0.0,0.0,9.0,2.0,0.0,277383.0,103.0,7.0,37,14,31,HBO0413,2011-03-11,1,2107.0
1,0,1,0.0,0.0,0.0,0.0,16.0,9.0,5.0,468415.0,162.0,13.0,32,10,67,SCF0608,2010-12-03,0,1617.0
1,1,1,9.0,0.0,15.0,14.0,14.0,1.0,2.0,451819.0,143.0,3.0,22,11,59,VIA0063,2010-09-20,0,4965.0
1,1,1,0.0,0.0,0.0,0.0,1.0,0.0,0.0,27141.0,10.0,0.0,30,12,3,ILC0838,2010-07-29,0,200.0
1,0,1,0.0,0.0,0.0,0.0,9.0,2.0,5.0,215952.0,95.0,0.0,40,14,15,RAS0432,2010-10-20,0,642.0
1,0,1,3.0,0.0,1.0,1.0,11.0,1.0,7.0,288163.0,119.0,5.0,1,2,18,DRR0162,2010-11-12,1,1263.0
1,1,1,2.0,0.0,2.0,2.0,4.0,4.0,0.0,158783.0,18.0,0.0,30,12,65,MDH0580,2011-01-20,1,823.0
1,1,1,9.0,0.0,19.0,15.0,3.0,1.0,0.0,89048.0,29.0,2.0,39,15,11,ZKS0899,2011-02-21,0,7023.0
1,0,1,4.0,0.0,1.0,1.0,15.0,2.0,4.0,436776.0,166.0,0.0,32,10,7,XHW0498,2010-08-30,1,1531.0
1,1,1,0.0,0.0,0.0,0.0,9.0,0.0,0.0,259773.0,95.0,13.0,24,5,36,NRD0548,2010-04-12,0,334.0
1,1,1,0.0,0.0,0.0,0.0,11.0,8.0,0.0,279193.0,114.0,0.0,1,22,37,KRG0158,2010-04-06,0,310.0
2,0,1,0.0,0.0,0.0,0.0,10.0,8.0,2.0,248235.0,95.0,0.0,28,5,52,IBM0671,2010-07-14,0,829.0
2,1,1,9.0,0.0,25.0,24.0,9.0,7.0,8.0,309883.0,90.0,0.0,10,7,27,SAA0999,2010-06-28,0,3393.0
1,0,1,0.0,0.0,0.0,0.0,15.0,2.0,11.0,425705.0,162.0,0.0,32,10,7,SBN0495,2010-11-05,0,1463.0
1,0,1,0.0,0.0,0.0,0.0,9.0,8.0,7.0,227670.0,95.0,1.0,10,14,28,KAT0270,2010-12-21,0,1123.0
1,0,1,0.0,0.0,0.0,0.0,9.0,5.0,3.0,304202.0,95.0,9.0,24,5,53,SVL0803,2010-05-21,0,370.0
2,0,1,0.0,0.0,0.0,0.0,15.0,2.0,6.0,417815.0,162.0,0.0,32,10,47,AJR0319,2010-09-05,0,1106.0
1,0,1,3.0,0.0,23.0,21.0,10.0,2.0,7.0,316739.0,100.0,1.0,21,17,63,AIP0982,2010-11-10,0,4212.0
2,0,1,2.0,0.0,4.0,4.0,14.0,1.0,8.0,444353.0,143.0,1.0,34,21,17,RNP0211,2011-01-05,0,3109.0
1,1,1,2.0,0.0,4.0,3.0,9.0,3.0,4.0,252177.0,96.0,0.0,10,14,49,DIB0285,2010-08-12,1,906.0
1,1,1,0.0,0.0,0.0,0.0,1.0,1.0,1.0,29145.0,10.0,0.0,30,12,3,JAJ0849,2011-05-08,0,713.0
7,6,6,10.0,3.0,18.0,18.0,11.0,7.0,2.0,338959.0,114.0,0.0,17,21,25,MOS0047,2010-08-31,1,3108.0
1,0,1,0.0,0.0,0.0,0.0,15.0,6.0,9.0,494191.0,162.0,0.0,32,10,47,AJR0319,2010-01-11,0,45.0
1,0,1,0.0,0.0,0.0,0.0,11.0,0.0,5.0,383190.0,114.0,0.0,1,17,63,JOL0024,2010-03-18,0,160.0
1,0,1,0.0,0.0,0.0,0.0,15.0,5.0,0.0,468171.0,162.0,4.0,32,10,47,MCF0327,2011-01-11,0,1338.0
1,0,1,0.0,0.0,0.0,0.0,15.0,11.0,15.0,431173.0,162.0,0.0,32,10,47,SDO0170,2010-10-28,0,1377.0
1,1,1,1.0,0.0,5.0,5.0,1.0,0.0,0.0,38934.0,11.0,1.0,30,12,65,MDH0580,2011-01-12,1,794.0
1,1,1,0.0,0.0,0.0,0.0,9.0,4.0,4.0,219603.0,103.0,0.0,10,14,49,DIB0285,2010-08-06,1,890.0
1,1,1,0.0,0.0,0.0,0.0,3.0,1.0,0.0,99852.0,29.0,3.0,39,15,29,CGF0337,2010-10-12,0,422.0
1,0,1,0.0,0.0,0.0,0.0,3.0,1.0,0.0,83545.0,29.0,0.0,39,15,9,QSV0778,2011-02-07,0,327.0
1,0,1,3.0,0.0,3.0,2.0,14.0,13.0,0.0,460291.0,166.0,0.0,32,10,67,FSC0601,2011-01-24,1,2014.0
1,1,1,0.0,0.0,0.0,0.0,9.0,3.0,1.0,288180.0,95.0,0.0,33,5,38,XBN0229,2010-11-11,0,953.0
1,0,1,0.0,0.0,0.0,0.0,15.0,11.0,0.0,455693.0,162.0,3.0,32,10,46,MHG0733,2010-06-23,0,709.0
1,0,1,0.0,0.0,0.0,0.0,15.0,7.0,3.0,459786.0,162.0,0.0,32,10,7,IMB0481,2011-01-26,0,2096.0
6,6,5,4.0,3.0,6.0,6.0,10.0,5.0,8.0,300419.0,114.0,0.0,17,21,25,EIS0041,2011-01-19,0,5925.0
1,0,1,3.0,0.0,5.0,5.0,8.0,5.0,0.0,231769.0,96.0,2.0,37,14,31,HBO0413,2011-02-24,1,2017.0
1,1,1,9.0,0.0,27.0,23.0,3.0,2.0,0.0,102977.0,29.0,0.0,39,15,11,ZKS0899,2010-04-23,0,1906.0
3,4,3,0.0,0.0,0.0,0.0,11.0,11.0,0.0,370120.0,114.0,0.0,17,21,25,HWY0038,2010-04-20,0,787.0
2,1,1,0.0,0.0,0.0,0.0,9.0,5.0,8.0,279172.0,95.0,0.0,10,14,31,EGD0409,2010-07-21,0,607.0
1,1,1,0.0,0.0,0.0,0.0,9.0,4.0,5.0,304884.0,90.0,6.0,40,14,49,IUY0279,2011-03-07,0,1402.0
1,1,1,6.0,0.0,6.0,3.0,9.0,1.0,5.0,283381.0,95.0,2.0,7,11,61,CCL0068,2011-02-10,1,1571.0
1,1,1,3.0,0.0,3.0,2.0,11.0,3.0,0.0,295754.0,105.0,5.0,24,5,36,RMW0542,2010-07-02,1,807.0
1,0,1,0.0,0.0,0.0,0.0,15.0,4.0,2.0,457347.0,162.0,0.0,32,10,34,JCW0858,2010-04-19,0,518.0
2,1,2,2.0,0.0,4.0,4.0,1.0,1.0,0.0,25183.0,29.0,3.0,3,12,20,SCP0130,2010-10-27,0,1172.0
1,1,1,5.0,0.0,5.0,5.0,12.0,6.0,14.0,278669.0,114.0,1.0,2,8,62,VSS0154,2010-10-19,1,1145.0
1,0,1,0.0,0.0,0.0,0.0,1.0,1.0,2.0,29129.0,10.0,0.0,30,12,54,TJB0302,2010-07-09,0,137.0
1,0,1,0.0,0.0,0.0,0.0,15.0,14.0,2.0,416014.0,162.0,0.0,32,10,67,GBM0603,2011-01-11,0,1627.0
1,0,1,0.0,0.0,0.0,0.0,18.0,11.0,12.0,551159.0,190.0,24.0,5,14,19,AMD0077,2010-11-04,0,1369.0
1,0,1,0.0,0.0,0.0,0.0,1.0,1.0,0.0,18474.0,10.0,0.0,30,12,4,KPP0452,2010-04-29,0,80.0
1,0,1,1.0,0.0,0.0,0.0,3.0,3.0,1.0,79790.0,34.0,5.0,39,15,9,IJM0776,2010-07-08,1,367.0
1,0,1,0.0,0.0,0.0,0.0,2.0,1.0,2.0,58614.0,30.0,0.0,39,15,9,NRO0768,2011-04-07,0,396.0
7,12,6,14.0,7.0,15.0,13.0,12.0,3.0,0.0,394738.0,121.0,14.0,17,21,26,BSS0369,2010-09-30,1,4378.0
6,4,5,6.0,2.0,13.0,13.0,11.0,5.0,5.0,318095.0,119.0,0.0,17,21,25,MOS0047,2010-07-22,1,2593.0
1,0,1,0.0,0.0,0.0,0.0,17.0,12.0,6.0,498423.0,190.0,0.0,5,14,19,HRB0351,2010-04-14,0,864.0
1,0,1,0.0,0.0,0.0,0.0,15.0,1.0,0.0,415486.0,162.0,0.0,32,10,46,PRM0740,2010-07-12,0,414.0
1,0,1,0.0,0.0,0.0,0.0,14.0,7.0,0.0,423851.0,143.0,0.0,19,17,63,HPM0986,2010-09-13,0,910.0
2,1,1,0.0,0.0,0.0,0.0,9.0,5.0,5.0,311062.0,95.0,1.0,7,11,6,CCH0685,2010-05-12,0,402.0
1,0,1,0.0,0.0,0.0,0.0,9.0,4.0,7.0,269177.0,95.0,0.0,36,9,23,USH0199,2011-05-09,0,1475.0
1,0,1,0.0,0.0,0.0,0.0,9.0,6.0,3.0,252501.0,90.0,6.0,6,11,61,DRR0242,2011-02-19,0,1304.0
1,0,1,0.0,0.0,0.0,0.0,11.0,9.0,4.0,294101.0,114.0,0.0,16,6,10,NKH0979,2010-05-07,0,380.0
2,1,1,0.0,0.0,0.0,0.0,0.0,0.0,0.0,0.0,27.0,0.0,39,15,29,NOB0181,2010-03-01,0,323.0
1,1,1,0.0,0.0,0.0,0.0,11.0,6.0,0.0,333004.0,114.0,0.0,1,14,49,EMW0105,2010-10-22,0,1375.0
1,0,1,0.0,0.0,0.0,0.0,2.0,1.0,10.0,50294.0,95.0,6.0,10,14,22,DBG0261,2011-05-02,0,921.0
1,1,1,1.0,0.0,0.0,0.0,11.0,6.0,3.0,356018.0,121.0,1.0,2,8,62,VSS0154,2010-10-01,1,1063.0
5,4,4,10.0,2.0,10.0,10.0,11.0,1.0,5.0,322464.0,114.0,0.0,17,21,25,MOS0047,2010-08-24,1,3023.0
1,0,1,1.0,0.0,3.0,2.0,8.0,1.0,10.0,213501.0,100.0,0.0,33,5,57,FKK0055,2010-01-28,0,129.0
2,0,1,0.0,0.0,0.0,0.0,3.0,1.0,4.0,80965.0,29.0,0.0,39,15,12,YJF0532,2010-03-11,0,41.0
1,1,1,3.0,0.0,1.0,0.0,9.0,2.0,2.0,298813.0,98.0,0.0,10,14,49,DIB0285,2010-08-03,1,873.0
2,0,1,9.0,0.0,21.0,16.0,9.0,2.0,2.0,267434.0,95.0,5.0,35,11,14,LBH0942,2010-10-26,0,6367.0
1,1,1,0.0,0.0,0.0,0.0,0.0,0.0,0.0,0.0,10.0,0.0,30,12,3,FRR0832,2011-03-30,0,435.0
2,3,1,1.0,1.0,0.0,0.0,9.0,0.0,0.0,254822.0,100.0,2.0,37,14,31,FTM0406,2010-12-02,1,1100.0
1,0,1,0.0,0.0,0.0,0.0,15.0,11.0,0.0,503976.0,162.0,0.0,32,10,7,NMC0486,2010-05-19,0,411.0
1,1,1,0.0,0.0,0.0,0.0,9.0,4.0,0.0,257658.0,95.0,5.0,37,14,31,HKB0418,2011-02-02,0,895.0
2,1,1,0.0,0.0,0.0,0.0,9.0,1.0,1.0,260347.0,95.0,0.0,33,5,45,KMB0922,2010-05-17,0,837.0
1,1,1,0.0,0.0,0.0,0.0,7.0,2.0,4.0,237437.0,95.0,0.0,6,11,6,EDA0684,2010-02-18,0,156.0
1,0,1,3.0,0.0,5.0,5.0,10.0,3.0,3.0,280750.0,104.0,2.0,14,14,28,NWT0098,2011-02-11,1,1638.0
1,1,1,0.0,0.0,0.0,0.0,1.0,1.0,0.0,49797.0,10.0,0.0,30,12,3,EHB0824,2010-02-24,0,45.0
1,0,1,0.0,0.0,0.0,0.0,15.0,9.0,9.0,441530.0,162.0,0.0,32,10,67,JAD0609,2010-08-26,0,809.0
2,1,1,0.0,0.0,0.0,0.0,9.0,6.0,3.0,253174.0,95.0,5.0,35,11,39,AIP0394,2010-08-31,0,760.0
1,1,1,0.0,0.0,0.0,0.0,1.0,0.0,2.0,35421.0,10.0,0.0,30,12,4,HDJ0446,2010-10-01,0,143.0
1,0,1,0.0,0.0,0.0,0.0,18.0,14.0,1.0,506993.0,190.0,0.0,9,6,32,BTS0011,2011-02-02,0,1591.0
1,0,1,0.0,0.0,0.0,0.0,9.0,3.0,0.0,271612.0,95.0,1.0,7,14,31,NCK0421,2011-05-11,0,1589.0
1,1,1,2.0,0.0,0.0,0.0,9.0,7.0,0.0,268248.0,100.0,9.0,24,5,36,RMW0542,2010-07-08,1,820.0
1,0,1,1.0,0.0,0.0,0.0,15.0,6.0,0.0,418969.0,170.0,3.0,32,10,7,KRL0501,2010-12-10,1,1781.0
1,0,1,0.0,0.0,0.0,0.0,1.0,1.0,0.0,68822.0,10.0,0.0,30,12,50,FPC0954,2010-03-30,0,20.0
1,1,1,0.0,0.0,0.0,0.0,1.0,0.0,0.0,26433.0,10.0,0.0,30,12,65,JRL0574,2010-04-12,0,92.0
1,1,1,0.0,0.0,0.0,0.0,9.0,2.0,0.0,276485.0,95.0,0.0,10,7,27,JKB0126,2010-04-15,0,354.0
2,0,2,0.0,0.0,0.0,0.0,15.0,1.0,6.0,423518.0,153.0,0.0,32,10,47,CPG0322,2010-11-18,0,1463.0
1,0,1,0.0,0.0,0.0,0.0,9.0,0.0,4.0,270329.0,95.0,17.0,24,5,41,DLF0377,2011-04-19,0,962.0
2,1,1,6.0,3.0,4.0,3.0,9.0,0.0,7.0,214189.0,95.0,1.0,18,1,30,RHL0992,2010-08-20,1,1052.0
1,1,1,0.0,0.0,0.0,0.0,3.0,0.0,2.0,73033.0,29.0,0.0,39,15,35,DKB0631,2010-11-01,0,484.0
1,0,1,0.0,0.0,0.0,0.0,15.0,8.0,5.0,401178.0,162.0,0.0,32,10,46,UJC0737,2011-05-12,0,1905.0
1,0,1,0.0,0.0,0.0,0.0,9.0,3.0,1.0,257613.0,95.0,5.0,10,14,22,ABC0253,2010-08-16,0,570.0
1,0,1,1.0,0.0,4.0,4.0,3.0,1.0,1.0,125533.0,29.0,2.0,39,15,9,SAB0781,2010-11-18,0,1002.0
6,10,6,0.0,0.0,0.0,0.0,11.0,3.0,0.0,270051.0,114.0,0.0,17,21,25,QNP0216,2010-06-07,0,961.0
1,1,1,0.0,0.0,0.0,0.0,1.0,1.0,1.0,54827.0,10.0,0.0,30,12,54,JCR0289,2010-11-24,0,238.0
1,0,1,7.0,0.0,5.0,5.0,1.0,0.0,0.0,30011.0,10.0,0.0,30,12,50,HXL0968,2010-10-06,1,465.0
5,6,5,6.0,3.0,24.0,23.0,14.0,4.0,10.0,358899.0,119.0,0.0,17,21,25,MOS0047,2010-07-20,1,2539.0
2,1,1,1.0,0.0,9.0,8.0,8.0,5.0,3.0,219004.0,95.0,0.0,35,11,39,VCC0396,2010-02-25,0,368.0
1,0,1,0.0,0.0,0.0,0.0,15.0,1.0,9.0,465336.0,162.0,0.0,32,10,7,CJC0494,2010-07-12,0,529.0
4,1,2,0.0,0.0,0.0,0.0,9.0,0.0,13.0,295329.0,100.0,17.0,24,5,53,CJF0802,2010-05-20,0,226.0
1,0,1,0.0,0.0,0.0,0.0,11.0,6.0,0.0,373794.0,114.0,0.0,1,22,32,TCD0009,2010-03-04,0,161.0
1,1,1,7.0,0.0,8.0,8.0,9.0,1.0,0.0,271482.0,99.0,2.0,24,5,36,RMW0542,2010-07-21,1,873.0
1,0,1,5.0,0.0,8.0,7.0,14.0,2.0,6.0,364960.0,162.0,0.0,32,10,67,FSC0601,2011-03-17,1,2308.0
2,0,1,1.0,0.0,1.0,1.0,1.0,0.0,0.0,42615.0,9.0,0.0,30,12,54,CCM0136,2011-02-21,0,362.0
1,1,1,0.0,0.0,0.0,0.0,9.0,2.0,6.0,255749.0,95.0,2.0,6,11,56,DOP0562,2011-01-20,0,977.0
1,1,1,1.0,0.0,0.0,0.0,1.0,1.0,1.0,36853.0,15.0,0.0,30,12,65,MDH0580,2011-01-19,1,821.0
1,0,1,0.0,0.0,0.0,0.0,9.0,0.0,1.0,230769.0,95.0,1.0,35,11,61,ABN0239,2010-01-28,0,65.0
2,1,1,1.0,0.0,13.0,12.0,9.0,3.0,5.0,245836.0,90.0,6.0,35,11,61,HVF0067,2011-03-11,0,2749.0
1,0,1,0.0,0.0,0.0,0.0,9.0,6.0,1.0,232022.0,95.0,0.0,7,11,61,HGG0240,2010-08-05,0,711.0
1,0,1,0.0,0.0,0.0,0.0,15.0,2.0,3.0,466448.0,162.0,2.0,32,10,34,JCW0858,2011-03-21,0,1985.0
1,0,1,0.0,0.0,0.0,0.0,0.0,0.0,0.0,0.0,0.0,0.0,18,1,30,KCO0122,2010-04-17,0,766.0
1,0,1,0.0,0.0,0.0,0.0,15.0,7.0,13.0,498795.0,162.0,3.0,32,10,67,DMM0623,2011-01-20,0,1514.0
2,1,1,0.0,0.0,0.0,0.0,1.0,0.0,0.0,43147.0,10.0,0.0,30,12,3,PMV0850,2011-05-04,0,1033.0
1,0,1,0.0,0.0,0.0,0.0,0.0,0.0,0.0,0.0,10.0,0.0,30,12,50,ICS0956,2010-09-13,0,55.0
2,2,1,0.0,0.0,0.0,0.0,10.0,2.0,0.0,280045.0,143.0,0.0,22,21,24,FAW0032,2010-07-16,1,650.0
1,1,1,1.0,0.0,7.0,6.0,9.0,4.0,3.0,275777.0,95.0,9.0,37,14,31,AHM0410,2010-04-02,0,529.0
1,0,1,2.0,0.0,0.0,0.0,1.0,0.0,1.0,28657.0,14.0,0.0,30,12,1,RAR0725,2010-08-03,1,315.0
1,0,1,0.0,0.0,0.0,0.0,27.0,5.0,3.0,815193.0,285.0,0.0,41,22,48,KWC0004,2010-06-15,0,1516.0
1,0,1,1.0,0.0,0.0,0.0,3.0,2.0,1.0,82687.0,14.0,0.0,30,12,54,EGD0132,2010-08-16,1,423.0
2,1,1,7.0,3.0,4.0,3.0,10.0,0.0,4.0,301708.0,95.0,0.0,18,1,30,RHL0992,2010-08-26,1,1081.0
1,0,1,0.0,0.0,0.0,0.0,9.0,7.0,1.0,259442.0,95.0,0.0,7,14,28,OMS0101,2010-03-16,0,185.0
1,0,1,6.0,0.0,11.0,10.0,1.0,1.0,0.0,23610.0,10.0,0.0,30,12,50,HXL0968,2010-10-25,1,516.0
1,1,1,1.0,0.0,4.0,4.0,11.0,1.0,2.0,368464.0,123.0,3.0,2,8,62,VSS0154,2010-09-17,1,1011.0
2,0,1,2.0,0.0,8.0,6.0,9.0,2.0,3.0,278560.0,95.0,0.0,37,14,28,JMK0099,2011-04-27,0,1973.0
2,0,2,0.0,0.0,0.0,0.0,9.0,2.0,14.0,288931.0,95.0,0.0,12,15,55,BHC0665,2010-01-25,0,31.0
1,0,1,0.0,0.0,0.0,0.0,15.0,1.0,7.0,451163.0,162.0,0.0,32,10,7,KAT0489,2010-01-25,0,50.0
2,2,2,3.0,1.0,5.0,5.0,11.0,7.0,8.0,353794.0,114.0,0.0,17,21,25,CCA0046,2010-05-25,0,1774.0
2,0,1,1.0,0.0,7.0,5.0,3.0,0.0,0.0,75233.0,29.0,0.0,39,15,9,HAH0760,2010-01-12,0,30.0
1,1,1,0.0,0.0,0.0,0.0,3.0,0.0,0.0,100855.0,29.0,0.0,39,15,35,OSH0655,2010-01-15,0,21.0
1,0,1,0.0,0.0,0.0,0.0,8.0,7.0,0.0,194466.0,95.0,6.0,24,5,53,OCB0805,2011-02-11,0,943.0
1,0,1,0.0,0.0,0.0,0.0,9.0,4.0,12.0,297004.0,95.0,0.0,36,16,44,EIM0156,2010-08-24,0,562.0
2,1,2,0.0,0.0,0.0,0.0,9.0,9.0,8.0,244011.0,95.0,0.0,27,20,2,LNS0989,2010-10-18,0,953.0
2,0,1,2.0,0.0,5.0,4.0,3.0,2.0,3.0,106456.0,14.0,0.0,30,12,50,TNM0961,2010-10-25,1,463.0
3,0,2,0.0,0.0,0.0,0.0,1.0,0.0,1.0,25139.0,10.0,1.0,30,12,50,TDG0962,2010-01-19,0,4.0
2,1,2,0.0,0.0,0.0,0.0,9.0,4.0,6.0,312285.0,95.0,0.0,25,14,49,ESH0283,2010-02-08,0,206.0
2,0,1,0.0,0.0,0.0,0.0,8.0,8.0,3.0,235432.0,95.0,0.0,35,11,61,ABN0239,2010-03-26,0,209.0
2,0,1,0.0,0.0,0.0,0.0,19.0,2.0,11.0,603309.0,190.0,1.0,9,11,40,TVS0050,2010-04-29,0,343.0
1,0,1,0.0,0.0,0.0,0.0,13.0,5.0,5.0,343187.0,143.0,2.0,22,21,24,FAW0032,2011-03-17,0,1471.0
1,1,1,7.0,1.0,3.0,3.0,11.0,6.0,9.0,384270.0,114.0,6.0,2,8,62,VSS0154,2010-10-22,1,1167.0
1,1,1,0.0,0.0,0.0,0.0,9.0,2.0,6.0,274524.0,95.0,3.0,10,7,27,TJD0996,2010-03-17,0,170.0
1,1,1,0.0,0.0,0.0,0.0,9.0,6.0,2.0,295859.0,95.0,0.0,25,7,27,TTD1000,2010-07-21,0,805.0
2,0,1,9.0,0.0,27.0,22.0,0.0,0.0,0.0,0.0,95.0,21.0,35,11,14,LBH0942,2010-05-21,0,3113.0
1,0,1,0.0,0.0,0.0,0.0,3.0,0.0,1.0,85247.0,29.0,0.0,39,15,9,SKG0759,2010-04-08,0,83.0
2,2,1,0.0,0.0,0.0,0.0,10.0,1.0,3.0,345723.0,108.0,0.0,1,18,42,SPA0141,2010-12-14,0,726.0
1,1,1,0.0,0.0,0.0,0.0,1.0,0.0,0.0,26910.0,10.0,0.0,30,12,54,AMJ0297,2010-06-14,0,109.0
1,1,1,0.0,0.0,0.0,0.0,9.0,1.0,5.0,283449.0,95.0,22.0,37,14,31,RGN0408,2010-04-30,0,212.0
1,0,1,0.0,0.0,0.0,0.0,16.0,9.0,11.0,546591.0,153.0,0.0,32,10,34,ATE0869,2010-04-16,0,764.0
1,0,1,0.0,0.0,0.0,0.0,11.0,2.0,3.0,339950.0,114.0,0.0,1,22,58,GRC0145,2011-02-04,0,1268.0
1,0,1,4.0,0.0,5.0,4.0,1.0,1.0,0.0,16932.0,15.0,1.0,30,12,50,HXL0968,2010-09-23,1,433.0
1,1,1,8.0,0.0,23.0,17.0,6.0,5.0,4.0,187258.0,120.0,0.0,31,4,5,HSB0196,2011-04-20,0,12129.0
2,0,1,1.0,0.0,0.0,0.0,13.0,10.0,3.0,381637.0,143.0,2.0,22,11,59,SBH0537,2010-08-04,0,1132.0
1,0,1,3.0,0.0,6.0,6.0,16.0,5.0,10.0,444268.0,162.0,0.0,32,10,34,OCS0865,2010-11-08,0,2195.0
1,1,1,0.0,0.0,0.0,0.0,9.0,7.0,5.0,203237.0,95.0,2.0,6,11,51,NKH0807,2010-02-26,0,137.0
2,0,1,2.0,0.0,8.0,6.0,8.0,1.0,3.0,265434.0,95.0,5.0,37,14,31,AHM0410,2011-04-04,0,2766.0
1,0,1,0.0,0.0,0.0,0.0,9.0,5.0,4.0,299238.0,95.0,5.0,35,11,14,JGM0934,2010-11-23,0,915.0
2,0,1,0.0,0.0,0.0,0.0,10.0,1.0,5.0,297130.0,95.0,0.0,11,13,66,JJM0203,2010-10-18,1,969.0
1,1,1,0.0,0.0,0.0,0.0,1.0,0.0,2.0,29409.0,10.0,0.0,30,12,3,LJB0826,2010-12-28,0,315.0
2,1,1,4.0,0.0,0.0,0.0,11.0,6.0,9.0,395653.0,120.0,0.0,1,5,38,AKR0057,2010-10-11,1,1380.0
1,0,1,0.0,0.0,0.0,0.0,15.0,9.0,12.0,459658.0,162.0,0.0,32,10,47,HKI0171,2010-10-28,0,1523.0
1,0,1,0.0,0.0,0.0,0.0,5.0,0.0,0.0,185222.0,143.0,0.0,22,10,21,MAW0166,2011-01-19,0,981.0
2,0,1,6.0,0.0,9.0,9.0,1.0,0.0,0.0,27991.0,10.0,0.0,30,12,50,TNM0961,2010-12-02,1,545.0
1,1,1,0.0,0.0,0.0,0.0,1.0,0.0,0.0,24192.0,10.0,0.0,30,12,54,CLS0296,2010-02-17,0,23.0
1,0,1,0.0,0.0,0.0,0.0,9.0,5.0,0.0,271925.0,95.0,2.0,24,5,52,SEJ0677,2010-02-01,0,59.0
1,1,1,0.0,0.0,0.0,0.0,9.0,4.0,8.0,253539.0,95.0,10.0,35,11,39,ADC0391,2010-06-09,0,457.0
1,0,1,3.0,0.0,3.0,3.0,14.0,9.0,16.0,380422.0,170.0,2.0,32,10,67,FSC0601,2011-01-26,1,2030.0
1,1,1,0.0,0.0,0.0,0.0,9.0,2.0,1.0,231798.0,114.0,7.0,31,4,5,SAT0194,2011-04-27,0,1825.0
1,0,1,0.0,0.0,0.0,0.0,1.0,0.0,6.0,36810.0,10.0,1.0,30,12,50,LRW0970,2010-12-27,0,70.0
1,1,1,5.0,0.0,7.0,6.0,10.0,4.0,0.0,315502.0,95.0,11.0,37,14,31,HBO0413,2011-03-28,1,2193.0
1,1,1,0.0,0.0,0.0,0.0,9.0,7.0,3.0,282181.0,95.0,0.0,35,11,61,TMA0069,2010-06-04,0,434.0
1,0,1,0.0,0.0,0.0,0.0,1.0,0.0,0.0,28109.0,10.0,0.0,30,12,1,MKG0711,2011-03-14,0,134.0
1,0,1,0.0,0.0,0.0,0.0,15.0,1.0,6.0,486547.0,162.0,0.0,32,10,7,CJC0494,2010-11-18,0,867.0
1,1,1,0.0,0.0,0.0,0.0,1.0,1.0,0.0,30966.0,10.0,1.0,30,12,65,SOB0586,2010-11-18,0,311.0
1,1,1,0.0,0.0,0.0,0.0,1.0,1.0,0.0,18836.0,10.0,0.0,30,12,3,PTH0830,2011-04-11,0,558.0
1,0,1,0.0,0.0,0.0,0.0,14.0,6.0,0.0,428107.0,143.0,2.0,20,5,57,KDS0349,2010-10-26,0,1373.0
1,0,1,3.0,0.0,2.0,2.0,15.0,3.0,0.0,426334.0,166.0,2.0,32,10,7,KRL0501,2010-12-20,1,1832.0
1,1,1,6.0,0.0,8.0,5.0,9.0,0.0,0.0,306092.0,95.0,2.0,37,14,31,HBO0413,2011-04-07,1,2259.0
1,1,1,2.0,0.0,3.0,3.0,8.0,5.0,0.0,242648.0,97.0,0.0,10,14,49,DIB0285,2010-07-26,1,848.0
1,0,1,0.0,0.0,0.0,0.0,3.0,2.0,0.0,52147.0,29.0,0.0,39,15,9,NMF0780,2010-01-27,0,13.0
5,4,4,4.0,1.0,1.0,1.0,11.0,5.0,8.0,330089.0,114.0,14.0,17,21,26,HDS0367,2010-05-24,0,2098.0
2,1,1,0.0,0.0,0.0,0.0,9.0,2.0,5.0,283084.0,100.0,1.0,15,19,64,CRO0027,2011-01-06,0,1130.0
1,1,1,0.0,0.0,0.0,0.0,1.0,1.0,0.0,31767.0,29.0,2.0,39,15,11,CNB0900,2011-03-04,0,640.0
1,1,1,0.0,0.0,0.0,0.0,15.0,12.0,8.0,401061.0,162.0,0.0,32,10,34,MAH0864,2010-06-15,0,426.0
1,0,1,8.0,0.0,15.0,11.0,1.0,0.0,0.0,18944.0,9.0,0.0,30,12,50,AVM0947,2010-08-20,0,3204.0
1,1,1,2.0,0.0,0.0,0.0,10.0,2.0,0.0,242619.0,95.0,0.0,40,14,49,CEJ0109,2011-03-23,1,1885.0
2,1,1,0.0,0.0,0.0,0.0,1.0,1.0,0.0,45654.0,10.0,0.0,30,12,3,PMV0850,2010-02-16,0,96.0
1,0,1,3.0,0.0,4.0,2.0,11.0,1.0,4.0,309905.0,121.0,1.0,1,2,18,DRR0162,2010-12-07,1,1372.0
2,1,1,1.0,1.0,27.0,23.0,10.0,1.0,14.0,335730.0,95.0,0.0,24,5,45,XWD0923,2010-01-08,0,105.0
1,0,1,0.0,0.0,0.0,0.0,15.0,9.0,2.0,459092.0,153.0,6.0,32,10,47,AJH0175,2010-06-15,0,732.0
1,0,1,0.0,0.0,0.0,0.0,9.0,3.0,0.0,261244.0,95.0,10.0,25,14,33,MHG0244,2010-02-23,0,129.0
1,0,1,0.0,0.0,0.0,0.0,9.0,7.0,7.0,274364.0,95.0,6.0,35,11,56,KSH0569,2010-03-16,0,141.0
1,0,1,0.0,0.0,0.0,0.0,1.0,0.0,0.0,46636.0,10.0,0.0,30,12,50,NMB0972,2010-03-29,0,26.0
1,0,1,0.0,0.0,0.0,0.0,9.0,1.0,0.0,294471.0,95.0,1.0,37,14,28,DVW0103,2010-10-20,0,609.0
1,1,1,0.0,0.0,0.0,0.0,3.0,0.0,0.0,60315.0,29.0,0.0,39,15,29,HCC0344,2010-05-07,0,175.0
1,1,1,0.0,0.0,0.0,0.0,3.0,0.0,0.0,77292.0,29.0,0.0,39,15,29,AGB0186,2010-04-30,0,147.0
2,1,1,0.0,0.0,0.0,0.0,3.0,2.0,1.0,62449.0,29.0,0.0,39,15,35,HWH0646,2011-03-21,0,686.0
2,0,1,0.0,0.0,0.0,0.0,7.0,2.0,3.0,181609.0,285.0,0.0,41,22,48,TVS0006,2010-06-22,0,1135.0
2,1,1,0.0,0.0,0.0,0.0,7.0,0.0,6.0,216488.0,90.0,0.0,40,14,49,IUY0279,2010-07-16,0,660.0
2,1,1,1.0,0.0,3.0,2.0,11.0,0.0,13.0,343307.0,114.0,5.0,1,21,24,JDC0030,2010-01-08,0,48.0
1,0,1,0.0,0.0,0.0,0.0,14.0,9.0,4.0,417431.0,143.0,1.0,22,10,21,HDD0789,2011-01-20,0,959.0
1,0,1,3.0,0.0,5.0,4.0,2.0,1.0,1.0,40302.0,13.0,0.0,30,12,54,PNL0301,2010-06-29,1,325.0
1,0,1,0.0,0.0,0.0,0.0,15.0,2.0,0.0,431696.0,162.0,0.0,32,10,46,MHG0733,2011-05-12,0,2242.0
1,0,1,0.0,0.0,0.0,0.0,1.0,0.0,0.0,24818.0,10.0,0.0,30,12,50,SBN0971,2010-08-31,0,284.0
2,0,1,0.0,0.0,0.0,0.0,9.0,6.0,12.0,300116.0,95.0,0.0,40,14,15,IJM0444,2010-02-05,0,161.0
1,0,1,0.0,0.0,0.0,0.0,9.0,0.0,21.0,264430.0,95.0,10.0,33,5,41,RJM0381,2011-04-15,0,1056.0
1,1,1,0.0,0.0,0.0,0.0,3.0,0.0,0.0,73382.0,29.0,4.0,39,15,29,JSH0330,2010-05-27,0,219.0
1,0,1,0.0,0.0,0.0,0.0,1.0,0.0,0.0,35219.0,10.0,0.0,30,12,1,XLB0710,2010-09-21,0,53.0
2,0,1,0.0,0.0,0.0,0.0,1.0,0.0,0.0,18739.0,10.0,0.0,30,12,1,CQH0701,2010-12-27,0,265.0
2,0,1,2.0,0.0,1.0,1.0,15.0,10.0,5.0,438414.0,171.0,2.0,32,10,47,ABC0174,2010-11-17,1,2211.0
1,0,1,5.0,0.0,9.0,8.0,9.0,6.0,4.0,250160.0,95.0,0.0,7,11,61,CCL0068,2011-02-03,1,1526.0
1,0,1,0.0,0.0,0.0,0.0,27.0,14.0,5.0,821055.0,285.0,8.0,41,22,48,KWC0004,2010-10-08,0,2498.0
1,0,1,0.0,0.0,0.0,0.0,9.0,5.0,0.0,303521.0,95.0,0.0,7,11,14,VEB0935,2010-02-26,0,127.0
2,0,1,2.0,0.0,3.0,2.0,0.0,0.0,0.0,0.0,10.0,0.0,30,12,50,MLM0950,2010-12-13,0,1841.0
1,0,1,0.0,0.0,0.0,0.0,1.0,0.0,0.0,23120.0,10.0,1.0,30,12,50,CSL0949,2010-07-28,0,74.0
1,0,1,0.0,0.0,0.0,0.0,3.0,1.0,0.0,104033.0,29.0,0.0,39,15,12,LJR0523,2010-03-09,0,69.0
1,0,1,2.0,0.0,0.0,0.0,1.0,0.0,0.0,26906.0,10.0,0.0,30,12,54,PNL0301,2010-01-21,0,30.0
2,1,1,0.0,0.0,0.0,0.0,1.0,1.0,0.0,24803.0,10.0,0.0,30,12,3,JAJ0849,2010-12-21,0,525.0
1,0,1,2.0,0.0,0.0,0.0,15.0,3.0,5.0,427877.0,169.0,0.0,32,10,7,XHW0498,2010-09-07,1,1565.0
6,6,5,7.0,3.0,13.0,12.0,11.0,2.0,4.0,329155.0,123.0,0.0,17,21,25,MOS0047,2010-08-11,1,2820.0
1,1,1,0.0,0.0,0.0,0.0,8.0,4.0,4.0,253452.0,95.0,0.0,25,14,49,ZMC0284,2010-03-11,0,142.0
1,0,1,0.0,0.0,0.0,0.0,10.0,0.0,2.0,278445.0,95.0,0.0,33,5,52,ESJ0670,2010-05-12,0,1430.0
1,0,1,3.0,0.0,5.0,4.0,15.0,4.0,6.0,370250.0,164.0,0.0,32,10,47,ABC0174,2010-11-04,1,2132.0
1,1,1,0.0,0.0,0.0,0.0,3.0,0.0,1.0,98842.0,29.0,0.0,39,15,35,HTF0641,2010-07-16,0,295.0
2,0,1,1.0,0.0,1.0,1.0,9.0,5.0,2.0,252157.0,90.0,12.0,24,5,41,MPT0376,2010-07-16,0,899.0
1,1,1,0.0,0.0,0.0,0.0,11.0,9.0,0.0,301268.0,114.0,3.0,16,3,8,MDM0976,2011-04-13,0,1658.0
1,1,1,0.0,0.0,0.0,0.0,8.0,0.0,10.0,209278.0,95.0,0.0,10,14,49,HAC0282,2011-04-06,0,1047.0
1,0,1,2.0,0.0,9.0,7.0,2.0,0.0,0.0,48169.0,29.0,0.0,39,15,12,BMT0528,2010-07-22,0,829.0
1,0,1,0.0,0.0,0.0,0.0,14.0,2.0,14.0,396767.0,143.0,1.0,22,9,43,EWH0191,2011-04-26,0,1952.0
2,0,1,4.0,0.0,13.0,11.0,9.0,6.0,0.0,271355.0,114.0,0.0,1,6,10,SGM0021,2011-01-04,0,3126.0
1,0,1,0.0,0.0,0.0,0.0,3.0,1.0,2.0,110477.0,29.0,6.0,39,15,9,SKG0759,2011-01-27,0,328.0
1,1,1,2.0,0.0,0.0,0.0,12.0,3.0,1.0,342852.0,104.0,1.0,10,14,49,DIB0285,2010-08-09,1,895.0
1,0,1,2.0,0.0,0.0,0.0,9.0,3.0,3.0,275247.0,97.0,6.0,14,14,28,NWT0098,2011-02-23,1,1693.0
2,0,2,0.0,0.0,0.0,0.0,27.0,10.0,21.0,853058.0,285.0,2.0,41,22,48,BTW0005,2010-04-05,0,677.0
1,1,1,0.0,0.0,0.0,0.0,9.0,6.0,0.0,283264.0,95.0,1.0,33,5,38,DBS0235,2011-03-07,0,1686.0
2,1,1,1.0,0.0,4.0,4.0,9.0,2.0,4.0,254995.0,100.0,0.0,7,11,6,CAM0681,2010-11-19,0,1490.0
2,0,1,0.0,0.0,0.0,0.0,9.0,0.0,10.0,293468.0,95.0,0.0,35,11,61,BNG0237,2011-01-21,0,756.0
1,0,1,0.0,0.0,0.0,0.0,15.0,7.0,0.0,462381.0,162.0,14.0,32,10,34,PLH0862,2011-05-16,0,2362.0
1,1,1,0.0,0.0,0.0,0.0,1.0,1.0,0.0,57587.0,10.0,0.0,30,12,4,CCM0467,2010-08-12,0,142.0
2,0,2,9.0,0.0,27.0,27.0,17.0,7.0,6.0,497759.0,190.0,0.0,9,14,40,DLM0051,2010-10-07,0,7226.0
1,0,1,0.0,0.0,0.0,0.0,9.0,2.0,2.0,281875.0,95.0,5.0,35,11,14,HLM0933,2010-07-22,0,324.0
2,0,1,1.0,0.0,9.0,9.0,1.0,1.0,0.0,26756.0,10.0,0.0,30,12,50,MLM0950,2010-04-13,0,553.0
5,8,4,0.0,0.0,0.0,0.0,11.0,5.0,1.0,355131.0,114.0,11.0,17,21,26,JLM0364,2011-04-29,1,2656.0
1,1,1,0.0,0.0,0.0,0.0,1.0,0.0,0.0,29256.0,10.0,1.0,30,12,54,JCR0289,2011-01-05,0,263.0
1,0,1,9.0,0.0,25.0,23.0,9.0,3.0,6.0,299420.0,90.0,1.0,23,14,0,HCM0267,2010-06-04,0,2645.0
1,0,1,0.0,0.0,0.0,0.0,14.0,12.0,0.0,410595.0,143.0,0.0,34,21,17,AMV0036,2010-06-30,0,846.0
1,0,1,0.0,0.0,0.0,0.0,15.0,2.0,0.0,463464.0,162.0,0.0,32,10,46,GMF0738,2010-08-03,0,807.0
1,0,1,0.0,0.0,0.0,0.0,15.0,7.0,1.0,451989.0,162.0,0.0,32,10,34,CCM0855,2010-11-23,0,1401.0
1,1,1,0.0,0.0,0.0,0.0,9.0,2.0,5.0,251646.0,95.0,0.0,7,11,39,KAL0395,2010-11-19,0,714.0
2,1,1,0.0,0.0,0.0,0.0,9.0,3.0,6.0,276393.0,95.0,0.0,25,7,27,TDJ0998,2010-02-01,0,64.0
4,6,4,0.0,0.0,0.0,0.0,11.0,1.0,0.0,366943.0,114.0,16.0,17,21,26,JRS0362,2010-11-29,0,1850.0
1,1,1,0.0,0.0,0.0,0.0,1.0,0.0,0.0,13664.0,10.0,0.0,30,12,3,JRF0835,2010-10-13,0,280.0
1,0,1,0.0,0.0,0.0,0.0,1.0,1.0,0.0,22192.0,10.0,0.0,30,12,50,LRW0970,2011-03-02,0,87.0
1,0,1,0.0,0.0,0.0,0.0,14.0,13.0,0.0,398515.0,162.0,24.0,32,10,34,PLH0862,2010-01-15,0,65.0
1,1,1,0.0,0.0,0.0,0.0,3.0,2.0,0.0,78150.0,29.0,0.0,39,15,29,SJC0333,2011-04-14,0,732.0
1,0,1,0.0,0.0,0.0,0.0,9.0,6.0,0.0,308992.0,95.0,3.0,37,14,28,DVW0103,2010-07-23,0,427.0
2,0,1,0.0,0.0,0.0,0.0,7.0,4.0,4.0,221556.0,114.0,5.0,16,6,10,LMF0980,2010-05-03,0,361.0
2,1,1,0.0,0.0,0.0,0.0,3.0,3.0,0.0,89646.0,29.0,0.0,39,15,35,HWH0646,2010-03-25,0,128.0
1,1,1,0.0,0.0,0.0,0.0,9.0,6.0,3.0,262755.0,95.0,0.0,33,5,38,XBN0229,2010-04-08,0,282.0
1,1,1,0.0,0.0,0.0,0.0,9.0,6.0,0.0,272681.0,95.0,2.0,6,11,56,WTR0563,2010-06-28,0,427.0
1,0,1,0.0,0.0,0.0,0.0,15.0,3.0,8.0,484978.0,162.0,0.0,32,10,34,MAH0864,2010-01-07,0,14.0
1,0,1,0.0,0.0,0.0,0.0,9.0,7.0,4.0,283863.0,95.0,0.0,10,14,22,MIL0255,2010-05-18,0,385.0
1,0,1,0.0,0.0,0.0,0.0,14.0,2.0,3.0,488409.0,153.0,4.0,32,10,47,AJH0175,2010-07-19,0,918.0
2,1,1,9.0,2.0,0.0,0.0,9.0,0.0,2.0,243372.0,100.0,0.0,18,1,30,BRM0995,2010-01-12,0,48.0
1,0,1,0.0,0.0,0.0,0.0,1.0,0.0,0.0,31028.0,10.0,1.0,30,12,54,TAC0300,2010-08-26,0,159.0
1,1,1,0.0,0.0,0.0,0.0,9.0,4.0,4.0,262066.0,95.0,1.0,35,11,39,AIS0405,2010-10-04,0,951.0
2,0,2,3.0,0.0,0.0,0.0,1.0,1.0,0.0,30465.0,18.0,2.0,30,12,50,TNM0961,2010-10-19,1,448.0
1,0,1,0.0,0.0,0.0,0.0,10.0,7.0,3.0,376578.0,100.0,1.0,37,14,31,NBC0412,2010-08-06,0,683.0
1,1,1,0.0,0.0,0.0,0.0,9.0,4.0,0.0,261735.0,95.0,0.0,27,20,2,DLH0029,2011-02-04,0,1190.0
1,0,1,0.0,0.0,0.0,0.0,15.0,10.0,3.0,441185.0,162.0,0.0,32,10,7,CBG0490,2010-08-20,0,918.0
2,1,1,0.0,0.0,0.0,0.0,9.0,9.0,2.0,238575.0,90.0,4.0,7,11,39,AMW0392,2010-05-28,0,586.0
2,1,1,4.0,1.0,26.0,21.0,10.0,4.0,2.0,296758.0,95.0,0.0,24,5,45,XWD0923,2010-03-16,0,1402.0
2,1,1,0.0,0.0,0.0,0.0,3.0,1.0,9.0,121274.0,30.0,0.0,39,15,11,IBP0883,2010-06-18,0,302.0
1,0,1,0.0,0.0,0.0,0.0,3.0,3.0,2.0,89650.0,29.0,0.0,39,15,9,DEB0782,2011-03-28,0,350.0
1,1,1,0.0,0.0,0.0,0.0,8.0,2.0,16.0,250576.0,95.0,6.0,18,1,30,LAF0991,2010-08-04,0,664.0
1,0,1,0.0,0.0,0.0,0.0,15.0,10.0,2.0,438669.0,162.0,0.0,32,10,34,MAH0864,2010-08-12,0,612.0
3,1,2,0.0,0.0,0.0,0.0,9.0,1.0,4.0,216223.0,95.0,0.0,27,20,2,LNS0989,2011-03-23,0,1424.0
1,0,1,0.0,0.0,0.0,0.0,14.0,8.0,7.0,384910.0,162.0,1.0,32,10,47,HKI0171,2010-04-05,0,433.0
2,0,1,0.0,0.0,0.0,0.0,15.0,3.0,9.0,458155.0,162.0,0.0,32,10,67,BAM0611,2010-01-28,0,71.0
4,4,3,2.0,2.0,8.0,6.0,10.0,5.0,5.0,319319.0,114.0,0.0,17,21,25,EIS0041,2010-12-07,0,5308.0
1,0,1,0.0,0.0,0.0,0.0,7.0,6.0,0.0,226825.0,143.0,0.0,22,10,21,BJH0354,2010-11-22,0,737.0
3,0,2,2.0,0.0,7.0,7.0,2.0,1.0,1.0,53032.0,162.0,6.0,32,10,67,CAB0614,2010-10-20,0,2003.0
1,0,1,0.0,0.0,0.0,0.0,9.0,4.0,1.0,236868.0,95.0,0.0,8,17,63,TDS0984,2010-11-15,0,2709.0
2,0,1,1.0,0.0,3.0,3.0,8.0,3.0,4.0,235363.0,95.0,4.0,37,14,31,RDT0424,2010-02-24,0,169.0
1,0,1,0.0,0.0,0.0,0.0,15.0,5.0,0.0,402488.0,162.0,0.0,32,10,34,GRM0868,2011-05-06,0,1917.0
1,0,1,0.0,0.0,0.0,0.0,9.0,2.0,0.0,218154.0,95.0,6.0,35,11,14,MKL0941,2010-03-31,0,108.0
1,0,1,0.0,0.0,0.0,0.0,9.0,1.0,0.0,276828.0,95.0,15.0,33,5,41,EBC0390,2010-05-03,0,212.0
1,1,1,0.0,0.0,0.0,0.0,9.0,7.0,0.0,288548.0,90.0,3.0,33,5,36,KRM0541,2010-04-16,0,279.0
1,0,1,3.0,0.0,1.0,0.0,1.0,0.0,0.0,25707.0,10.0,0.0,30,12,54,EGD0132,2010-07-29,0,391.0
1,0,1,0.0,0.0,0.0,0.0,9.0,1.0,1.0,290080.0,95.0,15.0,35,11,56,WLV0566,2011-01-26,0,874.0
1,0,1,0.0,0.0,0.0,0.0,11.0,4.0,2.0,291425.0,108.0,1.0,1,18,42,SPA0141,2010-10-18,0,599.0
2,0,1,0.0,0.0,0.0,0.0,1.0,0.0,0.0,32815.0,10.0,0.0,30,12,1,GDF0704,2011-03-29,0,94.0
1,0,1,9.0,0.0,0.0,0.0,9.0,6.0,1.0,227067.0,95.0,6.0,33,5,41,VTT0385,2010-08-13,0,861.0
2,0,1,0.0,0.0,0.0,0.0,16.0,7.0,26.0,455099.0,170.0,0.0,32,10,67,CAA0612,2010-03-08,0,318.0
2,1,1,0.0,0.0,0.0,0.0,11.0,3.0,2.0,280960.0,114.0,0.0,31,4,5,CSP0197,2010-04-23,0,407.0
2,1,1,0.0,0.0,0.0,0.0,9.0,1.0,2.0,259637.0,95.0,0.0,7,11,39,BTR0403,2010-04-28,0,538.0
1,0,1,0.0,0.0,0.0,0.0,9.0,5.0,8.0,270287.0,95.0,0.0,40,14,15,BSA0431,2010-04-22,0,281.0
1,0,1,0.0,0.0,0.0,0.0,9.0,1.0,0.0,310667.0,95.0,4.0,37,14,28,DVW0103,2010-02-15,0,73.0
2,0,1,0.0,0.0,0.0,0.0,9.0,4.0,1.0,272281.0,100.0,1.0,7,11,14,CAH0936,2010-01-29,0,69.0
1,0,1,0.0,0.0,0.0,0.0,15.0,13.0,0.0,436185.0,162.0,1.0,32,10,34,CCR0863,2011-04-12,0,2481.0
1,0,1,0.0,0.0,0.0,0.0,9.0,0.0,1.0,260982.0,95.0,23.0,25,14,33,HAH0248,2010-10-14,0,481.0
1,1,1,0.0,0.0,0.0,0.0,1.0,0.0,2.0,45453.0,10.0,1.0,30,12,54,ESH0135,2010-03-03,0,40.0
1,0,1,0.0,0.0,0.0,0.0,9.0,2.0,3.0,299502.0,100.0,0.0,23,14,0,DVM0265,2010-05-10,0,255.0
4,6,4,0.0,0.0,0.0,0.0,11.0,1.0,1.0,336264.0,114.0,1.0,17,21,25,ACC0042,2010-12-01,0,2035.0
2,0,1,1.0,0.0,0.0,0.0,14.0,4.0,4.0,456312.0,150.0,1.0,34,21,17,LBF0214,2010-07-27,0,1102.0
2,0,1,1.0,0.0,5.0,4.0,10.0,10.0,5.0,305716.0,90.0,4.0,40,14,15,HWW0436,2011-05-09,0,2515.0
1,1,1,0.0,0.0,0.0,0.0,1.0,1.0,0.0,24842.0,10.0,0.0,30,12,3,WGR0833,2010-08-16,0,215.0
1,0,1,0.0,0.0,0.0,0.0,9.0,4.0,0.0,267214.0,95.0,6.0,35,11,14,MKL0941,2011-04-18,0,823.0
2,1,1,0.0,0.0,0.0,0.0,8.0,6.0,13.0,299343.0,95.0,0.0,7,11,51,LJT0817,2010-10-29,0,1963.0
2,1,1,0.0,0.0,0.0,0.0,3.0,0.0,2.0,53959.0,29.0,0.0,39,15,11,SED0886,2011-01-06,0,601.0
2,0,1,0.0,0.0,0.0,0.0,1.0,0.0,0.0,16391.0,10.0,1.0,30,12,4,RAM0447,2011-02-08,0,326.0
1,0,1,0.0,0.0,0.0,0.0,15.0,11.0,0.0,434692.0,162.0,0.0,32,10,34,CCR0863,2010-10-25,0,1631.0
1,1,1,5.0,0.0,7.0,7.0,1.0,0.0,0.0,31246.0,10.0,0.0,30,12,65,MDH0580,2011-03-03,1,966.0
1,0,1,0.0,0.0,0.0,0.0,1.0,0.0,0.0,46329.0,10.0,0.0,30,12,54,CJM0138,2010-09-08,0,153.0
1,0,1,0.0,0.0,0.0,0.0,15.0,14.0,7.0,403334.0,162.0,0.0,32,10,47,LHL0309,2010-06-11,0,626.0
1,0,1,0.0,0.0,0.0,0.0,9.0,2.0,11.0,275061.0,95.0,0.0,33,5,52,AIH0675,2010-05-07,0,283.0
1,1,1,5.0,0.0,8.0,8.0,9.0,1.0,0.0,268182.0,95.0,0.0,40,14,49,CEJ0109,2011-03-24,1,1888.0
1,1,1,0.0,0.0,0.0,0.0,9.0,5.0,0.0,215705.0,95.0,1.0,35,11,39,AMR0400,2010-03-11,0,170.0
1,1,1,2.0,0.0,4.0,3.0,9.0,1.0,0.0,252002.0,105.0,1.0,6,11,51,LCC0819,2010-06-30,1,829.0
2,0,1,2.0,0.0,0.0,0.0,9.0,0.0,7.0,309573.0,100.0,0.0,33,5,52,TSR0676,2010-01-04,0,0.0
1,1,1,1.0,0.0,1.0,1.0,8.0,2.0,0.0,227211.0,99.0,2.0,6,11,51,LCC0819,2010-07-13,1,899.0
1,2,1,0.0,0.0,0.0,0.0,0.0,0.0,0.0,0.0,0.0,0.0,30,12,54,GHH0288,2010-03-20,0,262.0
1,1,1,0.0,0.0,0.0,0.0,3.0,2.0,1.0,74105.0,30.0,3.0,39,14,49,NMS0280,2010-02-03,0,86.0
1,1,1,0.0,0.0,0.0,0.0,3.0,3.0,0.0,78770.0,29.0,0.0,39,15,29,ORG0339,2010-08-17,0,283.0
2,0,1,0.0,0.0,0.0,0.0,15.0,7.0,3.0,435676.0,162.0,3.0,32,10,67,HKR0628,2011-02-14,0,1553.0
1,1,1,0.0,0.0,0.0,0.0,1.0,0.0,1.0,31911.0,10.0,0.0,30,12,3,ADD0846,2011-03-30,0,431.0
1,1,1,0.0,0.0,0.0,0.0,3.0,1.0,0.0,82182.0,29.0,0.0,39,15,35,DID0650,2010-08-25,0,426.0
2,1,1,1.0,1.0,0.0,0.0,14.0,6.0,0.0,486616.0,163.0,0.0,32,10,7,LQC0479,2010-09-21,1,1470.0
1,0,1,0.0,0.0,0.0,0.0,9.0,1.0,6.0,264081.0,95.0,1.0,21,17,63,YCE0983,2010-12-02,0,854.0
1,0,1,0.0,0.0,0.0,0.0,9.0,1.0,0.0,278381.0,95.0,3.0,10,14,22,PDW0259,2010-01-11,0,25.0
2,0,1,0.0,0.0,0.0,0.0,13.0,1.0,13.0,292646.0,162.0,0.0,32,10,46,VCY0751,2010-09-22,0,747.0
1,1,1,0.0,0.0,0.0,0.0,9.0,1.0,4.0,255525.0,100.0,0.0,24,5,38,NGC0058,2010-11-08,0,1040.0
1,1,1,0.0,0.0,0.0,0.0,7.0,1.0,0.0,210446.0,95.0,2.0,25,7,27,JJB0127,2010-11-12,0,831.0
1,0,1,0.0,0.0,0.0,0.0,9.0,5.0,12.0,293134.0,95.0,0.0,33,5,57,HBB0056,2010-03-02,0,154.0
1,0,1,0.0,0.0,0.0,0.0,11.0,3.0,1.0,286244.0,114.0,0.0,16,3,8,MYD0978,2010-01-15,0,55.0
1,0,1,0.0,0.0,0.0,0.0,15.0,4.0,15.0,371515.0,162.0,0.0,32,10,7,IRT0491,2011-03-02,0,1492.0
2,0,1,0.0,0.0,0.0,0.0,11.0,0.0,6.0,316150.0,114.0,0.0,1,0,16,MAH0149,2011-04-19,0,1276.0
1,1,1,0.0,0.0,0.0,0.0,3.0,1.0,0.0,93981.0,29.0,0.0,39,15,11,WNB0908,2011-02-09,0,641.0
2,1,1,0.0,0.0,0.0,0.0,3.0,0.0,2.0,92953.0,27.0,1.0,39,15,29,MHH0180,2010-10-09,0,550.0
2,1,1,1.0,0.0,3.0,3.0,3.0,1.0,2.0,107716.0,27.0,0.0,39,15,29,NOB0181,2010-04-15,0,508.0
1,0,1,0.0,0.0,0.0,0.0,9.0,2.0,1.0,300029.0,95.0,6.0,25,14,33,JCV0245,2010-06-04,0,374.0
2,1,1,0.0,0.0,0.0,0.0,9.0,9.0,12.0,289947.0,95.0,0.0,33,5,45,NHE0919,2010-05-19,0,449.0
3,1,2,0.0,0.0,0.0,0.0,1.0,1.0,0.0,23506.0,10.0,0.0,30,12,54,SMH0291,2010-05-25,0,139.0
1,1,1,0.0,0.0,0.0,0.0,9.0,2.0,0.0,252627.0,95.0,0.0,33,5,38,SRS0231,2010-04-05,0,308.0
2,0,1,1.0,0.0,25.0,23.0,1.0,0.0,4.0,29245.0,10.0,0.0,30,12,50,ILH0958,2010-04-28,0,535.0
1,0,1,0.0,0.0,0.0,0.0,9.0,0.0,8.0,297111.0,95.0,11.0,28,5,53,CUD0795,2011-03-29,0,973.0
6,5,5,2.0,1.0,1.0,0.0,12.0,2.0,3.0,369078.0,121.0,11.0,17,21,26,JLM0364,2011-04-28,1,2648.0
1,0,1,0.0,0.0,0.0,0.0,3.0,2.0,3.0,76343.0,29.0,1.0,3,12,20,SBD0913,2011-04-07,0,432.0
2,1,1,0.0,0.0,0.0,0.0,9.0,6.0,3.0,239346.0,90.0,0.0,10,14,31,EHB0420,2010-07-21,0,931.0
1,0,1,0.0,0.0,0.0,0.0,9.0,9.0,4.0,257208.0,95.0,1.0,7,11,14,BLL0929,2010-08-02,0,444.0
1,0,1,0.0,0.0,0.0,0.0,1.0,0.0,0.0,37239.0,10.0,0.0,30,12,1,BTL0722,2010-02-18,0,19.0
1,1,1,0.0,0.0,0.0,0.0,18.0,16.0,0.0,581300.0,190.0,0.0,9,3,32,BXJ0010,2010-11-05,0,1599.0
4,2,3,0.0,0.0,0.0,0.0,11.0,1.0,16.0,388066.0,114.0,8.0,17,21,26,CBB0365,2010-08-09,0,1184.0
2,1,1,0.0,0.0,0.0,0.0,3.0,2.0,0.0,78944.0,29.0,0.0,39,15,29,CTR0341,2010-01-14,0,24.0
4,2,4,0.0,0.0,0.0,0.0,11.0,0.0,0.0,345578.0,114.0,1.0,17,21,25,MSO0222,2010-08-24,0,1272.0
1,0,1,9.0,0.0,0.0,0.0,15.0,4.0,10.0,463002.0,162.0,2.0,32,10,7,OBH0499,2010-12-16,0,2413.0
1,0,1,2.0,0.0,4.0,4.0,9.0,3.0,2.0,287454.0,104.0,4.0,14,14,28,NWT0098,2011-02-14,1,1646.0
2,0,1,3.0,0.0,0.0,0.0,1.0,0.0,2.0,19409.0,10.0,0.0,30,12,1,IBB0696,2011-02-17,0,839.0
1,1,1,1.0,0.0,0.0,0.0,8.0,0.0,1.0,245413.0,95.0,3.0,10,14,31,BBS0422,2011-04-18,0,1755.0
3,0,2,2.0,0.0,2.0,2.0,9.0,1.0,8.0,313749.0,95.0,15.0,40,14,15,IJM0444,2010-09-20,0,1372.0
1,0,1,0.0,0.0,0.0,0.0,15.0,4.0,1.0,443450.0,162.0,1.0,32,10,34,JCW0858,2010-06-11,0,766.0
2,0,1,0.0,0.0,0.0,0.0,15.0,10.0,10.0,462508.0,162.0,2.0,32,10,34,RUM0880,2011-04-18,0,3964.0
1,0,1,1.0,0.0,3.0,2.0,13.0,2.0,5.0,357648.0,122.0,2.0,1,2,18,DRR0162,2010-12-01,1,1339.0
1,0,1,8.0,0.0,8.0,7.0,1.0,1.0,0.0,40537.0,20.0,6.0,30,12,1,RAR0725,2010-08-04,1,315.0
2,1,1,0.0,0.0,0.0,0.0,1.0,1.0,1.0,36404.0,10.0,0.0,30,12,54,JJH0292,2010-08-25,0,168.0
1,0,1,0.0,0.0,0.0,0.0,1.0,0.0,0.0,26187.0,10.0,0.0,30,12,1,MIM0712,2010-02-25,0,7.0
1,1,1,0.0,0.0,0.0,0.0,9.0,2.0,0.0,254057.0,95.0,0.0,24,5,38,UCS0227,2010-07-09,0,653.0
1,1,1,3.0,0.0,5.0,5.0,9.0,0.0,0.0,245630.0,99.0,0.0,40,14,49,CEJ0109,2011-02-14,1,1695.0
2,0,1,2.0,0.0,2.0,2.0,14.0,11.0,1.0,392161.0,169.0,1.0,32,10,47,ABC0174,2010-11-16,1,2198.0
1,0,1,0.0,0.0,0.0,0.0,14.0,10.0,6.0,418554.0,162.0,10.0,32,10,67,LHB0606,2010-04-09,0,485.0
1,0,1,0.0,0.0,0.0,0.0,15.0,9.0,5.0,426998.0,153.0,0.0,32,10,7,BEC0505,2010-11-03,0,1273.0
1,0,1,0.0,0.0,0.0,0.0,9.0,7.0,6.0,360237.0,95.0,0.0,10,14,28,KAT0270,2010-01-13,0,40.0
1,1,1,0.0,0.0,0.0,0.0,3.0,2.0,4.0,88886.0,29.0,4.0,3,12,20,WPE0538,2011-04-20,0,683.0
3,2,1,0.0,0.0,0.0,0.0,14.0,2.0,16.0,482972.0,150.0,0.0,34,21,17,LBF0214,2010-06-03,0,803.0
2,1,1,1.0,0.0,10.0,10.0,1.0,1.0,0.0,17031.0,10.0,0.0,30,12,65,GCS0571,2011-03-10,0,821.0
1,0,1,0.0,0.0,0.0,0.0,9.0,2.0,2.0,319487.0,95.0,2.0,10,14,22,NBH0256,2010-10-01,0,667.0
1,1,1,0.0,0.0,0.0,0.0,9.0,5.0,0.0,255421.0,95.0,2.0,7,14,31,NCK0421,2011-02-14,0,1303.0
2,1,1,0.0,0.0,0.0,0.0,9.0,1.0,1.0,256027.0,100.0,2.0,15,19,64,CRO0027,2010-03-08,0,174.0
1,0,1,0.0,0.0,0.0,0.0,1.0,1.0,0.0,25170.0,10.0,0.0,30,12,4,AAV0450,2010-09-10,0,162.0
2,0,1,9.0,0.0,25.0,23.0,9.0,0.0,11.0,287238.0,95.0,6.0,35,11,14,LBH0942,2010-01-29,0,576.0
2,0,1,7.0,0.0,7.0,5.0,14.0,10.0,0.0,451365.0,162.0,0.0,32,10,47,ABC0174,2010-12-06,1,2358.0
1,0,1,3.0,0.0,3.0,3.0,12.0,3.0,10.0,406916.0,104.0,2.0,11,13,66,JJM0203,2010-09-07,1,799.0
1,0,1,0.0,0.0,0.0,0.0,9.0,5.0,0.0,287639.0,95.0,11.0,33,5,53,SMB0804,2010-03-24,0,138.0
3,4,3,0.0,0.0,0.0,0.0,7.0,5.0,0.0,149026.0,114.0,0.0,17,21,25,HWY0038,2010-02-17,0,331.0
1,0,1,7.0,0.0,4.0,3.0,9.0,6.0,0.0,242363.0,95.0,5.0,37,14,31,HBO0413,2011-04-08,1,2265.0
1,0,1,0.0,0.0,0.0,0.0,11.0,0.0,8.0,263358.0,114.0,0.0,1,22,13,RDM0115,2010-03-10,0,176.0
2,0,1,0.0,0.0,0.0,0.0,16.0,0.0,5.0,488866.0,170.0,0.0,32,10,67,CAA0612,2011-03-02,0,2198.0
1,0,1,0.0,0.0,0.0,0.0,1.0,1.0,1.0,36561.0,10.0,1.0,30,12,1,FWM0707,2010-06-16,0,53.0
1,1,1,0.0,0.0,0.0,0.0,1.0,0.0,0.0,21312.0,10.0,0.0,30,12,3,PTH0830,2010-11-17,0,392.0
2,0,1,2.0,0.0,2.0,2.0,15.0,4.0,7.0,412141.0,172.0,4.0,32,10,47,ABC0174,2010-11-02,1,2126.0
3,0,3,2.0,0.0,6.0,6.0,16.0,1.0,6.0,501122.0,162.0,0.0,32,10,47,NAF0326,2010-03-08,0,499.0
1,1,1,3.0,0.0,0.0,0.0,2.0,1.0,0.0,55280.0,13.0,0.0,30,12,54,EGD0132,2010-08-12,1,415.0
4,5,1,4.0,4.0,1.0,1.0,9.0,0.0,0.0,334749.0,98.0,2.0,28,5,38,BTL0226,2010-10-06,1,868.0
1,1,1,3.0,0.0,2.0,2.0,11.0,6.0,9.0,403295.0,122.0,3.0,2,8,62,VSS0154,2010-09-16,1,1002.0
2,1,1,0.0,0.0,0.0,0.0,10.0,1.0,10.0,295573.0,95.0,6.0,33,5,36,KBG0549,2010-10-18,0,1377.0
2,1,1,0.0,0.0,0.0,0.0,9.0,1.0,5.0,239266.0,95.0,0.0,7,11,6,CCH0685,2010-09-17,0,781.0
1,1,1,6.0,0.0,5.0,5.0,1.0,0.0,0.0,38279.0,10.0,0.0,30,12,54,PNL0301,2010-07-26,1,368.0
1,0,1,0.0,0.0,0.0,0.0,9.0,5.0,1.0,274097.0,95.0,0.0,36,2,18,FKB0163,2010-02-03,0,88.0
1,1,1,0.0,0.0,0.0,0.0,9.0,1.0,0.0,255692.0,95.0,0.0,7,11,61,GOK0238,2010-08-30,0,716.0
2,1,1,2.0,0.0,9.0,9.0,8.0,3.0,4.0,237514.0,95.0,0.0,33,5,45,KMB0922,2010-02-25,0,329.0
1,0,1,0.0,0.0,0.0,0.0,15.0,4.0,3.0,441293.0,162.0,0.0,32,10,47,MSZ0310,2010-03-08,0,330.0
2,1,1,7.0,1.0,5.0,4.0,11.0,1.0,4.0,325128.0,114.0,0.0,1,5,38,AKR0057,2010-11-16,1,1595.0
1,1,1,0.0,0.0,0.0,0.0,1.0,0.0,0.0,37333.0,10.0,0.0,30,12,3,ELB0847,2011-05-09,0,518.0
1,0,1,0.0,0.0,0.0,0.0,6.0,5.0,0.0,182747.0,95.0,0.0,38,17,63,HAM0985,2010-02-23,0,139.0
1,0,1,0.0,0.0,0.0,0.0,10.0,10.0,7.0,301669.0,114.0,0.0,1,22,58,GRC0145,2010-10-01,0,837.0
2,1,1,1.0,0.0,1.0,1.0,9.0,6.0,6.0,260541.0,95.0,5.0,35,11,61,HJS0072,2010-02-01,0,122.0
1,1,1,0.0,0.0,0.0,0.0,3.0,1.0,1.0,83477.0,29.0,0.0,39,15,11,ALB0892,2010-06-10,0,277.0
1,0,1,0.0,0.0,0.0,0.0,14.0,2.0,2.0,396681.0,162.0,0.0,32,10,7,DDA0476,2010-02-05,0,105.0
2,0,1,0.0,0.0,0.0,0.0,9.0,4.0,8.0,331183.0,95.0,1.0,6,11,56,WIQ0567,2010-01-12,0,52.0
1,0,1,0.0,0.0,0.0,0.0,3.0,1.0,1.0,87213.0,29.0,0.0,39,15,9,JCR0770,2011-04-19,0,370.0
1,1,1,0.0,0.0,0.0,0.0,3.0,1.0,0.0,74200.0,29.0,0.0,39,15,35,KLM0639,2010-01-27,0,36.0
1,0,1,0.0,0.0,0.0,0.0,0.0,0.0,0.0,0.0,10.0,0.0,30,12,50,FXF0957,2010-08-25,0,63.0
2,1,1,0.0,0.0,0.0,0.0,9.0,9.0,0.0,286085.0,95.0,0.0,7,11,6,RNL0695,2011-02-10,0,1219.0
1,0,1,0.0,0.0,0.0,0.0,18.0,1.0,6.0,516935.0,190.0,9.0,5,14,19,AMD0077,2010-08-12,0,974.0
1,0,1,0.0,0.0,0.0,0.0,9.0,5.0,0.0,267951.0,95.0,3.0,37,14,28,ROB0272,2010-01-13,0,18.0
3,0,2,1.0,0.0,1.0,1.0,14.0,5.0,4.0,448983.0,153.0,0.0,32,10,46,GZC0735,2010-05-21,0,493.0
1,0,1,2.0,0.0,0.0,0.0,11.0,1.0,2.0,340780.0,114.0,0.0,1,2,18,DRR0162,2010-05-17,0,511.0
2,0,1,1.0,0.0,3.0,2.0,9.0,3.0,4.0,237873.0,90.0,0.0,28,5,36,KMW0545,2010-09-23,0,965.0
1,0,1,0.0,0.0,0.0,0.0,1.0,0.0,0.0,27624.0,10.0,0.0,30,12,50,LHB0967,2011-04-21,0,87.0
1,1,1,6.0,0.0,6.0,5.0,11.0,0.0,2.0,362311.0,114.0,2.0,2,8,62,VSS0154,2010-10-29,1,1211.0
1,1,1,0.0,0.0,0.0,0.0,9.0,1.0,1.0,278127.0,95.0,0.0,28,5,38,ENC0234,2010-04-12,0,246.0
2,0,1,0.0,0.0,0.0,0.0,1.0,1.0,1.0,33486.0,10.0,0.0,30,12,50,ASV0946,2010-10-04,0,74.0
1,1,1,0.0,0.0,0.0,0.0,18.0,6.0,8.0,533648.0,190.0,3.0,9,10,37,DCC0160,2011-05-12,0,1937.0
1,1,1,0.0,0.0,0.0,0.0,14.0,11.0,0.0,394583.0,143.0,0.0,22,7,13,FDE0117,2010-07-22,0,987.0
1,0,1,0.0,0.0,0.0,0.0,1.0,1.0,0.0,15977.0,10.0,0.0,30,12,1,MKG0711,2011-02-18,0,124.0
3,4,3,0.0,0.0,0.0,0.0,11.0,8.0,8.0,322499.0,114.0,0.0,17,21,25,ACC0042,2010-01-07,0,23.0
2,1,1,0.0,0.0,0.0,0.0,9.0,1.0,0.0,307274.0,90.0,0.0,6,11,51,ACV0812,2011-02-08,0,1090.0
2,3,1,7.0,7.0,10.0,10.0,13.0,1.0,4.0,375604.0,143.0,0.0,34,21,17,JRG0207,2011-01-20,1,1000.0
1,1,1,0.0,0.0,0.0,0.0,3.0,0.0,0.0,81734.0,29.0,1.0,39,15,29,CXC0336,2010-06-15,0,214.0
2,0,1,0.0,0.0,0.0,0.0,15.0,6.0,13.0,436478.0,162.0,0.0,32,10,46,MLD0755,2011-01-27,0,1853.0
1,1,1,2.0,0.0,5.0,4.0,14.0,11.0,5.0,357445.0,119.0,0.0,2,8,62,VSS0154,2010-09-15,1,986.0
1,1,1,0.0,0.0,0.0,0.0,1.0,1.0,0.0,13402.0,10.0,0.0,30,12,65,ZCF0590,2010-12-03,0,330.0
1,1,1,0.0,0.0,0.0,0.0,3.0,2.0,3.0,117626.0,29.0,3.0,39,15,29,HCC0344,2010-05-06,0,172.0
1,0,1,0.0,0.0,0.0,0.0,9.0,0.0,3.0,337558.0,90.0,0.0,6,11,61,DRR0242,2011-01-13,0,1176.0
1,0,1,0.0,0.0,0.0,0.0,9.0,7.0,0.0,290822.0,95.0,0.0,10,14,22,KBL0260,2011-03-04,0,1319.0
2,0,1,0.0,0.0,0.0,0.0,9.0,8.0,6.0,271017.0,96.0,0.0,11,13,66,JJM0203,2010-09-28,1,897.0
2,0,2,0.0,0.0,0.0,0.0,5.0,1.0,0.0,141827.0,95.0,0.0,10,14,22,VAA0087,2010-06-23,0,271.0
1,0,1,4.0,0.0,0.0,0.0,8.0,2.0,0.0,252914.0,99.0,1.0,37,14,31,HBO0413,2011-02-16,1,1965.0
1,0,1,0.0,0.0,0.0,0.0,11.0,6.0,0.0,345181.0,114.0,13.0,31,9,23,CJK0200,2011-01-10,0,962.0
1,0,1,0.0,0.0,0.0,0.0,15.0,7.0,0.0,401003.0,162.0,1.0,32,10,7,LQC0479,2010-05-06,0,727.0
1,0,1,0.0,0.0,0.0,0.0,14.0,2.0,3.0,431615.0,143.0,1.0,20,5,57,SIJ0661,2010-01-13,0,41.0
2,1,1,0.0,0.0,0.0,0.0,3.0,3.0,0.0,120338.0,29.0,0.0,39,15,29,LAP0338,2010-08-24,0,474.0
2,0,2,0.0,0.0,0.0,0.0,9.0,6.0,2.0,252439.0,95.0,6.0,40,14,15,IJM0444,2010-12-21,0,1854.0
2,0,1,3.0,0.0,5.0,5.0,9.0,2.0,7.0,270364.0,95.0,4.0,6,11,56,WIQ0567,2011-03-29,0,2892.0
1,1,1,0.0,0.0,0.0,0.0,9.0,3.0,2.0,286940.0,95.0,0.0,28,5,38,OJK0233,2010-05-03,0,347.0
1,1,1,7.0,0.0,5.0,4.0,1.0,1.0,0.0,20813.0,10.0,0.0,30,12,54,EGD0132,2010-09-28,1,527.0
1,0,1,0.0,0.0,0.0,0.0,11.0,4.0,0.0,324374.0,114.0,0.0,1,10,47,AKW0167,2010-12-10,0,1002.0
2,0,1,1.0,0.0,4.0,4.0,15.0,5.0,7.0,370091.0,170.0,0.0,32,10,67,CAA0612,2010-10-04,0,1400.0
2,1,1,0.0,0.0,0.0,0.0,14.0,8.0,3.0,392865.0,143.0,2.0,20,5,57,LAM0911,2010-03-08,0,338.0
2,0,1,9.0,0.0,2.0,2.0,15.0,9.0,4.0,427139.0,162.0,3.0,32,10,67,JBD0616,2010-12-07,0,1662.0
1,1,1,0.0,0.0,0.0,0.0,1.0,1.0,0.0,41639.0,10.0,0.0,30,12,65,ASD0577,2010-08-13,0,227.0
1,0,1,0.0,0.0,0.0,0.0,9.0,1.0,10.0,305639.0,95.0,4.0,35,11,59,BSB0990,2011-03-16,0,797.0
2,2,1,1.0,1.0,0.0,0.0,15.0,10.0,0.0,430885.0,163.0,0.0,32,10,7,LQC0479,2010-09-15,1,1433.0
1,0,1,0.0,0.0,0.0,0.0,1.0,1.0,0.0,31722.0,10.0,0.0,30,12,4,SJW0451,2010-10-13,0,175.0
2,1,1,0.0,0.0,0.0,0.0,1.0,0.0,0.0,14543.0,10.0,0.0,30,12,65,HPR0585,2011-01-10,0,373.0
2,0,1,0.0,0.0,0.0,0.0,11.0,10.0,7.0,378728.0,114.0,0.0,1,0,16,MAH0149,2011-03-29,0,1228.0
2,1,2,0.0,0.0,0.0,0.0,18.0,7.0,4.0,517477.0,190.0,0.0,5,14,19,RHY0079,2010-11-08,0,1929.0
1,0,1,0.0,0.0,0.0,0.0,16.0,2.0,4.0,456788.0,143.0,2.0,22,21,24,FAW0032,2010-08-12,1,741.0
1,1,1,0.0,0.0,0.0,0.0,9.0,1.0,9.0,253783.0,95.0,7.0,10,7,27,TJD0996,2010-12-14,0,870.0
1,1,1,1.0,0.0,1.0,1.0,11.0,4.0,2.0,337724.0,105.0,10.0,35,11,39,IKR0401,2011-01-18,1,1575.0
2,1,1,0.0,0.0,0.0,0.0,9.0,1.0,0.0,298961.0,95.0,0.0,35,11,51,KCB0815,2010-03-31,0,233.0
1,1,1,0.0,0.0,0.0,0.0,9.0,5.0,4.0,279400.0,95.0,0.0,40,14,49,HCL0113,2010-02-26,0,168.0
2,1,1,0.0,0.0,0.0,0.0,11.0,5.0,8.0,300395.0,114.0,0.0,1,4,5,TOR0193,2010-11-23,0,1266.0
1,0,1,0.0,0.0,0.0,0.0,0.0,0.0,0.0,0.0,10.0,0.0,30,12,50,OHC0973,2010-04-22,0,40.0
1,0,1,0.0,0.0,0.0,0.0,11.0,3.0,5.0,368290.0,114.0,0.0,4,13,66,QNF0205,2011-04-01,0,1390.0
1,1,1,0.0,0.0,0.0,0.0,3.0,2.0,3.0,81715.0,29.0,0.0,39,15,11,MJS0890,2010-01-20,0,25.0
1,1,1,0.0,0.0,0.0,0.0,3.0,0.0,2.0,101154.0,29.0,0.0,39,15,35,HTF0641,2010-02-26,0,88.0
1,1,1,0.0,0.0,0.0,0.0,1.0,1.0,0.0,41262.0,10.0,0.0,30,12,65,LDM0587,2010-11-01,0,314.0
1,0,1,0.0,0.0,0.0,0.0,9.0,0.0,0.0,276695.0,95.0,0.0,7,14,28,CAM0102,2010-05-20,0,287.0
1,1,1,0.0,0.0,0.0,0.0,3.0,3.0,0.0,94803.0,29.0,1.0,39,15,29,CGF0337,2010-02-12,0,66.0
2,0,1,2.0,0.0,14.0,13.0,3.0,2.0,1.0,97349.0,29.0,0.0,39,15,12,CAS0507,2010-02-04,0,348.0
1,0,1,0.0,0.0,0.0,0.0,14.0,2.0,0.0,435341.0,143.0,0.0,22,21,24,FBA0348,2011-02-09,0,1647.0
1,0,1,0.0,0.0,0.0,0.0,14.0,5.0,15.0,402048.0,162.0,0.0,32,10,34,FGW0853,2010-03-02,0,234.0
1,0,1,2.0,0.0,3.0,3.0,9.0,2.0,1.0,254739.0,104.0,2.0,35,11,56,IUB0565,2010-10-15,1,1091.0
2,1,1,0.0,0.0,0.0,0.0,9.0,1.0,5.0,224528.0,90.0,1.0,10,14,31,EHB0420,2010-12-13,0,1584.0
1,1,1,0.0,0.0,0.0,0.0,1.0,0.0,0.0,37304.0,10.0,0.0,30,12,4,JKF0465,2011-01-04,0,292.0
2,0,1,0.0,0.0,0.0,0.0,9.0,6.0,5.0,261499.0,95.0,2.0,37,14,28,RSM0277,2011-03-24,0,1444.0
1,0,1,0.0,0.0,0.0,0.0,1.0,0.0,1.0,29493.0,10.0,0.0,30,12,1,MIM0712,2010-02-17,0,6.0
2,1,1,2.0,0.0,3.0,3.0,1.0,1.0,0.0,35559.0,9.0,0.0,30,12,3,IBS0836,2010-11-30,0,819.0
3,4,3,0.0,0.0,0.0,0.0,10.0,6.0,5.0,243185.0,114.0,14.0,17,21,26,JAV0361,2010-08-23,0,1438.0
5,6,5,3.0,2.0,18.0,13.0,10.0,9.0,1.0,287460.0,114.0,0.0,17,21,25,EIS0041,2010-10-20,0,4584.0
1,1,1,0.0,0.0,0.0,0.0,10.0,1.0,8.0,304841.0,95.0,0.0,6,11,61,WSR0241,2010-02-11,0,79.0
1,0,1,3.0,0.0,2.0,2.0,9.0,2.0,1.0,262666.0,98.0,0.0,35,11,56,IUB0565,2010-10-12,1,1073.0
1,1,1,0.0,0.0,0.0,0.0,3.0,2.0,0.0,105654.0,29.0,0.0,39,15,29,ORG0339,2010-05-27,0,180.0
1,0,1,0.0,0.0,0.0,0.0,36.0,21.0,8.0,990908.0,400.0,0.0,29,22,60,MSS0001,2011-05-13,0,5875.0
1,0,1,0.0,0.0,0.0,0.0,18.0,12.0,6.0,509178.0,190.0,11.0,9,6,32,BTS0011,2010-12-09,0,1327.0
1,1,1,0.0,0.0,0.0,0.0,10.0,8.0,3.0,284259.0,90.0,0.0,25,14,49,HGN0287,2011-03-29,0,1158.0
2,0,1,3.0,0.0,4.0,3.0,1.0,0.0,0.0,29051.0,10.0,0.0,30,12,1,PDH0716,2010-03-22,0,259.0
0,1,1,0.0,0.0,0.0,0.0,0.0,0.0,0.0,0.0,0.0,0.0,9,11,40,TVS0050,2010-08-21,0,730.0
2,1,1,0.0,0.0,0.0,0.0,3.0,0.0,0.0,81770.0,29.0,0.0,39,15,29,DFH0188,2010-10-29,0,3690.0
1,0,1,6.0,0.0,6.0,6.0,1.0,1.0,0.0,45160.0,10.0,0.0,30,12,50,HXL0968,2010-10-14,1,486.0
1,1,1,0.0,0.0,0.0,0.0,9.0,5.0,0.0,274873.0,95.0,0.0,7,11,6,ASG0692,2010-08-31,0,764.0
2,1,1,4.0,0.0,5.0,5.0,7.0,6.0,1.0,201804.0,122.0,2.0,1,5,38,AKR0057,2010-10-06,1,1355.0
1,0,1,0.0,0.0,0.0,0.0,1.0,1.0,0.0,27597.0,10.0,0.0,30,12,54,CJM0138,2011-02-25,0,260.0
2,0,1,2.0,0.0,5.0,4.0,3.0,0.0,1.0,79979.0,29.0,3.0,39,15,9,CFM0767,2011-03-04,0,966.0
1,0,1,2.0,0.0,5.0,5.0,10.0,6.0,2.0,250771.0,104.0,2.0,35,11,56,IUB0565,2010-10-13,1,1077.0
1,1,1,0.0,0.0,0.0,0.0,9.0,4.0,2.0,268864.0,95.0,1.0,25,7,27,TTD1000,2010-05-14,0,537.0
2,1,1,9.0,0.0,3.0,3.0,11.0,8.0,1.0,365627.0,108.0,0.0,16,3,8,CTA0020,2010-05-03,0,566.0
