logon,{00000001BE82-0DADBB5C},2010-04-30 02:46:19,HMR4907,PC-0120,Logon
logon,{00000001BE84-0F6C1374},2010-04-30 03:26:14,HMR4907,PC-0057,Logon
logon,{00000001C174-155AC266},2010-04-30 04:25:19,HMR4907,PC-0099,Logoff
logon,{00000001C176-352F9FB8},2010-04-30 05:27:14,HMR4907,PC-0080,Logoff
logon,{00000001BE81-099CF3AA},2010-04-30 05:41:10,HMR4907,PC-0054,Logon
logon,{00000001C173-21B8224E},2010-04-30 08:49:10,HMR4907,PC-0020,Logoff
logon,{00000001BE80-0C81A386},2010-04-30 18:10:33,HMR4907,PC-0144,Logon
logon,{00000001C172-2F24FCD1},2010-04-30 21:09:33,HMR4907,PC-0158,Logoff
logon,{00000001BE83-04A97A74},2010-04-30 22:05:44,HMR4907,PC-0147,Logon
logon,{00000001C175-113E6235},2010-04-30 23:49:44,HMR4907,PC-0140,Logoff
logon,{00000001BE86-27F1BC41},2010-05-03 21:15:16,HMR4907,PC-0017,Logon
logon,{00000001BE87-1DE12DEB},2010-05-03 21:27:05,HMR4907,PC-0085,Logon
logon,{00000001C179-15212F25},2010-05-03 22:30:05,HMR4907,PC-0075,Logoff
logon,{00000001BE85-227F3823},2010-05-03 22:47:01,HMR4907,PC-0142,Logon
logon,{00000001C177-2B6A4ABB},2010-05-04 00:26:01,HMR4907,PC-0086,Logoff
logon,{00000001C178-2315D96D},2010-05-04 00:33:16,HMR4907,PC-0084,Logoff
logon,{00000001BE89-3DB292D1},2010-05-04 20:56:38,HMR4907,PC-0030,Logon
logon,{00000001BE8C-04063C41},2010-05-04 21:20:07,HMR4907,PC-0135,Logon
logon,{00000001BE8B-2CAB4828},2010-05-04 22:39:46,HMR4907,PC-0038,Logon
logon,{00000001C17B-063379CF},2010-05-04 22:52:38,HMR4907,PC-0084,Logoff
logon,{00000001BE88-1F875C4B},2010-05-04 23:03:25,HMR4907,PC-0130,Logon
logon,{00000001C17D-302A2F9D},2010-05-04 23:16:46,HMR4907,PC-0036,Logoff
logon,{00000001BE8A-1F20FEC5},2010-05-04 23:55:17,HMR4907,PC-0130,Logon
logon,{00000001C17E-02D5BA83},2010-05-05 00:37:07,HMR4907,PC-0099,Logoff
logon,{00000001C17A-3AE8971A},2010-05-05 01:42:25,HMR4907,PC-0123,Logoff
logon,{00000001C17C-03132109},2010-05-05 01:47:17,HMR4907,PC-0116,Logoff
logon,{00000001BE8E-34886C88},2010-05-05 18:36:20,HMR4907,PC-0028,Logon
logon,{00000001C180-07B231F0},2010-05-05 22:22:20,HMR4907,PC-0150,Logoff
logon,{00000001BE8D-27C72AE8},2010-05-05 22:50:15,HMR4907,PC-0058,Logon
logon,{00000001C17F-05AAE69F},2010-05-05 23:28:15,HMR4907,PC-0042,Logoff
logon,{00000001BE91-02B926D3},2010-05-06 18:29:30,HMR4907,PC-0130,Logon
logon,{00000001C183-3E87FCF4},2010-05-06 19:32:30,HMR4907,PC-0000,Logoff
logon,{00000001BE94-2252B32A},2010-05-06 20:33:39,HMR4907,PC-0154,Logon
logon,{00000001BE93-0E2B3ACA},2010-05-06 21:32:24,HMR4907,PC-0120,Logon
logon,{00000001C185-1C8C22FE},2010-05-06 22:09:24,HMR4907,PC-0002,Logoff
logon,{00000001BE92-042037FA},2010-05-06 22:10:33,HMR4907,PC-0154,Logon
logon,{00000001BE90-0B7A23C1},2010-05-06 22:21:22,HMR4907,PC-0012,Logon
logon,{00000001C186-1F9A7BDE},2010-05-06 23:42:39,HMR4907,PC-0149,Logoff
logon,{00000001BE8F-09D122C0},2010-05-06 23:46:18,HMR4907,PC-0159,Logon
logon,{00000001C184-32433A98},2010-05-07 00:01:33,HMR4907,PC-0094,Logoff
logon,{00000001C181-0940CA16},2010-05-07 00:46:18,HMR4907,PC-0064,Logoff
logon,{00000001BE98-33CCDD49},2010-05-07 01:27:41,HMR4907,PC-0134,Logon
logon,{00000001C182-0050AED8},2010-05-07 01:57:22,HMR4907,PC-0066,Logoff
logon,{00000001C18A-2E1BE02A},2010-05-07 04:29:41,HMR4907,PC-0152,Logoff
logon,{00000001BE97-1CE7DD52},2010-05-07 05:27:27,HMR4907,PC-0155,Logon
logon,{00000001BE96-0F286EA5},2010-05-07 05:36:35,HMR4907,PC-0085,Logon
logon,{00000001C189-36559146},2010-05-07 06:59:27,HMR4907,PC-0008,Logoff
logon,{00000001C188-05FEDCD2},2010-05-07 09:13:35,HMR4907,PC-0083,Logoff
logon,{00000001BE9A-058FEFA6},2010-05-07 20:43:57,HMR4907,PC-0065,Logon
logon,{00000001BE99-1CF21C63},2010-05-07 21:06:31,HMR4907,PC-0109,Logon
logon,{00000001BE95-3211EAED},2010-05-07 22:28:14,HMR4907,PC-0038,Logon
logon,{00000001C187-198285C1},2010-05-07 23:21:14,HMR4907,PC-0015,Logoff
logon,{00000001C18C-0C8469C8},2010-05-07 23:51:57,HMR4907,PC-0125,Logoff
logon,{00000001C18B-1C22D977},2010-05-08 00:32:31,HMR4907,PC-0091,Logoff
logon,{00000001BE9C-3589D6BB},2010-05-10 03:09:46,HMR4907,PC-0033,Logon
logon,{00000001C18E-0F631A25},2010-05-10 06:13:46,HMR4907,PC-0155,Logoff
logon,{00000001BE9B-11D907BE},2010-05-10 19:20:14,HMR4907,PC-0129,Logon
logon,{00000001C18D-1AEB4BE7},2010-05-10 22:12:14,HMR4907,PC-0110,Logoff
logon,{00000001BE9D-2887CEA4},2010-05-10 22:55:22,HMR4907,PC-0066,Logon
logon,{00000001BEA2-3974EC7B},2010-05-11 01:54:04,HMR4907,PC-0048,Logon
logon,{00000001C18F-23C0D6EC},2010-05-11 02:02:22,HMR4907,PC-0143,Logoff
logon,{00000001BEA3-35DB89A6},2010-05-11 03:26:41,HMR4907,PC-0042,Logon
logon,{00000001C194-1B3EAD98},2010-05-11 04:36:04,HMR4907,PC-0155,Logoff
logon,{00000001C195-0BFDCAD6},2010-05-11 06:00:41,HMR4907,PC-0042,Logoff
logon,{00000001BEA4-3AEA2662},2010-05-11 06:18:18,HMR4907,PC-0157,Logon
logon,{00000001C196-1FB34304},2010-05-11 07:32:18,HMR4907,PC-0016,Logoff
logon,{00000001BE9F-2622F936},2010-05-11 19:39:45,HMR4907,PC-0034,Logon
logon,{00000001BE9E-295F790E},2010-05-11 19:42:08,HMR4907,PC-0120,Logon
logon,{00000001BEA0-2FFB21FF},2010-05-11 21:15:56,HMR4907,PC-0048,Logon
logon,{00000001C190-220310B4},2010-05-11 21:17:08,HMR4907,PC-0105,Logoff
logon,{00000001C191-17D364C6},2010-05-11 23:04:45,HMR4907,PC-0155,Logoff
logon,{00000001BEA1-330D7A6A},2010-05-11 23:18:35,HMR4907,PC-0020,Logon
logon,{00000001C192-2C44BF20},2010-05-11 23:53:56,HMR4907,PC-0050,Logoff
logon,{00000001C193-1D0C3DF2},2010-05-12 00:50:35,HMR4907,PC-0102,Logoff
logon,{00000001BEA9-3306C851},2010-05-12 05:08:28,HMR4907,PC-0068,Logon
logon,{00000001BEA7-37795780},2010-05-12 05:55:17,HMR4907,PC-0120,Logon
logon,{00000001C19B-35462D62},2010-05-12 07:00:28,HMR4907,PC-0150,Logoff
logon,{00000001C199-367C06A3},2010-05-12 07:54:17,HMR4907,PC-0119,Logoff
logon,{00000001BEA5-15B95AC4},2010-05-12 18:14:22,HMR4907,PC-0108,Logon
logon,{00000001BEA6-39C54218},2010-05-12 20:23:04,HMR4907,PC-0081,Logon
logon,{00000001C197-19CACAB5},2010-05-12 20:54:22,HMR4907,PC-0136,Logoff
logon,{00000001BEA8-3B283B19},2010-05-12 21:31:53,HMR4907,PC-0076,Logon
logon,{00000001C198-0EE4E115},2010-05-12 21:35:04,HMR4907,PC-0135,Logoff
logon,{00000001C19A-059ACB3F},2010-05-13 00:44:53,HMR4907,PC-0073,Logoff
logon,{00000001BEAF-2FC4D43E},2010-05-13 02:18:05,HMR4907,PC-0148,Logon
logon,{00000001C1A1-08A346A1},2010-05-13 04:50:05,HMR4907,PC-0055,Logoff
logon,{00000001BEAC-0BE68B71},2010-05-13 06:34:01,HMR4907,PC-0134,Logon
logon,{00000001C19E-09757D2E},2010-05-13 09:24:01,HMR4907,PC-0135,Logoff
logon,{00000001BEAB-33C03810},2010-05-13 20:49:45,HMR4907,PC-0022,Logon
logon,{00000001BEB0-1589BA7A},2010-05-13 21:12:03,HMR4907,PC-0111,Logon
logon,{00000001BEAA-0CAD7DEA},2010-05-13 21:42:05,HMR4907,PC-0021,Logon
logon,{00000001C1A2-0490417A},2010-05-13 21:51:03,HMR4907,PC-0087,Logoff
logon,{00000001BEAE-2351E1D4},2010-05-13 21:53:43,HMR4907,PC-0154,Logon
logon,{00000001C1A0-2D806FFA},2010-05-13 22:44:43,HMR4907,PC-0128,Logoff
logon,{00000001C19D-32DF404B},2010-05-13 22:54:45,HMR4907,PC-0001,Logoff
logon,{00000001BEAD-39114F66},2010-05-13 23:32:20,HMR4907,PC-0038,Logon
logon,{00000001C19C-210BEC68},2010-05-14 00:49:05,HMR4907,PC-0115,Logoff
logon,{00000001C19F-1048E4F6},2010-05-14 03:22:20,HMR4907,PC-0131,Logoff
logon,{00000001BEB3-290B8009},2010-05-14 18:51:03,HMR4907,PC-0015,Logon
logon,{00000001BEB2-146ECC49},2010-05-14 20:45:01,HMR4907,PC-0059,Logon
logon,{00000001C1A5-05739170},2010-05-14 20:59:03,HMR4907,PC-0008,Logoff
logon,{00000001BEB1-3AA3E466},2010-05-14 23:27:53,HMR4907,PC-0026,Logon
logon,{00000001C1A4-35305B42},2010-05-14 23:39:01,HMR4907,PC-0070,Logoff
logon,{00000001C1A3-216A3147},2010-05-15 00:09:53,HMR4907,PC-0087,Logoff
logon,{00000001BEB6-1891AF41},2010-05-17 01:52:34,HMR4907,PC-0015,Logon
logon,{00000001C1A8-1FF76981},2010-05-17 03:38:34,HMR4907,PC-0060,Logoff
logon,{00000001BEB4-022D994D},2010-05-17 19:26:32,HMR4907,PC-0133,Logon
logon,{00000001BEBB-2F56601D},2010-05-17 19:52:14,HMR4907,PC-0005,Logon
logon,{00000001BEB8-170BAC93},2010-05-17 19:52:43,HMR4907,PC-0027,Logon
logon,{00000001BEB5-3BCFBC2A},2010-05-17 20:04:21,HMR4907,PC-0120,Logon
logon,{00000001BEB9-1272F145},2010-05-17 20:26:34,HMR4907,PC-0042,Logon
logon,{00000001C1AD-1734A292},2010-05-17 20:38:14,HMR4907,PC-0041,Logoff
logon,{00000001BEBD-3D3BA5B1},2010-05-17 22:07:28,HMR4907,PC-0149,Logon
logon,{00000001C1A6-213B5369},2010-05-17 22:47:32,HMR4907,PC-0099,Logoff
logon,{00000001C1AA-163C0D70},2010-05-17 22:52:43,HMR4907,PC-0145,Logoff
logon,{00000001BEBC-1003EA4D},2010-05-17 22:56:59,HMR4907,PC-0026,Logon
logon,{00000001C1AB-3DCFEC35},2010-05-17 23:03:34,HMR4907,PC-0084,Logoff
logon,{00000001BEBA-0AF122B3},2010-05-17 23:51:00,HMR4907,PC-0121,Logon
logon,{00000001BEB7-35C833C4},2010-05-17 23:57:13,HMR4907,PC-0012,Logon
logon,{00000001C1A7-16793E20},2010-05-17 23:58:21,HMR4907,PC-0038,Logoff
logon,{00000001C1AF-236C027F},2010-05-18 00:58:28,HMR4907,PC-0041,Logoff
logon,{00000001C1A9-31D8E7E2},2010-05-18 01:01:13,HMR4907,PC-0159,Logoff
logon,{00000001C1AE-3C9811BA},2010-05-18 02:24:59,HMR4907,PC-0156,Logoff
logon,{00000001C1AC-0DD8D973},2010-05-18 03:35:00,HMR4907,PC-0074,Logoff
logon,{00000001BEBE-3CE7693F},2010-05-18 04:27:31,HMR4907,PC-0019,Logon
logon,{00000001BEC0-2688063F},2010-05-18 05:10:18,HMR4907,PC-0100,Logon
logon,{00000001C1B0-2BFFAD2D},2010-05-18 05:34:31,HMR4907,PC-0152,Logoff
logon,{00000001C1B2-1F4558A5},2010-05-18 06:38:18,HMR4907,PC-0024,Logoff
logon,{00000001BEC1-08F23694},2010-05-18 20:09:43,HMR4907,PC-0054,Logon
logon,{00000001BEBF-13795CB7},2010-05-18 20:20:27,HMR4907,PC-0038,Logon
logon,{00000001C1B1-39EA6BD7},2010-05-18 21:02:27,HMR4907,PC-0020,Logoff
logon,{00000001BEC2-38694E27},2010-05-18 21:10:20,HMR4907,PC-0086,Logon
logon,{00000001BEC3-0B6C3082},2010-05-18 21:19:50,HMR4907,PC-0088,Logon
logon,{00000001C1B4-297014AA},2010-05-18 22:35:20,HMR4907,PC-0091,Logoff
logon,{00000001C1B5-3CB6E465},2010-05-18 23:01:50,HMR4907,PC-0033,Logoff
logon,{00000001C1B3-06F18B77},2010-05-18 23:33:43,HMR4907,PC-0123,Logoff
logon,{00000001BEC8-25AB2FD3},2010-05-19 00:40:11,HMR4907,PC-0058,Logon
logon,{00000001C1BA-150EC780},2010-05-19 02:31:11,HMR4907,PC-0133,Logoff
logon,{00000001BEC5-0A173F37},2010-05-19 04:51:59,HMR4907,PC-0152,Logon
logon,{00000001C1B7-238D9944},2010-05-19 08:16:59,HMR4907,PC-0112,Logoff
logon,{00000001BEC6-3FED5F50},2010-05-19 18:41:46,HMR4907,PC-0060,Logon
logon,{00000001BEC7-3CED8848},2010-05-19 20:22:39,HMR4907,PC-0104,Logon
logon,{00000001BEC9-2B198E9E},2010-05-19 20:58:29,HMR4907,PC-0077,Logon
logon,{00000001C1B8-3A4A386D},2010-05-19 21:03:46,HMR4907,PC-0070,Logoff
logon,{00000001BEC4-1DF344AA},2010-05-19 21:41:58,HMR4907,PC-0150,Logon
logon,{00000001C1B6-1956931D},2010-05-19 22:12:58,HMR4907,PC-0071,Logoff
logon,{00000001C1B9-2A8280DC},2010-05-19 22:38:39,HMR4907,PC-0107,Logoff
logon,{00000001C1BB-29B6AD4B},2010-05-19 23:08:29,HMR4907,PC-0098,Logoff
logon,{00000001BECE-13FB6696},2010-05-20 03:34:19,HMR4907,PC-0083,Logon
logon,{00000001C1C0-2CA4ED61},2010-05-20 05:03:19,HMR4907,PC-0136,Logoff
logon,{00000001BECB-19C2BB44},2010-05-20 18:07:19,HMR4907,PC-0048,Logon
logon,{00000001BECC-3ED972AA},2010-05-20 20:29:24,HMR4907,PC-0010,Logon
logon,{00000001C1BE-03218F35},2010-05-20 21:14:24,HMR4907,PC-0099,Logoff
logon,{00000001BECD-1CDFFABA},2010-05-20 21:29:42,HMR4907,PC-0013,Logon
logon,{00000001BECA-3A64F32B},2010-05-20 21:54:07,HMR4907,PC-0027,Logon
logon,{00000001C1BD-0F8D07B0},2010-05-20 21:55:19,HMR4907,PC-0045,Logoff
logon,{00000001C1BC-39A8FA31},2010-05-20 22:42:07,HMR4907,PC-0056,Logoff
logon,{00000001C1BF-1C154C49},2010-05-21 01:02:42,HMR4907,PC-0014,Logoff
logon,{00000001BED2-22C16B2D},2010-05-21 01:23:26,HMR4907,PC-0031,Logon
logon,{00000001C1C4-02FF76DB},2010-05-21 02:42:26,HMR4907,PC-0083,Logoff
logon,{00000001BED3-3994FC29},2010-05-21 03:08:23,HMR4907,PC-0027,Logon
logon,{00000001C1C5-073758EB},2010-05-21 06:34:23,HMR4907,PC-0090,Logoff
logon,{00000001BED4-283C01FC},2010-05-21 18:00:43,HMR4907,PC-0064,Logon
logon,{00000001BECF-0341ECF1},2010-05-21 18:02:07,HMR4907,PC-0152,Logon
logon,{00000001C1C1-1233DE9E},2010-05-21 19:41:07,HMR4907,PC-0126,Logoff
logon,{00000001BED0-16CFD437},2010-05-21 20:17:53,HMR4907,PC-0009,Logon
logon,{00000001C1C2-252AA6CF},2010-05-21 21:23:53,HMR4907,PC-0025,Logoff
logon,{00000001C1C6-086FA7EF},2010-05-21 21:53:43,HMR4907,PC-0135,Logoff
logon,{00000001BED1-0903F425},2010-05-21 23:24:52,HMR4907,PC-0055,Logon
logon,{00000001C1C3-06E0A2FB},2010-05-22 02:01:52,HMR4907,PC-0092,Logoff
logon,{00000001BEDA-38662C50},2010-05-24 18:21:26,HMR4907,PC-0132,Logon
logon,{00000001C1CC-05042BB8},2010-05-24 19:39:26,HMR4907,PC-0082,Logoff
logon,{00000001BED7-0929AC5E},2010-05-24 20:00:19,HMR4907,PC-0104,Logon
logon,{00000001BED6-047829A3},2010-05-24 20:06:00,HMR4907,PC-0073,Logon
logon,{00000001C1C9-3672CBD1},2010-05-24 20:45:19,HMR4907,PC-0063,Logoff
logon,{00000001BEDB-2EC524CB},2010-05-24 21:45:13,HMR4907,PC-0009,Logon
logon,{00000001BED5-3BE6BE47},2010-05-24 21:53:27,HMR4907,PC-0067,Logon
logon,{00000001BED9-1F612FDC},2010-05-24 22:48:56,HMR4907,PC-0030,Logon
logon,{00000001C1CD-3F111938},2010-05-24 22:54:13,HMR4907,PC-0045,Logoff
logon,{00000001BED8-2A179890},2010-05-24 23:21:03,HMR4907,PC-0041,Logon
logon,{00000001C1C8-2101020A},2010-05-24 23:22:00,HMR4907,PC-0127,Logoff
logon,{00000001C1C7-3F664DA3},2010-05-25 00:06:27,HMR4907,PC-0077,Logoff
logon,{00000001BEDE-152CC718},2010-05-25 00:13:04,HMR4907,PC-0059,Logon
logon,{00000001C1CB-0176D2B7},2010-05-25 00:42:56,HMR4907,PC-0009,Logoff
logon,{00000001C1CA-15B32F84},2010-05-25 01:33:03,HMR4907,PC-0076,Logoff
logon,{00000001BEE1-15A82F49},2010-05-25 01:59:37,HMR4907,PC-0109,Logon
logon,{00000001C1D3-35B16D6D},2010-05-25 03:07:37,HMR4907,PC-0005,Logoff
logon,{00000001C1D0-39935045},2010-05-25 03:21:04,HMR4907,PC-0016,Logoff
logon,{00000001BEDD-26CC254C},2010-05-25 04:03:14,HMR4907,PC-0066,Logon
logon,{00000001C1CF-2A24CD26},2010-05-25 04:36:14,HMR4907,PC-0126,Logoff
logon,{00000001BEE0-3B0A3C7C},2010-05-25 18:04:10,HMR4907,PC-0159,Logon
logon,{00000001C1D2-0A5ABB61},2010-05-25 19:10:10,HMR4907,PC-0064,Logoff
logon,{00000001BEDC-3EAEB69B},2010-05-25 19:30:29,HMR4907,PC-0143,Logon
logon,{00000001BEDF-228A50DB},2010-05-25 20:00:15,HMR4907,PC-0025,Logon
logon,{00000001BEE2-0AF1B8CE},2010-05-25 20:26:31,HMR4907,PC-0109,Logon
logon,{00000001C1CE-3A3AF7AD},2010-05-25 21:19:29,HMR4907,PC-0134,Logoff
logon,{00000001C1D1-3B2FF1A5},2010-05-25 23:07:15,HMR4907,PC-0055,Logoff
logon,{00000001C1D4-22D09563},2010-05-26 00:08:31,HMR4907,PC-0001,Logoff
logon,{00000001BEE4-0407F0D1},2010-05-26 02:37:05,HMR4907,PC-0064,Logon
logon,{00000001BEE6-1D5C7EA9},2010-05-26 03:24:26,HMR4907,PC-0114,Logon
logon,{00000001C1D6-0E3D9AEA},2010-05-26 03:56:05,HMR4907,PC-0098,Logoff
logon,{00000001BEE8-211FB0FB},2010-05-26 04:57:22,HMR4907,PC-0052,Logon
logon,{00000001C1DA-18CF3844},2010-05-26 06:12:22,HMR4907,PC-0084,Logoff
logon,{00000001C1D8-15C53428},2010-05-26 07:23:26,HMR4907,PC-0141,Logoff
logon,{00000001BEE5-372FDFC7},2010-05-26 18:02:05,HMR4907,PC-0138,Logon
logon,{00000001C1D7-002F7762},2010-05-26 19:21:05,HMR4907,PC-0104,Logoff
logon,{00000001BEE7-1FB2B2D0},2010-05-26 22:44:57,HMR4907,PC-0065,Logon
logon,{00000001BEE3-18219E81},2010-05-26 23:54:14,HMR4907,PC-0093,Logon
logon,{00000001C1D9-16C2B0FA},2010-05-27 00:04:57,HMR4907,PC-0078,Logoff
logon,{00000001BEEA-0E6A348F},2010-05-27 00:22:05,HMR4907,PC-0075,Logon
logon,{00000001C1D5-0AAF9C81},2010-05-27 00:51:14,HMR4907,PC-0090,Logoff
logon,{00000001C1DC-210672E8},2010-05-27 02:57:05,HMR4907,PC-0093,Logoff
logon,{00000001BEE9-0A5EF998},2010-05-27 04:44:51,HMR4907,PC-0089,Logon
logon,{00000001BEEB-26B9D1F2},2010-05-27 05:31:52,HMR4907,PC-0005,Logon
logon,{00000001C1DD-179D9693},2010-05-27 07:50:52,HMR4907,PC-0099,Logoff
logon,{00000001C1DB-12231BB0},2010-05-27 08:07:51,HMR4907,PC-0076,Logoff
logon,{00000001BEEC-0861491E},2010-05-27 19:54:39,HMR4907,PC-0118,Logon
logon,{00000001BEED-261435EC},2010-05-27 21:29:04,HMR4907,PC-0025,Logon
logon,{00000001C1DE-3D42FD21},2010-05-27 21:29:39,HMR4907,PC-0136,Logoff
logon,{00000001BEEE-1E6E14DF},2010-05-27 21:31:51,HMR4907,PC-0133,Logon
logon,{00000001C1DF-0AF90A6F},2010-05-27 22:23:04,HMR4907,PC-0014,Logoff
logon,{00000001C1E0-1E50C3FF},2010-05-28 00:10:51,HMR4907,PC-0128,Logoff
device,{00000001EFA6-255BA706},2010-05-03 09:03:45,HMR4907,PC-0043,Connect
device,{00000001F130-2CA093B1},2010-05-03 09:37:45,HMR4907,PC-0043,Disconnect
device,{00000001EFA7-1FA70C3C},2010-05-05 14:01:51,HMR4907,PC-0043,Connect
device,{00000001F131-3261C2AA},2010-05-05 14:18:51,HMR4907,PC-0043,Disconnect
device,{00000001EFA8-1A8C35CB},2010-05-05 17:29:23,HMR4907,PC-0043,Connect
device,{00000001F132-0BE85690},2010-05-05 18:19:23,HMR4907,PC-0043,Disconnect
device,{00000001EFA9-1A0533C2},2010-05-06 07:58:08,HMR4907,PC-0043,Connect
device,{00000001F133-3221F062},2010-05-06 08:10:08,HMR4907,PC-0043,Disconnect
device,{00000001EFAA-05C782F0},2010-05-11 16:12:08,HMR4907,PC-0043,Connect
device,{00000001F134-1BDED36C},2010-05-11 16:59:08,HMR4907,PC-0043,Disconnect
device,{00000001EFAB-330EF8C3},2010-05-21 13:49:18,HMR4907,PC-0043,Connect
device,{00000001F135-12A9B7A6},2010-05-21 14:05:18,HMR4907,PC-0043,Disconnect
device,{00000001EFAC-23AC03CC},2010-05-25 10:59:16,HMR4907,PC-0043,Connect
device,{00000001F136-039A87D2},2010-05-25 11:03:16,HMR4907,PC-0043,Disconnect
device,{00000001EFAE-18F88679},2010-05-26 10:30:21,HMR4907,PC-0043,Connect
device,{00000001F138-00D50245},2010-05-26 11:38:21,HMR4907,PC-0043,Disconnect
device,{00000001EFAD-0C066673},2010-05-26 11:45:11,HMR4907,PC-0043,Connect
device,{00000001F137-01A14608},2010-05-26 12:37:11,HMR4907,PC-0043,Disconnect
device,{00000001EFAF-01AC6D32},2010-05-27 12:42:17,HMR4907,PC-0043,Connect
device,{00000001F139-3C87E14F},2010-05-27 12:58:17,HMR4907,PC-0043,Disconnect
file,{00000002CB40-09B0589F},2010-04-29 08:32:29,HMR4907,PC-0043,FE2384.doc,D0-CF-11-E0
file,{00000002CB42-3815FE1B},2010-04-29 08:35:52,HMR4907,PC-0043,C53CB4.zip,D0-CF-11-E0
file,{00000002CB41-0C284607},2010-04-29 14:16:26,HMR4907,PC-0043,55B817.zip,D0-CF-11-E0
file,{00000002CB45-363184E8},2010-04-30 09:10:23,HMR4907,PC-0043,224B93.pdf,D0-CF-11-E0
file,{00000002CB43-34C9D169},2010-04-30 10:16:36,HMR4907,PC-0043,98939C.doc,D0-CF-11-E0
file,{00000002CB44-39C552AB},2010-04-30 12:23:25,HMR4907,PC-0043,74B03F.zip,D0-CF-11-E0
file,{00000002CB47-15364D9A},2010-05-03 07:48:34,HMR4907,PC-0043,21F28D.doc,D0-CF-11-E0
file,{00000002CB46-3C553B2E},2010-05-03 12:06:37,HMR4907,PC-0043,BA248B.zip,D0-CF-11-E0
file,{00000002CB4A-168ED5F8},2010-05-04 09:18:05,HMR4907,PC-0043,03DB68.zip,D0-CF-11-E0
file,{00000002CB49-395E990E},2010-05-04 12:53:09,HMR4907,PC-0043,F39600.pdf,D0-CF-11-E0
file,{00000002CB48-07557D28},2010-05-04 17:38:50,HMR4907,PC-0043,85A9EC.pdf,D0-CF-11-E0
file,{00000002CB4B-22DC54D6},2010-05-05 12:20:33,HMR4907,PC-0043,2FF707.pdf,D0-CF-11-E0
file,{00000002CB4C-0A0ACA98},2010-05-05 15:57:49,HMR4907,PC-0043,342165.jpg,D0-CF-11-E0
file,{00000002CB4D-11D0F029},2010-05-06 08:02:24,HMR4907,PC-0043,D344A2.doc,D0-CF-11-E0
file,{00000002CB4F-2EA2AB2D},2010-05-06 08:44:02,HMR4907,PC-0043,1FB8D1.zip,D0-CF-11-E0
file,{00000002CB4E-0CFDC68F},2010-05-06 14:14:35,HMR4907,PC-0043,0975E0.zip,D0-CF-11-E0
file,{00000002CB50-3BD3315A},2010-05-07 12:05:28,HMR4907,PC-0043,BDEC28.doc,D0-CF-11-E0
file,{00000002CB52-08950325},2010-05-10 13:26:28,HMR4907,PC-0043,9236E4.pdf,D0-CF-11-E0
file,{00000002CB53-0F550759},2010-05-10 13:31:01,HMR4907,PC-0043,CD652F.zip,D0-CF-11-E0
file,{00000002CB51-23CEDC2A},2010-05-10 15:55:33,HMR4907,PC-0043,1E9B17.pdf,D0-CF-11-E0
file,{00000002CB55-2EE35BB0},2010-05-11 07:40:49,HMR4907,PC-0043,951F3F.zip,D0-CF-11-E0
file,{00000002CB5A-2E1FD125},2010-05-11 08:09:03,HMR4907,PC-0043,3F64D2.jpg,D0-CF-11-E0
file,{00000002CB57-2FF2D3C9},2010-05-11 11:01:47,HMR4907,PC-0043,5F5F9C.zip,D0-CF-11-E0
file,{00000002CB56-3EA837C8},2010-05-11 12:00:17,HMR4907,PC-0043,13CABC.zip,D0-CF-11-E0
file,{00000002CB54-3AFEDCFD},2010-05-11 12:11:26,HMR4907,PC-0043,1FC4BA.pdf,D0-CF-11-E0
file,{00000002CB58-1DA04F8A},2010-05-11 14:15:20,HMR4907,PC-0043,91C9E1.pdf,D0-CF-11-E0
file,{00000002CB59-13E4D2D8},2010-05-11 15:28:29,HMR4907,PC-0043,0494CF.doc,D0-CF-11-E0
file,{00000002CB5D-162073CE},2010-05-12 08:16:42,HMR4907,PC-0043,F4C9B7.txt,D0-CF-11-E0
file,{00000002CB5B-239E49C5},2010-05-12 10:32:32,HMR4907,PC-0043,FB88F0.pdf,D0-CF-11-E0
file,{00000002CB5C-25A7FB7D},2010-05-12 15:11:19,HMR4907,PC-0043,27285A.zip,D0-CF-11-E0
file,{00000002CB62-02251D2F},2010-05-13 09:27:08,HMR4907,PC-0043,F547AF.png,D0-CF-11-E0
file,{00000002CB5E-3A362C0E},2010-05-13 09:52:41,HMR4907,PC-0043,C49B64.jpg,D0-CF-11-E0
file,{00000002CB63-35E3BB1E},2010-05-13 11:10:02,HMR4907,PC-0043,DBDEAD.zip,D0-CF-11-E0
file,{00000002CB5F-2463C383},2010-05-13 11:21:42,HMR4907,PC-0043,C9CCF5.zip,D0-CF-11-E0
file,{00000002CB60-3F2BF530},2010-05-13 13:22:49,HMR4907,PC-0043,DF9A06.doc,D0-CF-11-E0
file,{00000002CB61-0BE49025},2010-05-13 17:35:30,HMR4907,PC-0043,F88C5C.doc,D0-CF-11-E0
file,{00000002CB65-03270DB7},2010-05-14 08:06:29,HMR4907,PC-0043,4E3AC5.pdf,D0-CF-11-E0
file,{00000002CB64-0FDD601D},2010-05-14 08:17:04,HMR4907,PC-0043,94B747.pdf,D0-CF-11-E0
file,{00000002CB67-2472F95E},2010-05-14 08:43:51,HMR4907,PC-0043,4CA50F.pdf,D0-CF-11-E0
file,{00000002CB68-3721A82E},2010-05-14 16:55:01,HMR4907,PC-0043,1FA3D2.doc,D0-CF-11-E0
file,{00000002CB66-09B38B1B},2010-05-14 17:44:22,HMR4907,PC-0043,89D12C.doc,D0-CF-11-E0
file,{00000002CB69-1EA57D07},2010-05-17 07:43:15,HMR4907,PC-0043,1ECCDC.doc,D0-CF-11-E0
file,{00000002CB6B-1A8700A9},2010-05-17 08:22:40,HMR4907,PC-0043,94ADA6.zip,D0-CF-11-E0
file,{00000002CB6A-2EEF6C2F},2010-05-17 16:34:39,HMR4907,PC-0043,376FCA.zip,D0-CF-11-E0
file,{00000002CB6D-3724968E},2010-05-18 09:05:44,HMR4907,PC-0043,4E6849.jpg,D0-CF-11-E0
file,{00000002CB70-114D7D8F},2010-05-18 09:20:35,HMR4907,PC-0043,1240B9.txt,D0-CF-11-E0
file,{00000002CB6C-233E7B90},2010-05-18 09:26:05,HMR4907,PC-0043,F0C49D.pdf,D0-CF-11-E0
file,{00000002CB6E-27989D9B},2010-05-18 10:39:12,HMR4907,PC-0043,506AB7.pdf,D0-CF-11-E0
file,{00000002CB6F-09E22E09},2010-05-18 12:15:31,HMR4907,PC-0043,A10AE5.doc,D0-CF-11-E0
file,{00000002CB74-10E8933E},2010-05-19 09:37:21,HMR4907,PC-0043,BA5158.pdf,D0-CF-11-E0
file,{00000002CB72-20B66B78},2010-05-19 13:24:58,HMR4907,PC-0043,A21608.pdf,D0-CF-11-E0
file,{00000002CB71-23F7C96C},2010-05-19 16:10:00,HMR4907,PC-0043,13E16D.pdf,D0-CF-11-E0
file,{00000002CB73-1DEAD4E6},2010-05-19 17:13:40,HMR4907,PC-0043,F62BDC.doc,D0-CF-11-E0
file,{00000002CB75-073BA04F},2010-05-20 16:01:24,HMR4907,PC-0043,A77B6B.doc,D0-CF-11-E0
file,{00000002CB76-15EE1D23},2010-05-24 09:29:08,HMR4907,PC-0043,DAAEDE.doc,D0-CF-11-E0
file,{00000002CB78-2FB9A1A3},2010-05-24 11:35:24,HMR4907,PC-0043,1C5A84.zip,D0-CF-11-E0
file,{00000002CB77-1F5B8391},2010-05-24 17:38:38,HMR4907,PC-0043,ADB788.zip,D0-CF-11-E0
file,{00000002CB79-3C22BD8A},2010-05-25 08:48:22,HMR4907,PC-0043,B253CD.pdf,D0-CF-11-E0
file,{00000002CB7A-39B1AF05},2010-05-25 09:36:41,HMR4907,PC-0043,D56FE2.pdf,D0-CF-11-E0
file,{00000002CB7C-296CA433},2010-05-25 10:00:09,HMR4907,PC-0043,88AF06.doc,D0-CF-11-E0
file,{00000002CB7B-12E8705B},2010-05-25 16:37:39,HMR4907,PC-0043,8B33AF.doc,D0-CF-11-E0
file,{00000002CB7F-1843F8FB},2010-05-26 11:46:51,HMR4907,PC-0043,BA1DF7.doc,D0-CF-11-E0
file,{00000002CB7D-1F4A50CA},2010-05-26 15:04:28,HMR4907,PC-0043,4E922F.zip,D0-CF-11-E0
file,{00000002CB7E-33287C35},2010-05-26 17:37:00,HMR4907,PC-0043,0D64E4.doc,D0-CF-11-E0
file,{00000002CB81-13856293},2010-05-27 12:02:14,HMR4907,PC-0043,ED0486.zip,D0-CF-11-E0
file,{00000002CB80-0D6ADC47},2010-05-27 12:33:41,HMR4907,PC-0043,09321E.doc,D0-CF-11-E0
email,{000000061A25-0DC336E5},2010-04-29 10:04:23,HMR4907,PC-0043,E798C@hotmail.com,,,hmr4907@dtaa.com,748691,2,meeting notes attached
email,{000000061A27-2E2B3594},2010-04-30 14:25:50,HMR4907,PC-0043,E60DB@hotmail.com,,,hmr4907@dtaa.com,500516,6,meeting notes attached
email,{000000061A26-3BC92BA5},2010-04-30 14:48:27,HMR4907,PC-0043,AC890@outlook.com,,,hmr4907@dtaa.com,2355671,6,meeting notes attached
email,{000000061A29-36FD866F},2010-05-04 08:37:20,HMR4907,PC-0043,E1E00@outlook.com,,,hmr4907@dtaa.com,341803,4,meeting notes attached
email,{000000061A2A-0BA43978},2010-05-04 09:48:19,HMR4907,PC-0043,E9245@aol.com,,,hmr4907@dtaa.com,1363086,6,meeting notes attached
email,{000000061A28-077D4309},2010-05-04 15:16:43,HMR4907,PC-0043,361A7@outlook.com,,,hmr4907@dtaa.com,341081,1,meeting notes attached
email,{000000061A2B-02AE410B},2010-05-05 09:39:23,HMR4907,PC-0043,F895C@hotmail.com,,,hmr4907@dtaa.com,1849765,5,meeting notes attached
email,{000000061A2C-18FB127B},2010-05-07 12:51:10,HMR4907,PC-0043,52190@gmail.com,,,hmr4907@dtaa.com,2069915,6,meeting notes attached
email,{000000061A2D-0F6E4F1D},2010-05-10 07:35:27,HMR4907,PC-0043,214F9@hotmail.com,,,hmr4907@dtaa.com,524571,2,meeting notes attached
email,{000000061A2E-11B536D8},2010-05-11 07:43:13,HMR4907,PC-0043,884C7@aol.com,,,hmr4907@dtaa.com,113298,2,meeting notes attached
email,{000000061A2F-2C929E59},2010-05-11 08:38:43,HMR4907,PC-0043,36E95@aol.com,,,hmr4907@dtaa.com,970489,5,meeting notes attached
email,{000000061A30-33C4759F},2010-05-11 10:07:03,HMR4907,PC-0043,3D1C5@aol.com,,,hmr4907@dtaa.com,1050624,3,meeting notes attached
email,{000000061A33-3721DD85},2010-05-12 11:02:45,HMR4907,PC-0043,EF14A@outlook.com,,,hmr4907@dtaa.com,347841,3,meeting notes attached
email,{000000061A31-0287E9DC},2010-05-12 12:56:07,HMR4907,PC-0043,3C112@outlook.com,,,hmr4907@dtaa.com,829488,2,meeting notes attached
email,{000000061A34-0B1EC47F},2010-05-12 15:07:33,HMR4907,PC-0043,5289B@gmail.com,,,hmr4907@dtaa.com,526307,5,meeting notes attached
email,{000000061A32-09B1DF2C},2010-05-12 17:55:33,HMR4907,PC-0043,A8425@yahoo.com,,,hmr4907@dtaa.com,1191643,3,meeting notes attached
email,{000000061A36-3467A8C4},2010-05-13 08:46:53,HMR4907,PC-0043,FD59D@outlook.com,,,hmr4907@dtaa.com,1568023,6,meeting notes attached
email,{000000061A35-00AADFF5},2010-05-13 09:15:12,HMR4907,PC-0043,9BA5E@hotmail.com,,,hmr4907@dtaa.com,491521,3,meeting notes attached
email,{000000061A38-18B46FD3},2010-05-13 12:04:48,HMR4907,PC-0043,3392F@gmail.com,,,hmr4907@dtaa.com,109902,1,meeting notes attached
email,{000000061A37-179E71E2},2010-05-13 15:25:20,HMR4907,PC-0043,4BA89@aol.com,,,hmr4907@dtaa.com,731322,2,meeting notes attached
email,{000000061A39-0A369628},2010-05-17 16:43:18,HMR4907,PC-0043,22656@yahoo.com,,,hmr4907@dtaa.com,1001086,3,meeting notes attached
email,{000000061A3A-3B3DF430},2010-05-17 17:50:57,HMR4907,PC-0043,3DAC0@hotmail.com,,,hmr4907@dtaa.com,726980,5,meeting notes attached
email,{000000061A3B-3FDC7548},2010-05-18 07:22:11,HMR4907,PC-0043,6D7DE@gmail.com,,,hmr4907@dtaa.com,689140,4,meeting notes attached
email,{000000061A3D-23366CFF},2010-05-18 13:38:02,HMR4907,PC-0043,E7573@yahoo.com,,,hmr4907@dtaa.com,900391,4,meeting notes attached
email,{000000061A3C-14A763DD},2010-05-18 13:49:38,HMR4907,PC-0043,C044D@outlook.com,,,hmr4907@dtaa.com,1154831,3,meeting notes attached
email,{000000061A42-29EC105C},2010-05-19 08:09:02,HMR4907,PC-0043,10C69@outlook.com,,,hmr4907@dtaa.com,691747,2,meeting notes attached
email,{000000061A40-359E764B},2010-05-19 09:01:36,HMR4907,PC-0043,EBBC1@aol.com,,,hmr4907@dtaa.com,434087,7,meeting notes attached
email,{000000061A3E-372AF86B},2010-05-19 11:10:03,HMR4907,PC-0043,64859@gmail.com,,,hmr4907@dtaa.com,1306368,5,meeting notes attached
email,{000000061A3F-163B1EFD},2010-05-19 12:21:49,HMR4907,PC-0043,E5529@gmail.com,,,hmr4907@dtaa.com,2177235,6,meeting notes attached
email,{000000061A41-1FC933B4},2010-05-19 12:53:41,HMR4907,PC-0043,AFD83@aol.com,,,hmr4907@dtaa.com,590887,2,meeting notes attached
email,{000000061A43-349D289E},2010-05-19 16:47:04,HMR4907,PC-0043,2512D@hotmail.com,,,hmr4907@dtaa.com,101411,1,meeting notes attached
email,{000000061A44-2D53BCC7},2010-05-20 15:30:00,HMR4907,PC-0043,C77DA@hotmail.com,,,hmr4907@dtaa.com,958570,5,meeting notes attached
email,{000000061A47-0C6BA9F2},2010-05-21 10:59:29,HMR4907,PC-0043,E782B@aol.com,,,hmr4907@dtaa.com,344864,1,meeting notes attached
email,{000000061A46-035B905D},2010-05-21 14:22:10,HMR4907,PC-0043,A0CAC@hotmail.com,,,hmr4907@dtaa.com,476038,5,meeting notes attached
email,{000000061A45-3D8429B3},2010-05-21 17:13:20,HMR4907,PC-0043,1CAAE@hotmail.com,,,hmr4907@dtaa.com,711546,2,meeting notes attached
email,{000000061A48-1342A533},2010-05-24 15:16:10,HMR4907,PC-0043,07B5B@hotmail.com,,,hmr4907@dtaa.com,256279,1,meeting notes attached
email,{000000061A49-3599BDE5},2010-05-25 09:06:16,HMR4907,PC-0043,4495F@aol.com,,,hmr4907@dtaa.com,844288,7,meeting notes attached
email,{000000061A4A-1A07AB3D},2010-05-25 11:21:19,HMR4907,PC-0043,B13D1@gmail.com,,,hmr4907@dtaa.com,1152332,7,meeting notes attached
email,{000000061A4B-125DB822},2010-05-26 07:32:21,HMR4907,PC-0043,9EC8A@gmail.com,,,hmr4907@dtaa.com,891779,3,meeting notes attached
email,{000000061A4D-04112236},2010-05-26 07:50:15,HMR4907,PC-0043,F3044@yahoo.com,,,hmr4907@dtaa.com,830011,7,meeting notes attached
email,{000000061A4C-053048EF},2010-05-26 15:49:28,HMR4907,PC-0043,7C78A@gmail.com,,,hmr4907@dtaa.com,822998,7,meeting notes attached
email,{000000061A4E-20F5AFDA},2010-05-27 09:01:12,HMR4907,PC-0043,38EE2@gmail.com,,,hmr4907@dtaa.com,518081,3,meeting notes attached
email,{000000061A4F-23C6BAA6},2010-05-27 12:15:07,HMR4907,PC-0043,32014@outlook.com,,,hmr4907@dtaa.com,747487,2,meeting notes attached
http,{000000248A2E-2ABD74B7},2010-04-29 08:43:28,HMR4907,PC-0043,http://www.dropbox.com/02D412,page text
http,{000000248A2A-12D70C6C},2010-04-29 09:48:15,HMR4907,PC-0043,http://www.monster.com/1B06DD,page text
http,{000000248A2C-2845236E},2010-04-29 13:07:09,HMR4907,PC-0043,http://www.monster.com/1CD438,page text
http,{000000248A2D-3B6F3328},2010-04-29 17:09:14,HMR4907,PC-0043,http://www.dropbox.com/2A7991,page text
http,{000000248A2B-031B213B},2010-04-29 17:30:08,HMR4907,PC-0043,http://www.linkedin.com/174215,page text
http,{000000248A2F-3B770773},2010-04-30 07:56:33,HMR4907,PC-0043,http://www.dropbox.com/3B1290,page text
http,{000000248A30-2C8F2694},2010-04-30 17:41:22,HMR4907,PC-0043,http://www.wikipedia.org/3B404F,page text
http,{000000248A36-32064C9A},2010-05-03 07:12:00,HMR4907,PC-0043,http://www.drive.google.com/186455,page text
http,{000000248A32-05ECA37E},2010-05-03 10:03:07,HMR4907,PC-0043,http://www.monster.com/0A6273,page text
http,{000000248A34-34B7387B},2010-05-03 10:44:20,HMR4907,PC-0043,http://www.monster.com/380FE3,page text
http,{000000248A33-02DC1FD4},2010-05-03 10:47:52,HMR4907,PC-0043,http://www.drive.google.com/300F4F,page text
http,{000000248A37-1B8E6C1E},2010-05-03 11:34:10,HMR4907,PC-0043,http://www.dropbox.com/0A5DA7,page text
http,{000000248A31-2FB29090},2010-05-03 12:08:59,HMR4907,PC-0043,http://www.drive.google.com/3CE5BA,page text
http,{000000248A35-143A6912},2010-05-03 16:38:27,HMR4907,PC-0043,http://www.dropbox.com/1117D7,page text
http,{000000248A38-1CA2A1A3},2010-05-04 15:10:47,HMR4907,PC-0043,http://www.dropbox.com/345331,page text
http,{000000248A3B-2D297CDC},2010-05-05 07:07:12,HMR4907,PC-0043,http://www.dropbox.com/334308,page text
http,{000000248A39-020BBE3E},2010-05-05 09:08:41,HMR4907,PC-0043,http://www.weather.com/208173,page text
http,{000000248A3C-335CD728},2010-05-05 11:07:19,HMR4907,PC-0043,http://www.monster.com/13EB35,page text
http,{000000248A3A-24BD09E9},2010-05-05 11:25:51,HMR4907,PC-0043,http://www.drive.google.com/3CFAD2,page text
http,{000000248A42-073EAD74},2010-05-06 07:10:09,HMR4907,PC-0043,http://www.linkedin.com/389812,page text
http,{000000248A3F-2C32CFF6},2010-05-06 07:12:26,HMR4907,PC-0043,http://www.linkedin.com/3D7FB4,page text
http,{000000248A40-2440BBB5},2010-05-06 10:21:34,HMR4907,PC-0043,http://www.monster.com/1E5EA5,page text
http,{000000248A3D-0FE5FFB8},2010-05-06 12:31:53,HMR4907,PC-0043,http://www.amazon.com/0251E5,page text
http,{000000248A41-17AC8A4C},2010-05-06 16:08:08,HMR4907,PC-0043,http://www.drive.google.com/2E8AEC,page text
http,{000000248A3E-0CFB632C},2010-05-06 17:03:04,HMR4907,PC-0043,http://www.monster.com/3C8101,page text
http,{000000248A44-1292608E},2010-05-07 10:16:51,HMR4907,PC-0043,http://www.monster.com/25C3F8,page text
http,{000000248A43-3DFCEB6F},2010-05-07 12:36:45,HMR4907,PC-0043,http://www.drive.google.com/2DF4B3,page text
http,{000000248A47-08420CD4},2010-05-10 10:19:39,HMR4907,PC-0043,http://www.drive.google.com/183BBB,page text
http,{000000248A45-3C1A9624},2010-05-10 16:30:32,HMR4907,PC-0043,http://www.monster.com/3CC00F,page text
http,{000000248A46-36300708},2010-05-10 16:33:22,HMR4907,PC-0043,http://www.linkedin.com/3F2115,page text
http,{000000248A49-042DE9E0},2010-05-11 07:10:33,HMR4907,PC-0043,http://www.drive.google.com/0049B2,page text
http,{000000248A4A-14C05A5B},2010-05-11 07:52:06,HMR4907,PC-0043,http://www.monster.com/108549,page text
http,{000000248A4C-23674008},2010-05-11 11:27:18,HMR4907,PC-0043,http://www.weather.com/263125,page text
http,{000000248A48-059403FD},2010-05-11 13:44:18,HMR4907,PC-0043,http://www.drive.google.com/289233,page text
http,{000000248A4B-230CFF30},2010-05-11 14:22:32,HMR4907,PC-0043,http://www.monster.com/034E59,page text
http,{000000248A55-16ADD680},2010-05-12 07:33:05,HMR4907,PC-0043,http://www.monster.com/1B09A5,page text
http,{000000248A53-32DEC775},2010-05-12 08:28:11,HMR4907,PC-0043,http://www.monster.com/1493F0,page text
http,{000000248A50-1EDD1E76},2010-05-12 09:07:54,HMR4907,PC-0043,http://www.yahoo.com/340235,page text
http,{000000248A51-1F5D2941},2010-05-12 09:31:40,HMR4907,PC-0043,http://www.monster.com/2B90E4,page text
http,{000000248A4F-31750A24},2010-05-12 10:54:39,HMR4907,PC-0043,http://www.linkedin.com/384590,page text
http,{000000248A52-1AD94094},2010-05-12 11:06:29,HMR4907,PC-0043,http://www.amazon.com/11024C,page text
http,{000000248A4D-21691EEF},2010-05-12 11:20:53,HMR4907,PC-0043,http://www.weather.com/33F51F,page text
http,{000000248A54-3E1F856E},2010-05-12 12:24:40,HMR4907,PC-0043,http://www.dropbox.com/1CA891,page text
http,{000000248A56-0B8FA964},2010-05-12 13:16:15,HMR4907,PC-0043,http://www.drive.google.com/19045B,page text
http,{000000248A4E-0A082880},2010-05-12 14:57:32,HMR4907,PC-0043,http://www.dropbox.com/280C17,page text
http,{000000248A57-2A76DD56},2010-05-13 09:36:45,HMR4907,PC-0043,http://www.dropbox.com/32D954,page text
http,{000000248A5B-107299CC},2010-05-17 07:57:44,HMR4907,PC-0043,http://www.linkedin.com/01DC5A,page text
http,{000000248A5E-1324BD9E},2010-05-17 09:13:39,HMR4907,PC-0043,http://www.github.com/3E714B,page text
http,{000000248A5A-2CE4BFE6},2010-05-17 12:17:56,HMR4907,PC-0043,http://www.dropbox.com/1D6202,page text
http,{000000248A5D-0B324072},2010-05-17 12:52:55,HMR4907,PC-0043,http://www.dropbox.com/237264,page text
http,{000000248A5F-1DFA3D93},2010-05-17 15:22:06,HMR4907,PC-0043,http://www.stackoverflow.com/18DA73,page text
http,{000000248A58-38577C8E},2010-05-17 15:46:19,HMR4907,PC-0043,http://www.dropbox.com/301C64,page text
http,{000000248A5C-3A3BE851},2010-05-17 16:16:25,HMR4907,PC-0043,http://www.weather.com/357207,page text
http,{000000248A59-28F2E25B},2010-05-17 17:41:23,HMR4907,PC-0043,http://www.amazon.com/15F97A,page text
http,{000000248A61-12BA612C},2010-05-18 12:44:24,HMR4907,PC-0043,http://www.monster.com/12722A,page text
http,{000000248A60-070883F5},2010-05-18 17:56:57,HMR4907,PC-0043,http://www.monster.com/28C886,page text
http,{000000248A65-1837CB0C},2010-05-19 07:16:14,HMR4907,PC-0043,http://www.drive.google.com/37874B,page text
http,{000000248A66-05B24E51},2010-05-19 08:36:20,HMR4907,PC-0043,http://www.monster.com/089FA4,page text
http,{000000248A67-27DDDB98},2010-05-19 10:17:15,HMR4907,PC-0043,http://www.drive.google.com/0CA4B6,page text
http,{000000248A63-1F5D10B5},2010-05-19 12:33:40,HMR4907,PC-0043,http://www.monster.com/291833,page text
http,{000000248A62-1BF86396},2010-05-19 14:10:44,HMR4907,PC-0043,http://www.drive.google.com/212D85,page text
http,{000000248A64-20D63DE6},2010-05-19 17:03:34,HMR4907,PC-0043,http://www.dropbox.com/344B9B,page text
http,{000000248A68-112B9541},2010-05-19 17:49:34,HMR4907,PC-0043,http://www.drive.google.com/20633E,page text
http,{000000248A6A-36BA946D},2010-05-20 07:12:00,HMR4907,PC-0043,http://www.dropbox.com/0BA1F9,page text
http,{000000248A6D-1FCCDA43},2010-05-20 07:54:42,HMR4907,PC-0043,http://www.dropbox.com/39221F,page text
http,{000000248A69-06D2252E},2010-05-20 10:32:47,HMR4907,PC-0043,http://www.dropbox.com/1840DE,page text
http,{000000248A6E-07310578},2010-05-20 11:37:43,HMR4907,PC-0043,http://www.dropbox.com/078E95,page text
http,{000000248A6C-2B8B8F74},2010-05-20 13:22:22,HMR4907,PC-0043,http://www.linkedin.com/384382,page text
http,{000000248A6B-2A4DC2CC},2010-05-20 17:18:42,HMR4907,PC-0043,http://www.linkedin.com/1BD494,page text
http,{000000248A70-070B9752},2010-05-21 11:31:33,HMR4907,PC-0043,http://www.dropbox.com/3B6060,page text
http,{000000248A74-3CC92F0E},2010-05-21 12:51:11,HMR4907,PC-0043,http://www.wikipedia.org/06B588,page text
http,{000000248A72-34A41E09},2010-05-21 13:37:09,HMR4907,PC-0043,http://www.linkedin.com/13B70E,page text
http,{000000248A73-029F1CB3},2010-05-21 15:12:53,HMR4907,PC-0043,http://www.drive.google.com/22731C,page text
http,{000000248A71-157EE971},2010-05-21 15:14:23,HMR4907,PC-0043,http://www.linkedin.com/3CBD84,page text
http,{000000248A6F-10F6BE71},2010-05-21 15:57:21,HMR4907,PC-0043,http://www.reddit.com/147BD2,page text
http,{000000248A75-0533A01D},2010-05-21 17:20:51,HMR4907,PC-0043,http://www.monster.com/0A6017,page text
http,{000000248A78-3FB4D5A0},2010-05-24 08:25:38,HMR4907,PC-0043,http://www.stackoverflow.com/08CCEB,page text
http,{000000248A77-38B2B9FC},2010-05-24 11:11:59,HMR4907,PC-0043,http://www.amazon.com/03437E,page text
http,{000000248A79-15EEFEE4},2010-05-24 11:50:03,HMR4907,PC-0043,http://www.monster.com/3C8BD9,page text
http,{000000248A76-2A5BC28C},2010-05-24 17:59:43,HMR4907,PC-0043,http://www.dropbox.com/10C209,page text
http,{000000248A7B-07148B92},2010-05-25 08:08:36,HMR4907,PC-0043,http://www.monster.com/1D976E,page text
http,{000000248A7A-35597746},2010-05-25 09:39:52,HMR4907,PC-0043,http://www.monster.com/01DE57,page text
http,{000000248A7C-3C4C4A9F},2010-05-25 11:29:53,HMR4907,PC-0043,http://www.yahoo.com/0F4AB1,page text
http,{000000248A7E-09241F2A},2010-05-25 12:05:25,HMR4907,PC-0043,http://www.drive.google.com/229A84,page text
http,{000000248A7F-2AED1546},2010-05-25 14:48:21,HMR4907,PC-0043,http://www.reddit.com/1E89CD,page text
http,{000000248A7D-1C167C95},2010-05-25 16:28:11,HMR4907,PC-0043,http://www.yahoo.com/3228AD,page text
http,{000000248A86-0B667BDE},2010-05-26 07:21:23,HMR4907,PC-0043,http://www.monster.com/0EE183,page text
http,{000000248A80-0365128D},2010-05-26 07:29:43,HMR4907,PC-0043,http://www.amazon.com/21BBDA,page text
http,{000000248A81-319B0FEF},2010-05-26 08:39:37,HMR4907,PC-0043,http://www.dropbox.com/17986C,page text
http,{000000248A84-06F7F165},2010-05-26 08:48:25,HMR4907,PC-0043,http://www.monster.com/2985E6,page text
http,{000000248A82-054775DA},2010-05-26 14:43:38,HMR4907,PC-0043,http://www.linkedin.com/27FE4F,page text
http,{000000248A85-3D23AFEB},2010-05-26 14:53:41,HMR4907,PC-0043,http://www.drive.google.com/11095E,page text
http,{000000248A83-0BD4A173},2010-05-26 17:39:29,HMR4907,PC-0043,http://www.monster.com/36CE9F,page text
http,{000000248A8D-38EA72A4},2010-05-27 07:13:29,HMR4907,PC-0043,http://www.weather.com/3F0FAC,page text
http,{000000248A87-04D43A72},2010-05-27 12:01:06,HMR4907,PC-0043,http://www.drive.google.com/33DA6D,page text
http,{000000248A8A-3D61E455},2010-05-27 12:37:17,HMR4907,PC-0043,http://www.dropbox.com/09FE18,page text
http,{000000248A89-3FE4D82E},2010-05-27 12:43:46,HMR4907,PC-0043,http://www.amazon.com/086291,page text
http,{000000248A88-1A724792},2010-05-27 13:26:06,HMR4907,PC-0043,http://www.dropbox.com/0F6707,page text
http,{000000248A8B-25CDFC7C},2010-05-27 15:41:46,HMR4907,PC-0043,http://www.linkedin.com/2F839F,page text
http,{000000248A8C-388CC846},2010-05-27 17:24:43,HMR4907,PC-0043,http://www.yahoo.com/35BA3C,page text
