logon,{00000001BEF9-14FABD2C},2010-07-21 22:33:00,OQO5535,PC-0142,Logon
logon,{00000001C1EB-2B6B1E26},2010-07-22 02:25:00,OQO5535,PC-0019,Logoff
logon,{00000001BEFA-237EBF4D},2010-07-22 18:04:07,OQO5535,PC-0098,Logon
logon,{00000001BEFD-24AF6178},2010-07-22 19:03:29,OQO5535,PC-0052,Logon
logon,{00000001BEFC-2E8DB5B6},2010-07-22 19:36:22,OQO5535,PC-0149,Logon
logon,{00000001C1EE-0A30F269},2010-07-22 20:11:22,OQO5535,PC-0130,Logoff
logon,{00000001C1EC-33542F8A},2010-07-22 20:34:07,OQO5535,PC-0083,Logoff
logon,{00000001C1EF-1803F984},2010-07-22 22:40:29,OQO5535,PC-0143,Logoff
logon,{00000001BEFB-23C24483},2010-07-22 23:58:12,OQO5535,PC-0122,Logon
logon,{00000001C1ED-2918EAA6},2010-07-23 02:34:12,OQO5535,PC-0019,Logoff
logon,{00000001BF00-2CBFD9E3},2010-07-23 18:15:15,OQO5535,PC-0027,Logon
logon,{00000001BF01-214A646C},2010-07-23 18:38:41,OQO5535,PC-0066,Logon
logon,{00000001C1F3-0256D966},2010-07-23 20:06:41,OQO5535,PC-0091,Logoff
logon,{00000001BEFF-2286C5F4},2010-07-23 21:07:20,OQO5535,PC-0026,Logon
logon,{00000001C1F2-13A71018},2010-07-23 21:55:15,OQO5535,PC-0068,Logoff
logon,{00000001BEFE-3DB8F59A},2010-07-23 21:55:50,OQO5535,PC-0047,Logon
logon,{00000001C1F1-08351544},2010-07-23 22:03:20,OQO5535,PC-0099,Logoff
logon,{00000001C1F0-317F41E2},2010-07-23 22:46:50,OQO5535,PC-0097,Logoff
logon,{00000001BF02-1A01E2AF},2010-07-26 06:46:39,OQO5535,PC-0080,Logon
logon,{00000001C1F4-2070C39E},2010-07-26 07:26:39,OQO5535,PC-0142,Logoff
logon,{00000001BF06-032A9FC5},2010-07-26 18:07:43,OQO5535,PC-0144,Logon
logon,{00000001BF05-0075BE7E},2010-07-26 19:31:12,OQO5535,PC-0067,Logon
logon,{00000001BF04-07E387D7},2010-07-26 20:23:08,OQO5535,PC-0147,Logon
logon,{00000001C1F8-1EF3B274},2010-07-26 20:38:43,OQO5535,PC-0059,Logoff
logon,{00000001C1F7-21AEE2D3},2010-07-26 20:54:12,OQO5535,PC-0024,Logoff
logon,{00000001C1F6-0AF2F538},2010-07-26 21:54:08,OQO5535,PC-0014,Logoff
logon,{00000001BF03-2DF10B26},2010-07-26 23:29:10,OQO5535,PC-0038,Logon
logon,{00000001BF08-071F3460},2010-07-27 00:09:43,OQO5535,PC-0132,Logon
logon,{00000001C1F5-028322AB},2010-07-27 01:16:10,OQO5535,PC-0093,Logoff
logon,{00000001C1FA-2556F093},2010-07-27 02:41:43,OQO5535,PC-0136,Logoff
logon,{00000001BF07-051C445A},2010-07-27 19:45:54,OQO5535,PC-0021,Logon
logon,{00000001BF09-186AB7E5},2010-07-27 20:15:00,OQO5535,PC-0014,Logon
logon,{00000001C1F9-189E8B9A},2010-07-27 22:16:54,OQO5535,PC-0144,Logoff
logon,{00000001BF0A-204C4E2F},2010-07-27 23:24:02,OQO5535,PC-0042,Logon
logon,{00000001C1FB-0BA131A1},2010-07-27 23:37:00,OQO5535,PC-0140,Logoff
logon,{00000001C1FC-0F4C9682},2010-07-28 01:55:02,OQO5535,PC-0020,Logoff
logon,{00000001BF0C-0DE6322E},2010-07-28 03:28:16,OQO5535,PC-0121,Logon
logon,{00000001C1FE-0F27CDF1},2010-07-28 06:57:16,OQO5535,PC-0024,Logoff
logon,{00000001BF0B-2634273C},2010-07-28 18:39:30,OQO5535,PC-0024,Logon
logon,{00000001BF0D-11973D62},2010-07-28 19:35:32,OQO5535,PC-0145,Logon
logon,{00000001C1FD-3ACC01DB},2010-07-28 21:22:30,OQO5535,PC-0051,Logoff
logon,{00000001C1FF-25961C71},2010-07-28 21:36:32,OQO5535,PC-0065,Logoff
logon,{00000001BF11-354ECD85},2010-07-29 00:44:20,OQO5535,PC-0136,Logon
logon,{00000001C203-3DC2E507},2010-07-29 01:46:20,OQO5535,PC-0039,Logoff
logon,{00000001BF0E-3CF2220C},2010-07-29 18:04:01,OQO5535,PC-0145,Logon
logon,{00000001C200-0801CAD2},2010-07-29 18:38:01,OQO5535,PC-0105,Logoff
logon,{00000001BF0F-307B601D},2010-07-29 18:50:50,OQO5535,PC-0004,Logon
logon,{00000001C201-2FD5957A},2010-07-29 20:43:50,OQO5535,PC-0107,Logoff
logon,{00000001BF12-12044C6C},2010-07-29 22:10:07,OQO5535,PC-0024,Logon
logon,{00000001C204-0A086110},2010-07-29 22:55:07,OQO5535,PC-0140,Logoff
logon,{00000001BF10-2F3C3D98},2010-07-29 23:48:22,OQO5535,PC-0076,Logon
logon,{00000001BF18-0FD8C683},2010-07-30 01:07:29,OQO5535,PC-0070,Logon
logon,{00000001C202-3749DE4D},2010-07-30 01:46:22,OQO5535,PC-0044,Logoff
logon,{00000001C20A-1F323C14},2010-07-30 04:37:29,OQO5535,PC-0070,Logoff
logon,{00000001BF14-18813129},2010-07-30 05:53:28,OQO5535,PC-0109,Logon
logon,{00000001C206-054D7BBA},2010-07-30 06:42:28,OQO5535,PC-0092,Logoff
logon,{00000001BF19-2A4A57AB},2010-07-30 19:27:06,OQO5535,PC-0138,Logon
logon,{00000001C20B-034A610C},2010-07-30 20:37:06,OQO5535,PC-0103,Logoff
logon,{00000001BF16-0D60575E},2010-07-30 21:03:26,OQO5535,PC-0086,Logon
logon,{00000001BF13-180495F3},2010-07-30 22:27:01,OQO5535,PC-0159,Logon
logon,{00000001BF17-01C2F936},2010-07-30 23:11:32,OQO5535,PC-0126,Logon
logon,{00000001BF15-2F136A8D},2010-07-30 23:48:16,OQO5535,PC-0127,Logon
logon,{00000001C208-35D92ECC},2010-07-30 23:55:26,OQO5535,PC-0142,Logoff
logon,{00000001C205-3F91E52D},2010-07-31 00:42:01,OQO5535,PC-0094,Logoff
logon,{00000001C209-0E8EC47A},2010-07-31 02:55:32,OQO5535,PC-0107,Logoff
logon,{00000001C207-03AB54DD},2010-07-31 02:56:16,OQO5535,PC-0071,Logoff
logon,{00000001BF1C-05972DC1},2010-08-02 04:18:52,OQO5535,PC-0125,Logon
logon,{00000001C20E-1ED5CEEC},2010-08-02 05:42:52,OQO5535,PC-0126,Logoff
logon,{00000001BF1B-20DDB735},2010-08-02 06:10:01,OQO5535,PC-0110,Logon
logon,{00000001BF1A-03698359},2010-08-02 06:19:15,OQO5535,PC-0053,Logon
logon,{00000001C20D-27C8F803},2010-08-02 06:55:01,OQO5535,PC-0100,Logoff
logon,{00000001C20C-110DA1DB},2010-08-02 10:06:15,OQO5535,PC-0131,Logoff
logon,{00000001BF20-2178F11B},2010-08-02 20:29:52,OQO5535,PC-0071,Logon
logon,{00000001BF1D-17FF726D},2010-08-02 20:40:14,OQO5535,PC-0014,Logon
logon,{00000001BF1F-2F59EAD5},2010-08-02 21:03:30,OQO5535,PC-0052,Logon
logon,{00000001C211-33CB7D8A},2010-08-02 22:16:30,OQO5535,PC-0136,Logoff
logon,{00000001BF1E-048A32D2},2010-08-02 23:21:07,OQO5535,PC-0041,Logon
logon,{00000001C212-2A4C8531},2010-08-02 23:42:52,OQO5535,PC-0097,Logoff
logon,{00000001C20F-05050D66},2010-08-03 00:36:14,OQO5535,PC-0073,Logoff
logon,{00000001BF23-3FCC0760},2010-08-03 00:54:32,OQO5535,PC-0019,Logon
logon,{00000001C210-02EEAD06},2010-08-03 02:19:07,OQO5535,PC-0033,Logoff
logon,{00000001BF24-1AA3337C},2010-08-03 02:36:32,OQO5535,PC-0149,Logon
logon,{00000001C215-0309A066},2010-08-03 03:04:32,OQO5535,PC-0007,Logoff
logon,{00000001C216-292B7DC0},2010-08-03 05:57:32,OQO5535,PC-0115,Logoff
logon,{00000001BF25-191369DD},2010-08-03 19:06:03,OQO5535,PC-0037,Logon
logon,{00000001BF22-0CCBA5E1},2010-08-03 20:57:52,OQO5535,PC-0022,Logon
logon,{00000001BF26-1D4AE3B6},2010-08-03 21:45:22,OQO5535,PC-0041,Logon
logon,{00000001BF21-33B27D67},2010-08-03 22:07:21,OQO5535,PC-0158,Logon
logon,{00000001C217-24298676},2010-08-03 22:41:03,OQO5535,PC-0094,Logoff
logon,{00000001C213-3E9B372C},2010-08-03 23:35:21,OQO5535,PC-0127,Logoff
logon,{00000001C218-0BDA0C91},2010-08-04 00:05:22,OQO5535,PC-0151,Logoff
logon,{00000001C214-228C5A00},2010-08-04 00:10:52,OQO5535,PC-0140,Logoff
logon,{00000001BF29-27441D2B},2010-08-04 01:32:12,OQO5535,PC-0147,Logon
logon,{00000001C21B-1A47E462},2010-08-04 03:12:12,OQO5535,PC-0101,Logoff
logon,{00000001BF2C-11B74F90},2010-08-04 03:39:26,OQO5535,PC-0004,Logon
logon,{00000001BF27-2079542D},2010-08-04 04:45:42,OQO5535,PC-0058,Logon
logon,{00000001C219-341FBA6B},2010-08-04 06:20:42,OQO5535,PC-0028,Logoff
logon,{00000001C21E-25808A76},2010-08-04 07:27:26,OQO5535,PC-0129,Logoff
logon,{00000001BF2D-1754A2AC},2010-08-04 18:37:39,OQO5535,PC-0061,Logon
logon,{00000001C21F-326442B8},2010-08-04 19:30:39,OQO5535,PC-0015,Logoff
logon,{00000001BF2B-00F4C9DF},2010-08-04 21:07:55,OQO5535,PC-0073,Logon
logon,{00000001BF2A-3C02A70F},2010-08-04 21:12:05,OQO5535,PC-0117,Logon
logon,{00000001BF28-08B3046B},2010-08-04 23:24:27,OQO5535,PC-0156,Logon
logon,{00000001C21C-0955B238},2010-08-05 00:27:05,OQO5535,PC-0118,Logoff
logon,{00000001C21D-10EC9285},2010-08-05 00:30:55,OQO5535,PC-0081,Logoff
logon,{00000001C21A-0963924E},2010-08-05 02:36:27,OQO5535,PC-0156,Logoff
logon,{00000001BF31-0FF42C02},2010-08-05 06:27:33,OQO5535,PC-0092,Logon
logon,{00000001C223-0D5ECD4D},2010-08-05 07:39:33,OQO5535,PC-0059,Logoff
logon,{00000001BF30-39F277AC},2010-08-05 19:03:17,OQO5535,PC-0151,Logon
logon,{00000001BF2F-09D1D0EE},2010-08-05 20:05:40,OQO5535,PC-0007,Logon
logon,{00000001C222-0B9C542A},2010-08-05 21:28:17,OQO5535,PC-0002,Logoff
logon,{00000001C221-21F1D0DD},2010-08-05 22:24:40,OQO5535,PC-0068,Logoff
logon,{00000001BF2E-39B51D83},2010-08-05 22:30:39,OQO5535,PC-0100,Logon
logon,{00000001C220-274AA6CA},2010-08-05 23:27:39,OQO5535,PC-0040,Logoff
logon,{00000001BF35-3F5816A3},2010-08-06 03:08:51,OQO5535,PC-0132,Logon
logon,{00000001BF33-0C91E202},2010-08-06 04:46:20,OQO5535,PC-0149,Logon
logon,{00000001BF34-181E8A53},2010-08-06 05:28:58,OQO5535,PC-0091,Logon
logon,{00000001C227-04402186},2010-08-06 06:34:51,OQO5535,PC-0150,Logoff
logon,{00000001C226-2701750F},2010-08-06 07:40:58,OQO5535,PC-0037,Logoff
logon,{00000001C225-03BD02AD},2010-08-06 08:14:20,OQO5535,PC-0135,Logoff
logon,{00000001BF38-3025F09A},2010-08-06 19:51:50,OQO5535,PC-0114,Logon
logon,{00000001BF32-1CF85C16},2010-08-06 20:10:39,OQO5535,PC-0042,Logon
logon,{00000001BF36-31E5DDF8},2010-08-06 20:19:19,OQO5535,PC-0030,Logon
logon,{00000001C224-23AEEBDF},2010-08-06 20:48:39,OQO5535,PC-0048,Logoff
logon,{00000001C228-26E01750},2010-08-06 21:54:19,OQO5535,PC-0142,Logoff
logon,{00000001C22A-2EC3EE03},2010-08-06 22:54:50,OQO5535,PC-0014,Logoff
logon,{00000001BF37-20B95819},2010-08-06 23:25:08,OQO5535,PC-0109,Logon
logon,{00000001C229-19CA9C68},2010-08-07 00:02:08,OQO5535,PC-0094,Logoff
logon,{00000001BF39-32F8F3F0},2010-08-09 01:42:30,OQO5535,PC-0067,Logon
logon,{00000001BF3B-000B789C},2010-08-09 02:10:28,OQO5535,PC-0024,Logon
logon,{00000001C22B-3B118227},2010-08-09 04:38:30,OQO5535,PC-0157,Logoff
logon,{00000001BF3F-04C7F8A6},2010-08-09 05:04:15,OQO5535,PC-0098,Logon
logon,{00000001C22D-35CB4A09},2010-08-09 05:51:28,OQO5535,PC-0034,Logoff
logon,{00000001C231-3C3BEE75},2010-08-09 06:16:15,OQO5535,PC-0026,Logoff
logon,{00000001BF3C-0E561264},2010-08-09 18:05:33,OQO5535,PC-0006,Logon
logon,{00000001BF3A-011A177F},2010-08-09 19:52:55,OQO5535,PC-0069,Logon
logon,{00000001BF3D-106C7C71},2010-08-09 20:10:20,OQO5535,PC-0009,Logon
logon,{00000001C22C-2014552A},2010-08-09 20:39:55,OQO5535,PC-0051,Logoff
logon,{00000001C22E-341E4FCC},2010-08-09 21:13:33,OQO5535,PC-0074,Logoff
logon,{00000001BF3E-0F6B2417},2010-08-09 22:59:14,OQO5535,PC-0134,Logon
logon,{00000001C22F-12CBECDF},2010-08-09 23:12:20,OQO5535,PC-0129,Logoff
logon,{00000001BF40-13715932},2010-08-10 02:30:37,OQO5535,PC-0137,Logon
logon,{00000001C230-155A92B0},2010-08-10 02:51:14,OQO5535,PC-0094,Logoff
logon,{00000001C232-2553FEEA},2010-08-10 04:10:37,OQO5535,PC-0046,Logoff
logon,{00000001BF41-2265A8CF},2010-08-10 19:14:08,OQO5535,PC-0153,Logon
logon,{00000001BF43-2DA5263E},2010-08-10 20:47:26,OQO5535,PC-0040,Logon
logon,{00000001C233-1458542A},2010-08-10 20:58:08,OQO5535,PC-0128,Logoff
logon,{00000001BF44-2E167489},2010-08-10 22:06:21,OQO5535,PC-0033,Logon
logon,{00000001C235-3BD51D19},2010-08-10 22:57:26,OQO5535,PC-0018,Logoff
logon,{00000001BF42-3813907B},2010-08-10 23:11:52,OQO5535,PC-0007,Logon
logon,{00000001C234-2E1ACF22},2010-08-11 00:54:52,OQO5535,PC-0105,Logoff
logon,{00000001BF45-3FD642BB},2010-08-11 01:14:49,OQO5535,PC-0033,Logon
logon,{00000001C236-04DE940A},2010-08-11 01:29:21,OQO5535,PC-0142,Logoff
logon,{00000001BF47-369E782C},2010-08-11 02:25:50,OQO5535,PC-0139,Logon
logon,{00000001C239-3F42BA6A},2010-08-11 03:34:50,OQO5535,PC-0062,Logoff
logon,{00000001C237-0B892881},2010-08-11 04:27:49,OQO5535,PC-0127,Logoff
logon,{00000001BF48-0984CDE2},2010-08-11 06:31:53,OQO5535,PC-0142,Logon
logon,{00000001BF49-03B3D234},2010-08-11 06:34:57,OQO5535,PC-0078,Logon
logon,{00000001C23B-06407C0F},2010-08-11 07:20:57,OQO5535,PC-0110,Logoff
logon,{00000001C23A-030C4B13},2010-08-11 10:18:53,OQO5535,PC-0064,Logoff
logon,{00000001BF4B-00DEE711},2010-08-11 20:07:46,OQO5535,PC-0086,Logon
logon,{00000001BF46-0F45238F},2010-08-11 20:10:47,OQO5535,PC-0052,Logon
logon,{00000001C23D-2875DC38},2010-08-11 20:40:46,OQO5535,PC-0052,Logoff
logon,{00000001BF4A-27C64E03},2010-08-11 20:42:39,OQO5535,PC-0080,Logon
logon,{00000001C23C-24422AAF},2010-08-11 21:12:39,OQO5535,PC-0071,Logoff
logon,{00000001C238-2C665150},2010-08-11 21:45:47,OQO5535,PC-0040,Logoff
logon,{00000001BF4C-0346CA55},2010-08-11 23:12:19,OQO5535,PC-0074,Logon
logon,{00000001C23E-3E7B470E},2010-08-12 00:21:19,OQO5535,PC-0029,Logoff
logon,{00000001BF53-02E8C1AC},2010-08-12 01:16:12,OQO5535,PC-0052,Logon
logon,{00000001BF54-17931510},2010-08-12 01:16:51,OQO5535,PC-0041,Logon
logon,{00000001BF4D-29BB4A1F},2010-08-12 01:38:11,OQO5535,PC-0009,Logon
logon,{00000001BF4E-1AEEE016},2010-08-12 01:54:24,OQO5535,PC-0074,Logon
logon,{00000001C245-11EC6B3F},2010-08-12 04:12:12,OQO5535,PC-0031,Logoff
logon,{00000001C23F-134BCD67},2010-08-12 04:42:11,OQO5535,PC-0117,Logoff
logon,{00000001C246-3CA10A6A},2010-08-12 05:02:51,OQO5535,PC-0093,Logoff
logon,{00000001C240-2C52AD12},2010-08-12 05:21:24,OQO5535,PC-0141,Logoff
logon,{00000001BF50-07C3F7B4},2010-08-12 05:38:50,OQO5535,PC-0114,Logon
logon,{00000001C242-1C6FA5A8},2010-08-12 07:13:50,OQO5535,PC-0108,Logoff
logon,{00000001BF51-053BC7B6},2010-08-12 18:10:37,OQO5535,PC-0108,Logon
logon,{00000001BF52-3D319022},2010-08-12 20:11:59,OQO5535,PC-0085,Logon
logon,{00000001C243-19E7BD86},2010-08-12 20:33:37,OQO5535,PC-0010,Logoff
logon,{00000001C244-147855D1},2010-08-12 22:03:59,OQO5535,PC-0062,Logoff
logon,{00000001BF4F-143CF7EC},2010-08-12 22:38:03,OQO5535,PC-0021,Logon
logon,{00000001C241-29C74DDA},2010-08-13 00:06:03,OQO5535,PC-0096,Logoff
device,{00000001EFC8-3B8FC105},2010-07-26 16:11:46,OQO5535,PC-0090,Connect
device,{00000001F152-24FBE523},2010-07-26 17:03:46,OQO5535,PC-0090,Disconnect
device,{00000001EFCA-10C5C174},2010-07-28 11:26:53,OQO5535,PC-0090,Connect
device,{00000001F154-3019241E},2010-07-28 12:42:53,OQO5535,PC-0090,Disconnect
device,{00000001EFC9-3FADA518},2010-07-28 13:40:43,OQO5535,PC-0090,Connect
device,{00000001F153-322AF1B7},2010-07-28 14:38:43,OQO5535,PC-0090,Disconnect
device,{00000001EFCB-0C577F5D},2010-07-29 10:43:48,OQO5535,PC-0090,Connect
device,{00000001F155-0E63E7A3},2010-07-29 11:25:48,OQO5535,PC-0090,Disconnect
device,{00000001EFCC-3054DF97},2010-08-02 13:54:18,OQO5535,PC-0090,Connect
device,{00000001F156-321E77D3},2010-08-02 14:42:18,OQO5535,PC-0090,Disconnect
device,{00000001EFCD-074E2553},2010-08-05 07:47:02,OQO5535,PC-0090,Connect
device,{00000001F157-347ABE95},2010-08-05 07:54:02,OQO5535,PC-0090,Disconnect
device,{00000001EFCE-2A2B245D},2010-08-10 11:19:23,OQO5535,PC-0090,Connect
device,{00000001F158-27DC2178},2010-08-10 11:22:23,OQO5535,PC-0090,Disconnect
device,{00000001EFCF-3D8EEF22},2010-08-10 11:43:13,OQO5535,PC-0090,Connect
device,{00000001F159-3F7035B7},2010-08-10 12:26:13,OQO5535,PC-0090,Disconnect
device,{00000001EFD0-1810F102},2010-08-11 09:17:39,OQO5535,PC-0090,Connect
device,{00000001F15A-389CA60E},2010-08-11 10:19:39,OQO5535,PC-0090,Disconnect
file,{00000002CC33-0CCEC46C},2010-07-21 09:11:54,OQO5535,PC-0090,E5D2E4.doc,D0-CF-11-E0
file,{00000002CC34-08B52E4F},2010-07-21 17:00:09,OQO5535,PC-0090,53FCD5.pdf,D0-CF-11-E0
file,{00000002CC35-045E4C1A},2010-07-21 17:14:03,OQO5535,PC-0090,E76631.jpg,D0-CF-11-E0
file,{00000002CC36-28C89A46},2010-07-22 11:08:24,OQO5535,PC-0090,602266.doc,D0-CF-11-E0
file,{00000002CC37-146F36E0},2010-07-22 13:56:30,OQO5535,PC-0090,DED153.pdf,D0-CF-11-E0
file,{00000002CC39-203C9DA0},2010-07-22 16:58:39,OQO5535,PC-0090,1309F8.doc,D0-CF-11-E0
file,{00000002CC38-23C24475},2010-07-22 17:31:04,OQO5535,PC-0090,3AFB3D.pdf,D0-CF-11-E0
file,{00000002CC3C-051D568B},2010-07-23 09:46:01,OQO5535,PC-0090,26ED12.png,D0-CF-11-E0
file,{00000002CC3B-03299D2C},2010-07-23 10:00:15,OQO5535,PC-0090,46D71E.txt,D0-CF-11-E0
file,{00000002CC3D-1864C92F},2010-07-23 11:46:44,OQO5535,PC-0090,B2BF31.zip,D0-CF-11-E0
file,{00000002CC3A-0B91346D},2010-07-23 15:13:51,OQO5535,PC-0090,0F5361.zip,D0-CF-11-E0
file,{00000002CC3E-0FCE585D},2010-07-23 16:06:03,OQO5535,PC-0090,AFAA6F.doc,D0-CF-11-E0
file,{00000002CC3F-0773F2BA},2010-07-26 15:49:43,OQO5535,PC-0090,807743.doc,D0-CF-11-E0
file,{00000002CC40-018419EB},2010-07-26 16:39:21,OQO5535,PC-0090,0676FC.pdf,D0-CF-11-E0
file,{00000002CC43-240BD7DE},2010-07-27 13:50:33,OQO5535,PC-0090,43CCB2.zip,D0-CF-11-E0
file,{00000002CC41-1BFFB6D8},2010-07-27 15:37:57,OQO5535,PC-0090,44AA7F.doc,D0-CF-11-E0
file,{00000002CC42-0C4AAF9A},2010-07-27 15:49:03,OQO5535,PC-0090,43ACD9.doc,D0-CF-11-E0
file,{00000002CC44-28B262B6},2010-07-28 13:55:35,OQO5535,PC-0090,28AAFC.zip,D0-CF-11-E0
file,{00000002CC45-37B3F9F1},2010-07-28 16:03:15,OQO5535,PC-0090,23AC6F.pdf,D0-CF-11-E0
file,{00000002CC48-2633CFCB},2010-07-29 09:03:10,OQO5535,PC-0090,DC7E53.doc,D0-CF-11-E0
file,{00000002CC47-17E0D4B1},2010-07-29 13:49:23,OQO5535,PC-0090,864300.doc,D0-CF-11-E0
file,{00000002CC49-2D5B56DF},2010-07-29 13:49:56,OQO5535,PC-0090,7234DD.pdf,D0-CF-11-E0
file,{00000002CC46-322A5E88},2010-07-29 13:55:45,OQO5535,PC-0090,1F5DAC.txt,D0-CF-11-E0
file,{00000002CC4F-063270BC},2010-08-02 07:27:45,OQO5535,PC-0090,BFED08.doc,D0-CF-11-E0
file,{00000002CC4C-197EE00E},2010-08-02 09:13:18,OQO5535,PC-0090,5B11F5.zip,D0-CF-11-E0
file,{00000002CC4D-0DD9DA8B},2010-08-02 09:30:30,OQO5535,PC-0090,8966B4.png,D0-CF-11-E0
file,{00000002CC4A-35DB83C0},2010-08-02 12:24:17,OQO5535,PC-0090,A5DFDF.jpg,D0-CF-11-E0
file,{00000002CC4B-18451BED},2010-08-02 15:36:09,OQO5535,PC-0090,507C5C.pdf,D0-CF-11-E0
file,{00000002CC4E-2CFC02A5},2010-08-02 16:48:58,OQO5535,PC-0090,3CAD0A.pdf,D0-CF-11-E0
file,{00000002CC51-0F240D74},2010-08-03 08:28:24,OQO5535,PC-0090,55C339.doc,D0-CF-11-E0
file,{00000002CC50-091A647F},2010-08-03 14:18:20,OQO5535,PC-0090,2B2B7E.doc,D0-CF-11-E0
file,{00000002CC56-040D296D},2010-08-04 07:52:27,OQO5535,PC-0090,F1D50F.doc,D0-CF-11-E0
file,{00000002CC53-21917CB2},2010-08-04 08:06:36,OQO5535,PC-0090,C45731.doc,D0-CF-11-E0
file,{00000002CC55-296000F6},2010-08-04 11:35:45,OQO5535,PC-0090,AB588F.doc,D0-CF-11-E0
file,{00000002CC54-035683AD},2010-08-04 14:01:21,OQO5535,PC-0090,C4AAFA.pdf,D0-CF-11-E0
file,{00000002CC52-1D001249},2010-08-04 15:56:05,OQO5535,PC-0090,014FF8.zip,D0-CF-11-E0
file,{00000002CC57-154DF40F},2010-08-05 11:45:22,OQO5535,PC-0090,9A41CB.zip,D0-CF-11-E0
file,{00000002CC5A-18BC9AE8},2010-08-06 07:03:12,OQO5535,PC-0090,910F00.pdf,D0-CF-11-E0
file,{00000002CC59-32A81981},2010-08-06 09:38:25,OQO5535,PC-0090,6EF56C.doc,D0-CF-11-E0
file,{00000002CC5B-0F3450B9},2010-08-06 12:56:00,OQO5535,PC-0090,C774B9.pdf,D0-CF-11-E0
file,{00000002CC58-11D42471},2010-08-06 13:43:44,OQO5535,PC-0090,086967.png,D0-CF-11-E0
file,{00000002CC5D-1D4994DA},2010-08-09 09:37:01,OQO5535,PC-0090,B368E7.txt,D0-CF-11-E0
file,{00000002CC5C-259604E0},2010-08-09 10:46:49,OQO5535,PC-0090,3DD19C.pdf,D0-CF-11-E0
file,{00000002CC5F-36576BA6},2010-08-09 11:29:26,OQO5535,PC-0090,14A372.zip,D0-CF-11-E0
file,{00000002CC5E-271DAC04},2010-08-09 12:36:07,OQO5535,PC-0090,E173E0.doc,D0-CF-11-E0
file,{00000002CC60-386CCEF9},2010-08-09 15:42:03,OQO5535,PC-0090,2151F0.pdf,D0-CF-11-E0
file,{00000002CC61-34263ECC},2010-08-10 13:25:41,OQO5535,PC-0090,3E512B.pdf,D0-CF-11-E0
file,{00000002CC62-10C16839},2010-08-11 12:24:17,OQO5535,PC-0090,F2B416.pdf,D0-CF-11-E0
file,{00000002CC63-15979361},2010-08-12 09:12:20,OQO5535,PC-0090,15E03B.zip,D0-CF-11-E0
file,{00000002CC64-10ECA962},2010-08-12 10:34:04,OQO5535,PC-0090,F644BD.pdf,D0-CF-11-E0
email,{000000061AB3-15B62D4C},2010-07-22 08:04:24,OQO5535,PC-0090,6CB78@gmail.com,,,oqo5535@dtaa.com,2092702,7,meeting notes attached
email,{000000061AB1-33C5AD24},2010-07-22 09:10:24,OQO5535,PC-0090,D38C9@outlook.com,,,oqo5535@dtaa.com,1954773,5,meeting notes attached
email,{000000061AB2-33536EF6},2010-07-22 13:10:35,OQO5535,PC-0090,C2B8B@outlook.com,,,oqo5535@dtaa.com,1333020,6,meeting notes attached
email,{000000061AB5-0D15AFF8},2010-07-23 11:10:56,OQO5535,PC-0090,CDC0A@hotmail.com,,,oqo5535@dtaa.com,217316,2,meeting notes attached
email,{000000061AB4-09D60471},2010-07-23 15:40:51,OQO5535,PC-0090,61373@aol.com,,,oqo5535@dtaa.com,871922,3,meeting notes attached
email,{000000061AB6-3DB57025},2010-07-26 13:04:38,OQO5535,PC-0090,11F68@gmail.com,,,oqo5535@dtaa.com,1722903,7,meeting notes attached
email,{000000061AB7-3EAF65E0},2010-07-26 15:56:09,OQO5535,PC-0090,72DDA@aol.com,,,oqo5535@dtaa.com,768888,7,meeting notes attached
email,{000000061ABA-3922C836},2010-07-27 11:08:49,OQO5535,PC-0090,E6B64@yahoo.com,,,oqo5535@dtaa.com,1145826,4,meeting notes attached
email,{000000061AB8-10E2D9DA},2010-07-27 13:18:43,OQO5535,PC-0090,E14FE@outlook.com,,,oqo5535@dtaa.com,1923134,5,meeting notes attached
email,{000000061ABB-01B28A33},2010-07-27 14:49:26,OQO5535,PC-0090,C4590@outlook.com,,,oqo5535@dtaa.com,97913,1,meeting notes attached
email,{000000061AB9-30363FD4},2010-07-27 16:35:52,OQO5535,PC-0090,96DDC@aol.com,,,oqo5535@dtaa.com,1208506,3,meeting notes attached
email,{000000061ABC-114BCB54},2010-07-28 07:55:03,OQO5535,PC-0090,mgi5307@dtaa.com,,,oqo5535@dtaa.com,465504,2,meeting notes attached
email,{000000061ABD-18F63093},2010-07-28 13:57:47,OQO5535,PC-0090,BA547@yahoo.com,,,oqo5535@dtaa.com,745999,5,meeting notes attached
email,{000000061ABE-3B2B99AC},2010-07-29 16:23:53,OQO5535,PC-0090,C868E@gmail.com,,,oqo5535@dtaa.com,331363,5,meeting notes attached
email,{000000061AC1-3C2637A7},2010-08-02 07:24:16,OQO5535,PC-0090,7FEC8@aol.com,,,oqo5535@dtaa.com,554830,4,meeting notes attached
email,{000000061ABF-2C66C485},2010-08-02 08:28:15,OQO5535,PC-0090,407FA@gmail.com,,,oqo5535@dtaa.com,1517875,7,meeting notes attached
email,{000000061AC0-3D1B8E68},2010-08-02 17:30:50,OQO5535,PC-0090,BC8A3@yahoo.com,,,oqo5535@dtaa.com,1025184,4,meeting notes attached
email,{000000061AC4-2C745C5B},2010-08-03 08:07:39,OQO5535,PC-0090,4CA65@aol.com,,,oqo5535@dtaa.com,1567982,4,meeting notes attached
email,{000000061AC2-17C4D6DF},2010-08-03 11:47:49,OQO5535,PC-0090,61C91@yahoo.com,,,oqo5535@dtaa.com,1165222,6,meeting notes attached
email,{000000061AC3-0F13B2BE},2010-08-03 17:15:34,OQO5535,PC-0090,D21C9@aol.com,,,oqo5535@dtaa.com,2118766,6,meeting notes attached
email,{000000061AC5-37F7AE2B},2010-08-04 10:47:20,OQO5535,PC-0090,465D4@hotmail.com,,,oqo5535@dtaa.com,1722622,6,meeting notes attached
email,{000000061AC6-170CA00E},2010-08-04 14:14:34,OQO5535,PC-0090,3ACDB@aol.com,,,oqo5535@dtaa.com,708010,2,meeting notes attached
email,{000000061AC9-316D635C},2010-08-09 07:33:46,OQO5535,PC-0090,15D60@yahoo.com,,,oqo5535@dtaa.com,418584,4,meeting notes attached
email,{000000061ACA-2089BEA0},2010-08-09 13:03:28,OQO5535,PC-0090,FA049@outlook.com,,,oqo5535@dtaa.com,144679,1,meeting notes attached
email,{000000061AC7-0BB5446C},2010-08-09 15:27:57,OQO5535,PC-0090,422D0@aol.com,,,oqo5535@dtaa.com,168800,1,meeting notes attached
email,{000000061AC8-10185763},2010-08-09 15:34:19,OQO5535,PC-0090,98B41@hotmail.com,,,oqo5535@dtaa.com,1415288,7,meeting notes attached
email,{000000061ACB-269E623B},2010-08-10 07:53:15,OQO5535,PC-0090,D2EF2@yahoo.com,,,oqo5535@dtaa.com,1062610,7,meeting notes attached
email,{000000061ACD-2ADB4882},2010-08-11 08:11:18,OQO5535,PC-0090,BF4D2@gmail.com,,,oqo5535@dtaa.com,1132194,3,meeting notes attached
email,{000000061ACC-1F908193},2010-08-11 10:31:05,OQO5535,PC-0090,51BE2@yahoo.com,,,oqo5535@dtaa.com,872891,3,meeting notes attached
email,{000000061ACE-3190365D},2010-08-11 17:04:56,OQO5535,PC-0090,28607@outlook.com,,,oqo5535@dtaa.com,540392,6,meeting notes attached
email,{000000061ACF-01369E53},2010-08-12 13:34:52,OQO5535,PC-0090,53866@yahoo.com,,,oqo5535@dtaa.com,719836,7,meeting notes attached
http,{000000248B56-2F9D128E},2010-07-21 09:07:18,OQO5535,PC-0090,http://www.drive.google.com/12FB88,page text
http,{000000248B58-1B8494BB},2010-07-21 11:28:38,OQO5535,PC-0090,http://www.linkedin.com/117613,page text
http,{000000248B57-20823E4B},2010-07-21 14:43:35,OQO5535,PC-0090,http://www.drive.google.com/1AB4E2,page text
http,{000000248B5B-111D44E3},2010-07-22 11:05:07,OQO5535,PC-0090,http://www.drive.google.com/003D89,page text
http,{000000248B59-35BC9639},2010-07-22 13:44:05,OQO5535,PC-0090,http://www.drive.google.com/2124E1,page text
http,{000000248B5D-3B308F0B},2010-07-22 16:52:16,OQO5535,PC-0090,http://www.drive.google.com/00D771,page text
http,{000000248B5C-15DA0804},2010-07-22 17:25:43,OQO5535,PC-0090,http://www.dropbox.com/105311,page text
http,{000000248B5A-2719B27A},2010-07-22 17:58:56,OQO5535,PC-0090,http://www.drive.google.com/021467,page text
http,{000000248B61-011391C4},2010-07-23 13:36:01,OQO5535,PC-0090,http://www.amazon.com/2DF909,page text
http,{000000248B60-212AA03D},2010-07-23 14:43:36,OQO5535,PC-0090,http://www.amazon.com/133782,page text
http,{000000248B5E-3A48A31B},2010-07-23 14:53:57,OQO5535,PC-0090,http://www.drive.google.com/1F1472,page text
http,{000000248B5F-36204098},2010-07-23 17:29:59,OQO5535,PC-0090,http://www.dropbox.com/3B9779,page text
http,{000000248B64-0826C0DE},2010-07-26 08:08:30,OQO5535,PC-0090,http://www.drive.google.com/00529B,page text
http,{000000248B63-36ED8F58},2010-07-26 11:25:23,OQO5535,PC-0090,http://www.monster.com/064FDF,page text
http,{000000248B62-35F492CF},2010-07-26 11:59:39,OQO5535,PC-0090,http://www.drive.google.com/2B33A5,page text
http,{000000248B66-09718F64},2010-07-27 10:27:52,OQO5535,PC-0090,http://www.cnn.com/1376BB,page text
http,{000000248B68-38C80672},2010-07-27 11:44:31,OQO5535,PC-0090,http://www.monster.com/3430B9,page text
http,{000000248B67-211DDE98},2010-07-27 15:32:11,OQO5535,PC-0090,http://www.nytimes.com/16711B,page text
http,{000000248B69-36B2D75C},2010-07-27 16:13:26,OQO5535,PC-0090,http://www.monster.com/2DF98F,page text
http,{000000248B65-183F68C2},2010-07-27 16:20:00,OQO5535,PC-0090,http://www.linkedin.com/15CB8F,page text
http,{000000248B6E-2A73DE81},2010-07-28 09:38:34,OQO5535,PC-0090,http://www.drive.google.com/20BBDC,page text
http,{000000248B6A-0F0202FA},2010-07-28 09:41:25,OQO5535,PC-0090,http://www.dropbox.com/2EAD90,page text
http,{000000248B6C-15556804},2010-07-28 09:44:22,OQO5535,PC-0090,http://www.linkedin.com/15B592,page text
http,{000000248B6F-2F4AF8F4},2010-07-28 10:56:48,OQO5535,PC-0090,http://www.dropbox.com/222DDC,page text
http,{000000248B6B-20699D56},2010-07-28 14:32:20,OQO5535,PC-0090,http://www.linkedin.com/3D5E82,page text
http,{000000248B6D-0235997A},2010-07-28 16:03:57,OQO5535,PC-0090,http://www.linkedin.com/3F335D,page text
http,{000000248B70-2EC3399C},2010-07-28 17:02:05,OQO5535,PC-0090,http://www.monster.com/21A3F4,page text
http,{000000248B72-2AA953EF},2010-07-29 10:33:19,OQO5535,PC-0090,http://www.amazon.com/0AF096,page text
http,{000000248B71-1D74CA9E},2010-07-29 12:50:30,OQO5535,PC-0090,http://www.linkedin.com/3D9877,page text
http,{000000248B73-13698BAB},2010-07-29 13:35:22,OQO5535,PC-0090,http://www.github.com/399B9B,page text
http,{000000248B74-193B3F55},2010-07-30 07:57:52,OQO5535,PC-0090,http://www.monster.com/088805,page text
http,{000000248B76-14757486},2010-07-30 14:13:31,OQO5535,PC-0090,http://www.dropbox.com/03E8EA,page text
http,{000000248B75-0A71E386},2010-07-30 14:26:04,OQO5535,PC-0090,http://www.monster.com/2BBC39,page text
http,{000000248B77-0D411DE7},2010-08-02 08:00:51,OQO5535,PC-0090,http://www.drive.google.com/0C53D8,page text
http,{000000248B7B-3F3B5EB4},2010-08-02 09:39:57,OQO5535,PC-0090,http://www.monster.com/38E94F,page text
http,{000000248B7D-2B155289},2010-08-02 10:18:19,OQO5535,PC-0090,http://www.stackoverflow.com/181109,page text
http,{000000248B79-2BB061C7},2010-08-02 12:03:19,OQO5535,PC-0090,http://www.espn.com/0A38BB,page text
http,{000000248B80-019C4A91},2010-08-02 12:18:44,OQO5535,PC-0090,http://www.dropbox.com/15F8E4,page text
http,{000000248B78-22101ECE},2010-08-02 12:40:30,OQO5535,PC-0090,http://www.dropbox.com/0EE8A1,page text
http,{000000248B7C-3A373EC9},2010-08-02 13:40:29,OQO5535,PC-0090,http://www.monster.com/17FACD,page text
http,{000000248B7F-3E7BE05F},2010-08-02 15:49:45,OQO5535,PC-0090,http://www.linkedin.com/13D168,page text
http,{000000248B7E-0F8A0201},2010-08-02 16:12:36,OQO5535,PC-0090,http://www.drive.google.com/3391C7,page text
http,{000000248B7A-2B5EEE42},2010-08-02 16:56:10,OQO5535,PC-0090,http://www.reddit.com/1D41CE,page text
http,{000000248B83-0A24095B},2010-08-03 12:50:30,OQO5535,PC-0090,http://www.linkedin.com/3F7533,page text
http,{000000248B84-341C0460},2010-08-03 13:56:51,OQO5535,PC-0090,http://www.monster.com/3E217D,page text
http,{000000248B81-213CD136},2010-08-03 14:03:30,OQO5535,PC-0090,http://www.drive.google.com/3CABB6,page text
http,{000000248B82-1EF32FA9},2010-08-03 14:55:55,OQO5535,PC-0090,http://www.drive.google.com/3B7EAA,page text
http,{000000248B86-29EDA63D},2010-08-04 07:17:47,OQO5535,PC-0090,http://www.drive.google.com/339010,page text
http,{000000248B85-2C69E8E3},2010-08-04 09:40:11,OQO5535,PC-0090,http://www.linkedin.com/276BBB,page text
http,{000000248B88-3ECA8601},2010-08-04 14:04:53,OQO5535,PC-0090,http://www.monster.com/248A8B,page text
http,{000000248B87-3937F93C},2010-08-04 17:42:52,OQO5535,PC-0090,http://www.monster.com/2730E6,page text
http,{000000248B89-3C4FC92C},2010-08-05 15:29:32,OQO5535,PC-0090,http://www.yahoo.com/00E6CE,page text
http,{000000248B8A-3868733A},2010-08-05 17:45:45,OQO5535,PC-0090,http://www.dropbox.com/284D69,page text
http,{000000248B8B-1A1484A4},2010-08-06 17:39:18,OQO5535,PC-0090,http://www.github.com/3B5366,page text
http,{000000248B8E-148460BC},2010-08-09 07:34:16,OQO5535,PC-0090,http://www.espn.com/374096,page text
http,{000000248B91-33FC6CEC},2010-08-09 08:55:32,OQO5535,PC-0090,http://www.linkedin.com/061806,page text
http,{000000248B8C-24C058FF},2010-08-09 13:13:27,OQO5535,PC-0090,http://www.monster.com/05CA8C,page text
http,{000000248B8F-37A9D89F},2010-08-09 13:27:01,OQO5535,PC-0090,http://www.drive.google.com/11D316,page text
http,{000000248B8D-31CDEFE9},2010-08-09 14:54:14,OQO5535,PC-0090,http://www.drive.google.com/1FFB7C,page text
http,{000000248B90-1B8CFC38},2010-08-09 15:55:39,OQO5535,PC-0090,http://www.drive.google.com/228AF6,page text
http,{000000248B94-09D96A7C},2010-08-10 08:31:28,OQO5535,PC-0090,http://www.dropbox.com/2F0EE6,page text
http,{000000248B93-2FB58948},2010-08-10 09:59:59,OQO5535,PC-0090,http://www.drive.google.com/35FEFC,page text
http,{000000248B92-077659ED},2010-08-10 11:59:39,OQO5535,PC-0090,http://www.drive.google.com/0BD4F4,page text
http,{000000248B95-00E01793},2010-08-11 09:26:59,OQO5535,PC-0090,http://www.dropbox.com/360CD2,page text
http,{000000248B97-2590C9E8},2010-08-11 11:18:58,OQO5535,PC-0090,http://www.stackoverflow.com/1DB955,page text
http,{000000248B99-0F0576DF},2010-08-11 12:07:11,OQO5535,PC-0090,http://www.linkedin.com/0C5E8F,page text
http,{000000248B98-2F1B90FF},2010-08-11 13:31:35,OQO5535,PC-0090,http://www.weather.com/0BCACA,page text
http,{000000248B9A-01ED496D},2010-08-11 13:59:24,OQO5535,PC-0090,http://www.github.com/03D3BF,page text
http,{000000248B96-34B8ADAD},2010-08-11 17:45:26,OQO5535,PC-0090,http://www.monster.com/296C71,page text
http,{000000248B9C-02EBA557},2010-08-12 10:44:22,OQO5535,PC-0090,http://www.monster.com/33FBE8,page text
http,{000000248BA0-0AD053C9},2010-08-12 11:41:13,OQO5535,PC-0090,http://www.monster.com/19265B,page text
http,{000000248BA1-25A061C5},2010-08-12 12:35:51,OQO5535,PC-0090,http://www.monster.com/15E0C6,page text
http,{000000248B9E-1F6687E8},2010-08-12 14:33:30,OQO5535,PC-0090,http://www.nytimes.com/06BE8E,page text
http,{000000248B9F-19623D03},2010-08-12 15:19:50,OQO5535,PC-0090,http://www.dropbox.com/0AFF1B,page text
http,{000000248B9D-27BF6DCD},2010-08-12 16:39:35,OQO5535,PC-0090,http://www.linkedin.com/3531AF,page text
http,{000000248B9B-1B4BE012},2010-08-12 17:19:35,OQO5535,PC-0090,http://www.drive.google.com/207E3C,page text
